$date
	Wed Jul  1 21:09:44 2026
$end
$version
	Icarus Verilog
$end
$timescale
	1ps
$end
$scope module tb_shift_add_multiplier $end
$var wire 16 ! product [15:0] $end
$var wire 1 " done $end
$var wire 1 # busy $end
$var parameter 32 $ WIDTH $end
$var reg 1 % clk $end
$var reg 8 & multiplicand [7:0] $end
$var reg 8 ' multiplier [7:0] $end
$var reg 1 ( rst_n $end
$var reg 1 ) start $end
$var integer 32 * checks [31:0] $end
$var integer 32 + errors [31:0] $end
$scope module dut $end
$var wire 1 % clk $end
$var wire 8 , multiplicand [7:0] $end
$var wire 8 - multiplier [7:0] $end
$var wire 16 . product [15:0] $end
$var wire 1 ( rst_n $end
$var wire 1 ) start $end
$var wire 9 / upper_sum [8:0] $end
$var wire 1 # busy $end
$var wire 16 0 acc_next [15:0] $end
$var parameter 32 1 W2 $end
$var parameter 32 2 WIDTH $end
$var reg 16 3 acc [15:0] $end
$var reg 3 4 cnt [2:0] $end
$var reg 1 " done $end
$var reg 8 5 mcand_r [7:0] $end
$var reg 2 6 state [1:0] $end
$upscope $end
$scope begin $ivl_for_loop0 $end
$var integer 32 7 i [31:0] $end
$upscope $end
$scope task do_multiply $end
$upscope $end
$upscope $end
$enddefinitions $end
$comment Show the parameter values. $end
$dumpall
b1000 2
b10000 1
b1000 $
$end
#0
$dumpvars
b0 7
b0 6
b0 5
b0 4
b0 3
b0 0
b0 /
b0 .
b0 -
b0 ,
b0 +
b0 *
0)
0(
b0 '
b0 &
0%
0#
0"
b0 !
$end
#5000
1%
#10000
0%
#15000
1%
#20000
0%
#25000
1(
1%
#30000
1)
0%
#35000
1#
b1 6
1%
#40000
0)
0%
#45000
b1 4
1%
#50000
0%
#55000
b10 4
1%
#60000
0%
#65000
b11 4
1%
#70000
0%
#75000
b100 4
1%
#80000
0%
#85000
b101 4
1%
#90000
0%
#95000
b110 4
1%
#100000
0%
#105000
b111 4
1%
#110000
0%
#115000
b10 6
1%
#120000
0%
#125000
0#
b0 6
1"
1%
#130000
b1 *
0%
#135000
0"
1%
#140000
0%
#145000
1%
#150000
1)
b11111111 '
b11111111 -
0%
#155000
b1111111 0
1#
b1 6
b0 4
b11111111 !
b11111111 .
b11111111 3
1%
#160000
0)
0%
#165000
b111111 0
b1 4
b1111111 !
b1111111 .
b1111111 3
1%
#170000
0%
#175000
b11111 0
b10 4
b111111 !
b111111 .
b111111 3
1%
#180000
0%
#185000
b1111 0
b11 4
b11111 !
b11111 .
b11111 3
1%
#190000
0%
#195000
b111 0
b100 4
b1111 !
b1111 .
b1111 3
1%
#200000
0%
#205000
b11 0
b101 4
b111 !
b111 .
b111 3
1%
#210000
0%
#215000
b1 0
b110 4
b11 !
b11 .
b11 3
1%
#220000
0%
#225000
b0 0
b111 4
b1 !
b1 .
b1 3
1%
#230000
0%
#235000
b10 6
b0 !
b0 .
b0 3
1%
#240000
0%
#245000
0#
b0 6
1"
1%
#250000
b10 *
0%
#255000
0"
1%
#260000
0%
#265000
1%
#270000
1)
b0 '
b0 -
b11111111 &
b11111111 ,
0%
#275000
1#
b1 6
b0 4
b11111111 5
1%
#280000
0)
0%
#285000
b1 4
1%
#290000
0%
#295000
b10 4
1%
#300000
0%
#305000
b11 4
1%
#310000
0%
#315000
b100 4
1%
#320000
0%
#325000
b101 4
1%
#330000
0%
#335000
b110 4
1%
#340000
0%
#345000
b111 4
1%
#350000
0%
#355000
b10 6
1%
#360000
0%
#365000
0#
b0 6
1"
1%
#370000
b11 *
0%
#375000
0"
1%
#380000
0%
#385000
1%
#390000
1)
b11111111 '
b11111111 -
0%
#395000
b11111111 /
b111111111111111 0
1#
b1 6
b0 4
b11111111 !
b11111111 .
b11111111 3
1%
#400000
0)
0%
#405000
b1011111101111111 0
b101111110 /
b1 4
b111111111111111 !
b111111111111111 .
b111111111111111 3
1%
#410000
0%
#415000
b110111110 /
b1101111100111111 0
b10 4
b1011111101111111 !
b1011111101111111 .
b1011111101111111 3
1%
#420000
0%
#425000
b111011110 /
b1110111100011111 0
b11 4
b1101111100111111 !
b1101111100111111 .
b1101111100111111 3
1%
#430000
0%
#435000
b111101110 /
b1111011100001111 0
b100 4
b1110111100011111 !
b1110111100011111 .
b1110111100011111 3
1%
#440000
0%
#445000
b111110110 /
b1111101100000111 0
b101 4
b1111011100001111 !
b1111011100001111 .
b1111011100001111 3
1%
#450000
0%
#455000
b111111010 /
b1111110100000011 0
b110 4
b1111101100000111 !
b1111101100000111 .
b1111101100000111 3
1%
#460000
0%
#465000
b111111100 /
b1111111000000001 0
b111 4
b1111110100000011 !
b1111110100000011 .
b1111110100000011 3
1%
#470000
0%
#475000
b111111101 /
b1111111010000000 0
b10 6
b1111111000000001 !
b1111111000000001 .
b1111111000000001 3
1%
#480000
0%
#485000
0#
b0 6
1"
1%
#490000
b100 *
0%
#495000
0"
1%
#500000
0%
#505000
1%
#510000
1)
b1 '
b1 -
b1 &
b1 ,
0%
#515000
b10000000 0
b1 /
1#
b1 6
b0 4
b1 5
b1 !
b1 .
b1 3
1%
#520000
0)
0%
#525000
b0 /
b1000000 0
b1 4
b10000000 !
b10000000 .
b10000000 3
1%
#530000
0%
#535000
b100000 0
b10 4
b1000000 !
b1000000 .
b1000000 3
1%
#540000
0%
#545000
b10000 0
b11 4
b100000 !
b100000 .
b100000 3
1%
#550000
0%
#555000
b1000 0
b100 4
b10000 !
b10000 .
b10000 3
1%
#560000
0%
#565000
b100 0
b101 4
b1000 !
b1000 .
b1000 3
1%
#570000
0%
#575000
b10 0
b110 4
b100 !
b100 .
b100 3
1%
#580000
0%
#585000
b1 0
b111 4
b10 !
b10 .
b10 3
1%
#590000
0%
#595000
b1 /
b10000000 0
b10 6
b1 !
b1 .
b1 3
1%
#600000
0%
#605000
0#
b0 6
1"
1%
#610000
b101 *
0%
#615000
0"
1%
#620000
0%
#625000
1%
#630000
1)
b10000 '
b10000 -
b10000 &
b10000 ,
0%
#635000
b0 /
b1000 0
1#
b1 6
b0 4
b10000 5
b10000 !
b10000 .
b10000 3
1%
#640000
0)
0%
#645000
b100 0
b1 4
b1000 !
b1000 .
b1000 3
1%
#650000
0%
#655000
b10 0
b10 4
b100 !
b100 .
b100 3
1%
#660000
0%
#665000
b1 0
b11 4
b10 !
b10 .
b10 3
1%
#670000
0%
#675000
b10000 /
b100000000000 0
b100 4
b1 !
b1 .
b1 3
1%
#680000
0%
#685000
b10000000000 0
b1000 /
b101 4
b100000000000 !
b100000000000 .
b100000000000 3
1%
#690000
0%
#695000
b1000000000 0
b100 /
b110 4
b10000000000 !
b10000000000 .
b10000000000 3
1%
#700000
0%
#705000
b100000000 0
b10 /
b111 4
b1000000000 !
b1000000000 .
b1000000000 3
1%
#710000
0%
#715000
b10000000 0
b1 /
b10 6
b100000000 !
b100000000 .
b100000000 3
1%
#720000
0%
#725000
0#
b0 6
1"
1%
#730000
b110 *
0%
#735000
0"
1%
#740000
0%
#745000
1%
#750000
1)
b1010101 '
b1010101 -
b10101010 &
b10101010 ,
0%
#755000
b10101010 /
b101010100101010 0
1#
b1 6
b0 4
b10101010 5
b1010101 !
b1010101 .
b1010101 3
1%
#760000
0)
0%
#765000
b1010101 /
b10101010010101 0
b1 4
b101010100101010 !
b101010100101010 .
b101010100101010 3
1%
#770000
0%
#775000
b11010100 /
b110101001001010 0
b10 4
b10101010010101 !
b10101010010101 .
b10101010010101 3
1%
#780000
0%
#785000
b1101010 /
b11010100100101 0
b11 4
b110101001001010 !
b110101001001010 .
b110101001001010 3
1%
#790000
0%
#795000
b11011111 /
b110111110010010 0
b100 4
b11010100100101 !
b11010100100101 .
b11010100100101 3
1%
#800000
0%
#805000
b1101111 /
b11011111001001 0
b101 4
b110111110010010 !
b110111110010010 .
b110111110010010 3
1%
#810000
0%
#815000
b11100001 /
b111000011100100 0
b110 4
b11011111001001 !
b11011111001001 .
b11011111001001 3
1%
#820000
0%
#825000
b1110000 /
b11100001110010 0
b111 4
b111000011100100 !
b111000011100100 .
b111000011100100 3
1%
#830000
0%
#835000
b111000 /
b1110000111001 0
b10 6
b11100001110010 !
b11100001110010 .
b11100001110010 3
1%
#840000
0%
#845000
0#
b0 6
1"
1%
#850000
b111 *
0%
#855000
0"
1%
#860000
0%
#865000
1%
#870000
1)
b1000000 '
b1000000 -
b10010010 &
b10010010 ,
0%
#875000
b0 /
b100000 0
1#
b1 6
b0 4
b10010010 5
b1000000 !
b1000000 .
b1000000 3
1%
#880000
0)
0%
#885000
b10000 0
b1 4
b100000 !
b100000 .
b100000 3
1%
#890000
0%
#895000
b1000 0
b10 4
b10000 !
b10000 .
b10000 3
1%
#900000
0%
#905000
b100 0
b11 4
b1000 !
b1000 .
b1000 3
1%
#910000
0%
#915000
b10 0
b100 4
b100 !
b100 .
b100 3
1%
#920000
0%
#925000
b1 0
b101 4
b10 !
b10 .
b10 3
1%
#930000
0%
#935000
b10010010 /
b100100100000000 0
b110 4
b1 !
b1 .
b1 3
1%
#940000
0%
#945000
b10010010000000 0
b1001001 /
b111 4
b100100100000000 !
b100100100000000 .
b100100100000000 3
1%
#950000
0%
#955000
b100100 /
b1001001000000 0
b10 6
b10010010000000 !
b10010010000000 .
b10010010000000 3
1%
#960000
0%
#965000
0#
b0 6
1"
1%
#970000
b1000 *
0%
#975000
0"
1%
#980000
b1 7
0%
#985000
1%
#990000
1)
b110001 '
b110001 -
b100 &
b100 ,
0%
#995000
b100 /
b1000011000 0
1#
b1 6
b0 4
b100 5
b110001 !
b110001 .
b110001 3
1%
#1000000
0)
0%
#1005000
b10 /
b100001100 0
b1 4
b1000011000 !
b1000011000 .
b1000011000 3
1%
#1010000
0%
#1015000
b1 /
b10000110 0
b10 4
b100001100 !
b100001100 .
b100001100 3
1%
#1020000
0%
#1025000
b0 /
b1000011 0
b11 4
b10000110 !
b10000110 .
b10000110 3
1%
#1030000
0%
#1035000
b100 /
b1000100001 0
b100 4
b1000011 !
b1000011 .
b1000011 3
1%
#1040000
0%
#1045000
b110 /
b1100010000 0
b101 4
b1000100001 !
b1000100001 .
b1000100001 3
1%
#1050000
0%
#1055000
b11 /
b110001000 0
b110 4
b1100010000 !
b1100010000 .
b1100010000 3
1%
#1060000
0%
#1065000
b1 /
b11000100 0
b111 4
b110001000 !
b110001000 .
b110001000 3
1%
#1070000
0%
#1075000
b0 /
b1100010 0
b10 6
b11000100 !
b11000100 .
b11000100 3
1%
#1080000
0%
#1085000
0#
b0 6
1"
1%
#1090000
b1001 *
0%
#1095000
0"
1%
#1100000
b10 7
0%
#1105000
1%
#1110000
1)
b11000110 '
b11000110 -
b10000110 &
b10000110 ,
0%
#1115000
b1100011 0
1#
b1 6
b0 4
b10000110 5
b11000110 !
b11000110 .
b11000110 3
1%
#1120000
0)
0%
#1125000
b10000110 /
b100001100110001 0
b1 4
b1100011 !
b1100011 .
b1100011 3
1%
#1130000
0%
#1135000
b11001001 /
b110010010011000 0
b10 4
b100001100110001 !
b100001100110001 .
b100001100110001 3
1%
#1140000
0%
#1145000
b1100100 /
b11001001001100 0
b11 4
b110010010011000 !
b110010010011000 .
b110010010011000 3
1%
#1150000
0%
#1155000
b110010 /
b1100100100110 0
b100 4
b11001001001100 !
b11001001001100 .
b11001001001100 3
1%
#1160000
0%
#1165000
b11001 /
b110010010011 0
b101 4
b1100100100110 !
b1100100100110 .
b1100100100110 3
1%
#1170000
0%
#1175000
b10010010 /
b100100101001001 0
b110 4
b110010010011 !
b110010010011 .
b110010010011 3
1%
#1180000
0%
#1185000
b11001111 /
b110011110100100 0
b111 4
b100100101001001 !
b100100101001001 .
b100100101001001 3
1%
#1190000
0%
#1195000
b1100111 /
b11001111010010 0
b10 6
b110011110100100 !
b110011110100100 .
b110011110100100 3
1%
#1200000
0%
#1205000
0#
b0 6
1"
1%
#1210000
b1010 *
0%
#1215000
0"
1%
#1220000
b11 7
0%
#1225000
1%
#1230000
1)
b1001 '
b1001 -
b110010 &
b110010 ,
0%
#1235000
b110010 /
b1100100000100 0
1#
b1 6
b0 4
b110010 5
b1001 !
b1001 .
b1001 3
1%
#1240000
0)
0%
#1245000
b11001 /
b110010000010 0
b1 4
b1100100000100 !
b1100100000100 .
b1100100000100 3
1%
#1250000
0%
#1255000
b1100 /
b11001000001 0
b10 4
b110010000010 !
b110010000010 .
b110010000010 3
1%
#1260000
0%
#1265000
b111000 /
b1110000100000 0
b11 4
b11001000001 !
b11001000001 .
b11001000001 3
1%
#1270000
0%
#1275000
b11100 /
b111000010000 0
b100 4
b1110000100000 !
b1110000100000 .
b1110000100000 3
1%
#1280000
0%
#1285000
b1110 /
b11100001000 0
b101 4
b111000010000 !
b111000010000 .
b111000010000 3
1%
#1290000
0%
#1295000
b111 /
b1110000100 0
b110 4
b11100001000 !
b11100001000 .
b11100001000 3
1%
#1300000
0%
#1305000
b11 /
b111000010 0
b111 4
b1110000100 !
b1110000100 .
b1110000100 3
1%
#1310000
0%
#1315000
b1 /
b11100001 0
b10 6
b111000010 !
b111000010 .
b111000010 3
1%
#1320000
0%
#1325000
0#
b0 6
1"
1%
#1330000
b1011 *
0%
#1335000
0"
1%
#1340000
b100 7
0%
#1345000
1%
#1350000
1)
b10000110 '
b10000110 -
b10000000 &
b10000000 ,
0%
#1355000
b0 /
b1000011 0
1#
b1 6
b0 4
b10000000 5
b10000110 !
b10000110 .
b10000110 3
1%
#1360000
0)
0%
#1365000
b10000000 /
b100000000100001 0
b1 4
b1000011 !
b1000011 .
b1000011 3
1%
#1370000
0%
#1375000
b11000000 /
b110000000010000 0
b10 4
b100000000100001 !
b100000000100001 .
b100000000100001 3
1%
#1380000
0%
#1385000
b1100000 /
b11000000001000 0
b11 4
b110000000010000 !
b110000000010000 .
b110000000010000 3
1%
#1390000
0%
#1395000
b110000 /
b1100000000100 0
b100 4
b11000000001000 !
b11000000001000 .
b11000000001000 3
1%
#1400000
0%
#1405000
b11000 /
b110000000010 0
b101 4
b1100000000100 !
b1100000000100 .
b1100000000100 3
1%
#1410000
0%
#1415000
b1100 /
b11000000001 0
b110 4
b110000000010 !
b110000000010 .
b110000000010 3
1%
#1420000
0%
#1425000
b10000110 /
b100001100000000 0
b111 4
b11000000001 !
b11000000001 .
b11000000001 3
1%
#1430000
0%
#1435000
b10000110000000 0
b1000011 /
b10 6
b100001100000000 !
b100001100000000 .
b100001100000000 3
1%
#1440000
0%
#1445000
0#
b0 6
1"
1%
#1450000
b1100 *
0%
#1455000
0"
1%
#1460000
b101 7
0%
#1465000
1%
#1470000
1)
b10011110 '
b10011110 -
b10111011 &
b10111011 ,
0%
#1475000
b0 /
b1001111 0
1#
b1 6
b0 4
b10111011 5
b10011110 !
b10011110 .
b10011110 3
1%
#1480000
0)
0%
#1485000
b10111011 /
b101110110100111 0
b1 4
b1001111 !
b1001111 .
b1001111 3
1%
#1490000
0%
#1495000
b100011000 /
b1000110001010011 0
b10 4
b101110110100111 !
b101110110100111 .
b101110110100111 3
1%
#1500000
0%
#1505000
b101000111 /
b1010001110101001 0
b11 4
b1000110001010011 !
b1000110001010011 .
b1000110001010011 3
1%
#1510000
0%
#1515000
b101011110 /
b1010111101010100 0
b100 4
b1010001110101001 !
b1010001110101001 .
b1010001110101001 3
1%
#1520000
0%
#1525000
b10101111 /
b101011110101010 0
b101 4
b1010111101010100 !
b1010111101010100 .
b1010111101010100 3
1%
#1530000
0%
#1535000
b1010111 /
b10101111010101 0
b110 4
b101011110101010 !
b101011110101010 .
b101011110101010 3
1%
#1540000
0%
#1545000
b11100110 /
b111001101101010 0
b111 4
b10101111010101 !
b10101111010101 .
b10101111010101 3
1%
#1550000
0%
#1555000
b1110011 /
b11100110110101 0
b10 6
b111001101101010 !
b111001101101010 .
b111001101101010 3
1%
#1560000
0%
#1565000
0#
b0 6
1"
1%
#1570000
b1101 *
0%
#1575000
0"
1%
#1580000
b110 7
0%
#1585000
1%
#1590000
1)
b11000110 '
b11000110 -
b11110110 &
b11110110 ,
0%
#1595000
b0 /
b1100011 0
1#
b1 6
b0 4
b11110110 5
b11000110 !
b11000110 .
b11000110 3
1%
#1600000
0)
0%
#1605000
b11110110 /
b111101100110001 0
b1 4
b1100011 !
b1100011 .
b1100011 3
1%
#1610000
0%
#1615000
b101110001 /
b1011100010011000 0
b10 4
b111101100110001 !
b111101100110001 .
b111101100110001 3
1%
#1620000
0%
#1625000
b10111000 /
b101110001001100 0
b11 4
b1011100010011000 !
b1011100010011000 .
b1011100010011000 3
1%
#1630000
0%
#1635000
b1011100 /
b10111000100110 0
b100 4
b101110001001100 !
b101110001001100 .
b101110001001100 3
1%
#1640000
0%
#1645000
b101110 /
b1011100010011 0
b101 4
b10111000100110 !
b10111000100110 .
b10111000100110 3
1%
#1650000
0%
#1655000
b100001101 /
b1000011010001001 0
b110 4
b1011100010011 !
b1011100010011 .
b1011100010011 3
1%
#1660000
0%
#1665000
b101111100 /
b1011111001000100 0
b111 4
b1000011010001001 !
b1000011010001001 .
b1000011010001001 3
1%
#1670000
0%
#1675000
b10111110 /
b101111100100010 0
b10 6
b1011111001000100 !
b1011111001000100 .
b1011111001000100 3
1%
#1680000
0%
#1685000
0#
b0 6
1"
1%
#1690000
b1110 *
0%
#1695000
0"
1%
#1700000
b111 7
0%
#1705000
1%
#1710000
1)
b1100011 '
b1100011 -
b11111100 &
b11111100 ,
0%
#1715000
b11111100 /
b111111000110001 0
1#
b1 6
b0 4
b11111100 5
b1100011 !
b1100011 .
b1100011 3
1%
#1720000
0)
0%
#1725000
b101111010 /
b1011110100011000 0
b1 4
b111111000110001 !
b111111000110001 .
b111111000110001 3
1%
#1730000
0%
#1735000
b10111101 /
b101111010001100 0
b10 4
b1011110100011000 !
b1011110100011000 .
b1011110100011000 3
1%
#1740000
0%
#1745000
b1011110 /
b10111101000110 0
b11 4
b101111010001100 !
b101111010001100 .
b101111010001100 3
1%
#1750000
0%
#1755000
b101111 /
b1011110100011 0
b100 4
b10111101000110 !
b10111101000110 .
b10111101000110 3
1%
#1760000
0%
#1765000
b100010011 /
b1000100111010001 0
b101 4
b1011110100011 !
b1011110100011 .
b1011110100011 3
1%
#1770000
0%
#1775000
b110000101 /
b1100001011101000 0
b110 4
b1000100111010001 !
b1000100111010001 .
b1000100111010001 3
1%
#1780000
0%
#1785000
b11000010 /
b110000101110100 0
b111 4
b1100001011101000 !
b1100001011101000 .
b1100001011101000 3
1%
#1790000
0%
#1795000
b1100001 /
b11000010111010 0
b10 6
b110000101110100 !
b110000101110100 .
b110000101110100 3
1%
#1800000
0%
#1805000
0#
b0 6
1"
1%
#1810000
b1111 *
0%
#1815000
0"
1%
#1820000
b1000 7
0%
#1825000
1%
#1830000
1)
b1010101 '
b1010101 -
b1100010 &
b1100010 ,
0%
#1835000
b1100010 /
b11000100101010 0
1#
b1 6
b0 4
b1100010 5
b1010101 !
b1010101 .
b1010101 3
1%
#1840000
0)
0%
#1845000
b110001 /
b1100010010101 0
b1 4
b11000100101010 !
b11000100101010 .
b11000100101010 3
1%
#1850000
0%
#1855000
b1111010 /
b11110101001010 0
b10 4
b1100010010101 !
b1100010010101 .
b1100010010101 3
1%
#1860000
0%
#1865000
b111101 /
b1111010100101 0
b11 4
b11110101001010 !
b11110101001010 .
b11110101001010 3
1%
#1870000
0%
#1875000
b10000000 /
b100000001010010 0
b100 4
b1111010100101 !
b1111010100101 .
b1111010100101 3
1%
#1880000
0%
#1885000
b1000000 /
b10000000101001 0
b101 4
b100000001010010 !
b100000001010010 .
b100000001010010 3
1%
#1890000
0%
#1895000
b10000010 /
b100000100010100 0
b110 4
b10000000101001 !
b10000000101001 .
b10000000101001 3
1%
#1900000
0%
#1905000
b1000001 /
b10000010001010 0
b111 4
b100000100010100 !
b100000100010100 .
b100000100010100 3
1%
#1910000
0%
#1915000
b100000 /
b1000001000101 0
b10 6
b10000010001010 !
b10000010001010 .
b10000010001010 3
1%
#1920000
0%
#1925000
0#
b0 6
1"
1%
#1930000
b10000 *
0%
#1935000
0"
1%
#1940000
b1001 7
0%
#1945000
1%
#1950000
1)
b111011 '
b111011 -
b11110010 &
b11110010 ,
0%
#1955000
b11110010 /
b111100100011101 0
1#
b1 6
b0 4
b11110010 5
b111011 !
b111011 .
b111011 3
1%
#1960000
0)
0%
#1965000
b101101011 /
b1011010110001110 0
b1 4
b111100100011101 !
b111100100011101 .
b111100100011101 3
1%
#1970000
0%
#1975000
b10110101 /
b101101011000111 0
b10 4
b1011010110001110 !
b1011010110001110 .
b1011010110001110 3
1%
#1980000
0%
#1985000
b101001100 /
b1010011001100011 0
b11 4
b101101011000111 !
b101101011000111 .
b101101011000111 3
1%
#1990000
0%
#1995000
b110011000 /
b1100110000110001 0
b100 4
b1010011001100011 !
b1010011001100011 .
b1010011001100011 3
1%
#2000000
0%
#2005000
b110111110 /
b1101111100011000 0
b101 4
b1100110000110001 !
b1100110000110001 .
b1100110000110001 3
1%
#2010000
0%
#2015000
b11011111 /
b110111110001100 0
b110 4
b1101111100011000 !
b1101111100011000 .
b1101111100011000 3
1%
#2020000
0%
#2025000
b1101111 /
b11011111000110 0
b111 4
b110111110001100 !
b110111110001100 .
b110111110001100 3
1%
#2030000
0%
#2035000
b110111 /
b1101111100011 0
b10 6
b11011111000110 !
b11011111000110 .
b11011111000110 3
1%
#2040000
0%
#2045000
0#
b0 6
1"
1%
#2050000
b10001 *
0%
#2055000
0"
1%
#2060000
b1010 7
0%
#2065000
1%
#2070000
1)
b11000111 '
b11000111 -
b1001 &
b1001 ,
0%
#2075000
b10011100011 0
b1001 /
1#
b1 6
b0 4
b1001 5
b11000111 !
b11000111 .
b11000111 3
1%
#2080000
0)
0%
#2085000
b1101 /
b11011110001 0
b1 4
b10011100011 !
b10011100011 .
b10011100011 3
1%
#2090000
0%
#2095000
b1111 /
b11111111000 0
b10 4
b11011110001 !
b11011110001 .
b11011110001 3
1%
#2100000
0%
#2105000
b111 /
b1111111100 0
b11 4
b11111111000 !
b11111111000 .
b11111111000 3
1%
#2110000
0%
#2115000
b11 /
b111111110 0
b100 4
b1111111100 !
b1111111100 .
b1111111100 3
1%
#2120000
0%
#2125000
b1 /
b11111111 0
b101 4
b111111110 !
b111111110 .
b111111110 3
1%
#2130000
0%
#2135000
b10011111111 0
b1001 /
b110 4
b11111111 !
b11111111 .
b11111111 3
1%
#2140000
0%
#2145000
b11011111111 0
b1101 /
b111 4
b10011111111 !
b10011111111 .
b10011111111 3
1%
#2150000
0%
#2155000
b11111111111 0
b1111 /
b10 6
b11011111111 !
b11011111111 .
b11011111111 3
1%
#2160000
0%
#2165000
0#
b0 6
1"
1%
#2170000
b10010 *
0%
#2175000
0"
1%
#2180000
b1011 7
0%
#2185000
1%
#2190000
1)
b1100111 '
b1100111 -
b11111001 &
b11111001 ,
0%
#2195000
b11111001 /
b111110010110011 0
1#
b1 6
b0 4
b11111001 5
b1100111 !
b1100111 .
b1100111 3
1%
#2200000
0)
0%
#2205000
b101110101 /
b1011101011011001 0
b1 4
b111110010110011 !
b111110010110011 .
b111110010110011 3
1%
#2210000
0%
#2215000
b110110011 /
b1101100111101100 0
b10 4
b1011101011011001 !
b1011101011011001 .
b1011101011011001 3
1%
#2220000
0%
#2225000
b11011001 /
b110110011110110 0
b11 4
b1101100111101100 !
b1101100111101100 .
b1101100111101100 3
1%
#2230000
0%
#2235000
b1101100 /
b11011001111011 0
b100 4
b110110011110110 !
b110110011110110 .
b110110011110110 3
1%
#2240000
0%
#2245000
b100101111 /
b1001011110111101 0
b101 4
b11011001111011 !
b11011001111011 .
b11011001111011 3
1%
#2250000
0%
#2255000
b110010000 /
b1100100001011110 0
b110 4
b1001011110111101 !
b1001011110111101 .
b1001011110111101 3
1%
#2260000
0%
#2265000
b11001000 /
b110010000101111 0
b111 4
b1100100001011110 !
b1100100001011110 .
b1100100001011110 3
1%
#2270000
0%
#2275000
b101011101 /
b1010111010010111 0
b10 6
b110010000101111 !
b110010000101111 .
b110010000101111 3
1%
#2280000
0%
#2285000
0#
b0 6
1"
1%
#2290000
b10011 *
0%
#2295000
0"
1%
#2300000
b1100 7
0%
#2305000
1%
#2310000
1)
b1100010 '
b1100010 -
b1110100 &
b1110100 ,
0%
#2315000
b0 /
b110001 0
1#
b1 6
b0 4
b1110100 5
b1100010 !
b1100010 .
b1100010 3
1%
#2320000
0)
0%
#2325000
b1110100 /
b11101000011000 0
b1 4
b110001 !
b110001 .
b110001 3
1%
#2330000
0%
#2335000
b111010 /
b1110100001100 0
b10 4
b11101000011000 !
b11101000011000 .
b11101000011000 3
1%
#2340000
0%
#2345000
b11101 /
b111010000110 0
b11 4
b1110100001100 !
b1110100001100 .
b1110100001100 3
1%
#2350000
0%
#2355000
b1110 /
b11101000011 0
b100 4
b111010000110 !
b111010000110 .
b111010000110 3
1%
#2360000
0%
#2365000
b1111011 /
b11110110100001 0
b101 4
b11101000011 !
b11101000011 .
b11101000011 3
1%
#2370000
0%
#2375000
b10110001 /
b101100011010000 0
b110 4
b11110110100001 !
b11110110100001 .
b11110110100001 3
1%
#2380000
0%
#2385000
b1011000 /
b10110001101000 0
b111 4
b101100011010000 !
b101100011010000 .
b101100011010000 3
1%
#2390000
0%
#2395000
b101100 /
b1011000110100 0
b10 6
b10110001101000 !
b10110001101000 .
b10110001101000 3
1%
#2400000
0%
#2405000
0#
b0 6
1"
1%
#2410000
b10100 *
0%
#2415000
0"
1%
#2420000
b1101 7
0%
#2425000
1%
#2430000
1)
b1011110 '
b1011110 -
b10101110 &
b10101110 ,
0%
#2435000
b0 /
b101111 0
1#
b1 6
b0 4
b10101110 5
b1011110 !
b1011110 .
b1011110 3
1%
#2440000
0)
0%
#2445000
b10101110 /
b101011100010111 0
b1 4
b101111 !
b101111 .
b101111 3
1%
#2450000
0%
#2455000
b100000101 /
b1000001010001011 0
b10 4
b101011100010111 !
b101011100010111 .
b101011100010111 3
1%
#2460000
0%
#2465000
b100110000 /
b1001100001000101 0
b11 4
b1000001010001011 !
b1000001010001011 .
b1000001010001011 3
1%
#2470000
0%
#2475000
b101000110 /
b1010001100100010 0
b100 4
b1001100001000101 !
b1001100001000101 .
b1001100001000101 3
1%
#2480000
0%
#2485000
b10100011 /
b101000110010001 0
b101 4
b1010001100100010 !
b1010001100100010 .
b1010001100100010 3
1%
#2490000
0%
#2495000
b11111111 /
b111111111001000 0
b110 4
b101000110010001 !
b101000110010001 .
b101000110010001 3
1%
#2500000
0%
#2505000
b1111111 /
b11111111100100 0
b111 4
b111111111001000 !
b111111111001000 .
b111111111001000 3
1%
#2510000
0%
#2515000
b111111 /
b1111111110010 0
b10 6
b11111111100100 !
b11111111100100 .
b11111111100100 3
1%
#2520000
0%
#2525000
0#
b0 6
1"
1%
#2530000
b10101 *
0%
#2535000
0"
1%
#2540000
b1110 7
0%
#2545000
1%
#2550000
1)
b110010 '
b110010 -
b10110 &
b10110 ,
0%
#2555000
b0 /
b11001 0
1#
b1 6
b0 4
b10110 5
b110010 !
b110010 .
b110010 3
1%
#2560000
0)
0%
#2565000
b10110 /
b101100001100 0
b1 4
b11001 !
b11001 .
b11001 3
1%
#2570000
0%
#2575000
b1011 /
b10110000110 0
b10 4
b101100001100 !
b101100001100 .
b101100001100 3
1%
#2580000
0%
#2585000
b101 /
b1011000011 0
b11 4
b10110000110 !
b10110000110 .
b10110000110 3
1%
#2590000
0%
#2595000
b11000 /
b110001100001 0
b100 4
b1011000011 !
b1011000011 .
b1011000011 3
1%
#2600000
0%
#2605000
b100010 /
b1000100110000 0
b101 4
b110001100001 !
b110001100001 .
b110001100001 3
1%
#2610000
0%
#2615000
b10001 /
b100010011000 0
b110 4
b1000100110000 !
b1000100110000 .
b1000100110000 3
1%
#2620000
0%
#2625000
b1000 /
b10001001100 0
b111 4
b100010011000 !
b100010011000 .
b100010011000 3
1%
#2630000
0%
#2635000
b100 /
b1000100110 0
b10 6
b10001001100 !
b10001001100 .
b10001001100 3
1%
#2640000
0%
#2645000
0#
b0 6
1"
1%
#2650000
b10110 *
0%
#2655000
0"
1%
#2660000
b1111 7
0%
#2665000
1%
#2670000
1)
b10000101 '
b10000101 -
b110001 &
b110001 ,
0%
#2675000
b110001 /
b1100011000010 0
1#
b1 6
b0 4
b110001 5
b10000101 !
b10000101 .
b10000101 3
1%
#2680000
0)
0%
#2685000
b11000 /
b110001100001 0
b1 4
b1100011000010 !
b1100011000010 .
b1100011000010 3
1%
#2690000
0%
#2695000
b111101 /
b1111010110000 0
b10 4
b110001100001 !
b110001100001 .
b110001100001 3
1%
#2700000
0%
#2705000
b11110 /
b111101011000 0
b11 4
b1111010110000 !
b1111010110000 .
b1111010110000 3
1%
#2710000
0%
#2715000
b1111 /
b11110101100 0
b100 4
b111101011000 !
b111101011000 .
b111101011000 3
1%
#2720000
0%
#2725000
b111 /
b1111010110 0
b101 4
b11110101100 !
b11110101100 .
b11110101100 3
1%
#2730000
0%
#2735000
b11 /
b111101011 0
b110 4
b1111010110 !
b1111010110 .
b1111010110 3
1%
#2740000
0%
#2745000
b110010 /
b1100101110101 0
b111 4
b111101011 !
b111101011 .
b111101011 3
1%
#2750000
0%
#2755000
b1001010 /
b10010100111010 0
b10 6
b1100101110101 !
b1100101110101 .
b1100101110101 3
1%
#2760000
0%
#2765000
0#
b0 6
1"
1%
#2770000
b10111 *
0%
#2775000
0"
1%
#2780000
b10000 7
0%
#2785000
1%
#2790000
1)
b10010000 '
b10010000 -
b1000000 &
b1000000 ,
0%
#2795000
b0 /
b1001000 0
1#
b1 6
b0 4
b1000000 5
b10010000 !
b10010000 .
b10010000 3
1%
#2800000
0)
0%
#2805000
b100100 0
b1 4
b1001000 !
b1001000 .
b1001000 3
1%
#2810000
0%
#2815000
b10010 0
b10 4
b100100 !
b100100 .
b100100 3
1%
#2820000
0%
#2825000
b1001 0
b11 4
b10010 !
b10010 .
b10010 3
1%
#2830000
0%
#2835000
b1000000 /
b10000000000100 0
b100 4
b1001 !
b1001 .
b1001 3
1%
#2840000
0%
#2845000
b100000 /
b1000000000010 0
b101 4
b10000000000100 !
b10000000000100 .
b10000000000100 3
1%
#2850000
0%
#2855000
b10000 /
b100000000001 0
b110 4
b1000000000010 !
b1000000000010 .
b1000000000010 3
1%
#2860000
0%
#2865000
b1001000 /
b10010000000000 0
b111 4
b100000000001 !
b100000000001 .
b100000000001 3
1%
#2870000
0%
#2875000
b1001000000000 0
b100100 /
b10 6
b10010000000000 !
b10010000000000 .
b10010000000000 3
1%
#2880000
0%
#2885000
0#
b0 6
1"
1%
#2890000
b11000 *
0%
#2895000
0"
1%
#2900000
b10001 7
0%
#2905000
1%
#2910000
1)
b1001110 '
b1001110 -
b11010101 &
b11010101 ,
0%
#2915000
b0 /
b100111 0
1#
b1 6
b0 4
b11010101 5
b1001110 !
b1001110 .
b1001110 3
1%
#2920000
0)
0%
#2925000
b11010101 /
b110101010010011 0
b1 4
b100111 !
b100111 .
b100111 3
1%
#2930000
0%
#2935000
b100111111 /
b1001111111001001 0
b10 4
b110101010010011 !
b110101010010011 .
b110101010010011 3
1%
#2940000
0%
#2945000
b101110100 /
b1011101001100100 0
b11 4
b1001111111001001 !
b1001111111001001 .
b1001111111001001 3
1%
#2950000
0%
#2955000
b10111010 /
b101110100110010 0
b100 4
b1011101001100100 !
b1011101001100100 .
b1011101001100100 3
1%
#2960000
0%
#2965000
b1011101 /
b10111010011001 0
b101 4
b101110100110010 !
b101110100110010 .
b101110100110010 3
1%
#2970000
0%
#2975000
b100000011 /
b1000000111001100 0
b110 4
b10111010011001 !
b10111010011001 .
b10111010011001 3
1%
#2980000
0%
#2985000
b10000001 /
b100000011100110 0
b111 4
b1000000111001100 !
b1000000111001100 .
b1000000111001100 3
1%
#2990000
0%
#2995000
b1000000 /
b10000001110011 0
b10 6
b100000011100110 !
b100000011100110 .
b100000011100110 3
1%
#3000000
0%
#3005000
0#
b0 6
1"
1%
#3010000
b11001 *
0%
#3015000
0"
1%
#3020000
b10010 7
0%
#3025000
1%
#3030000
1)
b1001 '
b1001 -
b1001011 &
b1001011 ,
0%
#3035000
b1001011 /
b10010110000100 0
1#
b1 6
b0 4
b1001011 5
b1001 !
b1001 .
b1001 3
1%
#3040000
0)
0%
#3045000
b100101 /
b1001011000010 0
b1 4
b10010110000100 !
b10010110000100 .
b10010110000100 3
1%
#3050000
0%
#3055000
b10010 /
b100101100001 0
b10 4
b1001011000010 !
b1001011000010 .
b1001011000010 3
1%
#3060000
0%
#3065000
b1010100 /
b10101000110000 0
b11 4
b100101100001 !
b100101100001 .
b100101100001 3
1%
#3070000
0%
#3075000
b101010 /
b1010100011000 0
b100 4
b10101000110000 !
b10101000110000 .
b10101000110000 3
1%
#3080000
0%
#3085000
b10101 /
b101010001100 0
b101 4
b1010100011000 !
b1010100011000 .
b1010100011000 3
1%
#3090000
0%
#3095000
b1010 /
b10101000110 0
b110 4
b101010001100 !
b101010001100 .
b101010001100 3
1%
#3100000
0%
#3105000
b101 /
b1010100011 0
b111 4
b10101000110 !
b10101000110 .
b10101000110 3
1%
#3110000
0%
#3115000
b1001101 /
b10011011010001 0
b10 6
b1010100011 !
b1010100011 .
b1010100011 3
1%
#3120000
0%
#3125000
0#
b0 6
1"
1%
#3130000
b11010 *
0%
#3135000
0"
1%
#3140000
b10011 7
0%
#3145000
1%
#3150000
1)
b101001 '
b101001 -
b110 &
b110 ,
0%
#3155000
b110 /
b1100010100 0
1#
b1 6
b0 4
b110 5
b101001 !
b101001 .
b101001 3
1%
#3160000
0)
0%
#3165000
b11 /
b110001010 0
b1 4
b1100010100 !
b1100010100 .
b1100010100 3
1%
#3170000
0%
#3175000
b1 /
b11000101 0
b10 4
b110001010 !
b110001010 .
b110001010 3
1%
#3180000
0%
#3185000
b110 /
b1101100010 0
b11 4
b11000101 !
b11000101 .
b11000101 3
1%
#3190000
0%
#3195000
b11 /
b110110001 0
b100 4
b1101100010 !
b1101100010 .
b1101100010 3
1%
#3200000
0%
#3205000
b111 /
b1111011000 0
b101 4
b110110001 !
b110110001 .
b110110001 3
1%
#3210000
0%
#3215000
b11 /
b111101100 0
b110 4
b1111011000 !
b1111011000 .
b1111011000 3
1%
#3220000
0%
#3225000
b1 /
b11110110 0
b111 4
b111101100 !
b111101100 .
b111101100 3
1%
#3230000
0%
#3235000
b0 /
b1111011 0
b10 6
b11110110 !
b11110110 .
b11110110 3
1%
#3240000
0%
#3245000
0#
b0 6
1"
1%
#3250000
b11011 *
0%
#3255000
0"
1%
#3260000
b10100 7
0%
#3265000
1%
#3270000
1)
b1101010 '
b1101010 -
b10110101 &
b10110101 ,
0%
#3275000
b110101 0
1#
b1 6
b0 4
b10110101 5
b1101010 !
b1101010 .
b1101010 3
1%
#3280000
0)
0%
#3285000
b10110101 /
b101101010011010 0
b1 4
b110101 !
b110101 .
b110101 3
1%
#3290000
0%
#3295000
b1011010 /
b10110101001101 0
b10 4
b101101010011010 !
b101101010011010 .
b101101010011010 3
1%
#3300000
0%
#3305000
b11100010 /
b111000100100110 0
b11 4
b10110101001101 !
b10110101001101 .
b10110101001101 3
1%
#3310000
0%
#3315000
b1110001 /
b11100010010011 0
b100 4
b111000100100110 !
b111000100100110 .
b111000100100110 3
1%
#3320000
0%
#3325000
b11101101 /
b111011011001001 0
b101 4
b11100010010011 !
b11100010010011 .
b11100010010011 3
1%
#3330000
0%
#3335000
b100101011 /
b1001010111100100 0
b110 4
b111011011001001 !
b111011011001001 .
b111011011001001 3
1%
#3340000
0%
#3345000
b10010101 /
b100101011110010 0
b111 4
b1001010111100100 !
b1001010111100100 .
b1001010111100100 3
1%
#3350000
0%
#3355000
b1001010 /
b10010101111001 0
b10 6
b100101011110010 !
b100101011110010 .
b100101011110010 3
1%
#3360000
0%
#3365000
0#
b0 6
1"
1%
#3370000
b11100 *
0%
#3375000
0"
1%
#3380000
b10101 7
0%
#3385000
1%
#3390000
1)
b1010111 '
b1010111 -
b1 &
b1 ,
0%
#3395000
b1 /
b10101011 0
1#
b1 6
b0 4
b1 5
b1010111 !
b1010111 .
b1010111 3
1%
#3400000
0)
0%
#3405000
b11010101 0
b1 4
b10101011 !
b10101011 .
b10101011 3
1%
#3410000
0%
#3415000
b11101010 0
b10 4
b11010101 !
b11010101 .
b11010101 3
1%
#3420000
0%
#3425000
b0 /
b1110101 0
b11 4
b11101010 !
b11101010 .
b11101010 3
1%
#3430000
0%
#3435000
b1 /
b10111010 0
b100 4
b1110101 !
b1110101 .
b1110101 3
1%
#3440000
0%
#3445000
b0 /
b1011101 0
b101 4
b10111010 !
b10111010 .
b10111010 3
1%
#3450000
0%
#3455000
b1 /
b10101110 0
b110 4
b1011101 !
b1011101 .
b1011101 3
1%
#3460000
0%
#3465000
b0 /
b1010111 0
b111 4
b10101110 !
b10101110 .
b10101110 3
1%
#3470000
0%
#3475000
b1 /
b10101011 0
b10 6
b1010111 !
b1010111 .
b1010111 3
1%
#3480000
0%
#3485000
0#
b0 6
1"
1%
#3490000
b11101 *
0%
#3495000
0"
1%
#3500000
b10110 7
0%
#3505000
1%
#3510000
1)
b1100111 '
b1100111 -
b10001110 &
b10001110 ,
0%
#3515000
b10001110 /
b100011100110011 0
1#
b1 6
b0 4
b10001110 5
b1100111 !
b1100111 .
b1100111 3
1%
#3520000
0)
0%
#3525000
b11010101 /
b110101010011001 0
b1 4
b100011100110011 !
b100011100110011 .
b100011100110011 3
1%
#3530000
0%
#3535000
b11111000 /
b111110001001100 0
b10 4
b110101010011001 !
b110101010011001 .
b110101010011001 3
1%
#3540000
0%
#3545000
b1111100 /
b11111000100110 0
b11 4
b111110001001100 !
b111110001001100 .
b111110001001100 3
1%
#3550000
0%
#3555000
b111110 /
b1111100010011 0
b100 4
b11111000100110 !
b11111000100110 .
b11111000100110 3
1%
#3560000
0%
#3565000
b10101101 /
b101011010001001 0
b101 4
b1111100010011 !
b1111100010011 .
b1111100010011 3
1%
#3570000
0%
#3575000
b11100100 /
b111001001000100 0
b110 4
b101011010001001 !
b101011010001001 .
b101011010001001 3
1%
#3580000
0%
#3585000
b1110010 /
b11100100100010 0
b111 4
b111001001000100 !
b111001001000100 .
b111001001000100 3
1%
#3590000
0%
#3595000
b111001 /
b1110010010001 0
b10 6
b11100100100010 !
b11100100100010 .
b11100100100010 3
1%
#3600000
0%
#3605000
0#
b0 6
1"
1%
#3610000
b11110 *
0%
#3615000
0"
1%
#3620000
b10111 7
0%
#3625000
1%
#3630000
1)
b10000101 '
b10000101 -
b10010001 &
b10010001 ,
0%
#3635000
b10010001 /
b100100011000010 0
1#
b1 6
b0 4
b10010001 5
b10000101 !
b10000101 .
b10000101 3
1%
#3640000
0)
0%
#3645000
b1001000 /
b10010001100001 0
b1 4
b100100011000010 !
b100100011000010 .
b100100011000010 3
1%
#3650000
0%
#3655000
b10110101 /
b101101010110000 0
b10 4
b10010001100001 !
b10010001100001 .
b10010001100001 3
1%
#3660000
0%
#3665000
b1011010 /
b10110101011000 0
b11 4
b101101010110000 !
b101101010110000 .
b101101010110000 3
1%
#3670000
0%
#3675000
b101101 /
b1011010101100 0
b100 4
b10110101011000 !
b10110101011000 .
b10110101011000 3
1%
#3680000
0%
#3685000
b10110 /
b101101010110 0
b101 4
b1011010101100 !
b1011010101100 .
b1011010101100 3
1%
#3690000
0%
#3695000
b1011 /
b10110101011 0
b110 4
b101101010110 !
b101101010110 .
b101101010110 3
1%
#3700000
0%
#3705000
b10010110 /
b100101101010101 0
b111 4
b10110101011 !
b10110101011 .
b10110101011 3
1%
#3710000
0%
#3715000
b11011100 /
b110111000101010 0
b10 6
b100101101010101 !
b100101101010101 .
b100101101010101 3
1%
#3720000
0%
#3725000
0#
b0 6
1"
1%
#3730000
b11111 *
0%
#3735000
0"
1%
#3740000
b11000 7
0%
#3745000
1%
#3750000
1)
b11110 '
b11110 -
b1100101 &
b1100101 ,
0%
#3755000
b0 /
b1111 0
1#
b1 6
b0 4
b1100101 5
b11110 !
b11110 .
b11110 3
1%
#3760000
0)
0%
#3765000
b1100101 /
b11001010000111 0
b1 4
b1111 !
b1111 .
b1111 3
1%
#3770000
0%
#3775000
b10010111 /
b100101111000011 0
b10 4
b11001010000111 !
b11001010000111 .
b11001010000111 3
1%
#3780000
0%
#3785000
b10110000 /
b101100001100001 0
b11 4
b100101111000011 !
b100101111000011 .
b100101111000011 3
1%
#3790000
0%
#3795000
b10111101 /
b101111010110000 0
b100 4
b101100001100001 !
b101100001100001 .
b101100001100001 3
1%
#3800000
0%
#3805000
b1011110 /
b10111101011000 0
b101 4
b101111010110000 !
b101111010110000 .
b101111010110000 3
1%
#3810000
0%
#3815000
b101111 /
b1011110101100 0
b110 4
b10111101011000 !
b10111101011000 .
b10111101011000 3
1%
#3820000
0%
#3825000
b10111 /
b101111010110 0
b111 4
b1011110101100 !
b1011110101100 .
b1011110101100 3
1%
#3830000
0%
#3835000
b1011 /
b10111101011 0
b10 6
b101111010110 !
b101111010110 .
b101111010110 3
1%
#3840000
0%
#3845000
0#
b0 6
1"
1%
#3850000
b100000 *
0%
#3855000
0"
1%
#3860000
b11001 7
0%
#3865000
1%
#3870000
1)
b11000101 '
b11000101 -
b11111001 &
b11111001 ,
0%
#3875000
b11111001 /
b111110011100010 0
1#
b1 6
b0 4
b11111001 5
b11000101 !
b11000101 .
b11000101 3
1%
#3880000
0)
0%
#3885000
b1111100 /
b11111001110001 0
b1 4
b111110011100010 !
b111110011100010 .
b111110011100010 3
1%
#3890000
0%
#3895000
b100110111 /
b1001101110111000 0
b10 4
b11111001110001 !
b11111001110001 .
b11111001110001 3
1%
#3900000
0%
#3905000
b10011011 /
b100110111011100 0
b11 4
b1001101110111000 !
b1001101110111000 .
b1001101110111000 3
1%
#3910000
0%
#3915000
b1001101 /
b10011011101110 0
b100 4
b100110111011100 !
b100110111011100 .
b100110111011100 3
1%
#3920000
0%
#3925000
b100110 /
b1001101110111 0
b101 4
b10011011101110 !
b10011011101110 .
b10011011101110 3
1%
#3930000
0%
#3935000
b100001100 /
b1000011000111011 0
b110 4
b1001101110111 !
b1001101110111 .
b1001101110111 3
1%
#3940000
0%
#3945000
b101111111 /
b1011111110011101 0
b111 4
b1000011000111011 !
b1000011000111011 .
b1000011000111011 3
1%
#3950000
0%
#3955000
b110111000 /
b1101110001001110 0
b10 6
b1011111110011101 !
b1011111110011101 .
b1011111110011101 3
1%
#3960000
0%
#3965000
0#
b0 6
1"
1%
#3970000
b100001 *
0%
#3975000
0"
1%
#3980000
b11010 7
0%
#3985000
1%
#3990000
1)
b1101100 '
b1101100 -
b10100000 &
b10100000 ,
0%
#3995000
b0 /
b110110 0
1#
b1 6
b0 4
b10100000 5
b1101100 !
b1101100 .
b1101100 3
1%
#4000000
0)
0%
#4005000
b11011 0
b1 4
b110110 !
b110110 .
b110110 3
1%
#4010000
0%
#4015000
b10100000 /
b101000000001101 0
b10 4
b11011 !
b11011 .
b11011 3
1%
#4020000
0%
#4025000
b11110000 /
b111100000000110 0
b11 4
b101000000001101 !
b101000000001101 .
b101000000001101 3
1%
#4030000
0%
#4035000
b1111000 /
b11110000000011 0
b100 4
b111100000000110 !
b111100000000110 .
b111100000000110 3
1%
#4040000
0%
#4045000
b11011100 /
b110111000000001 0
b101 4
b11110000000011 !
b11110000000011 .
b11110000000011 3
1%
#4050000
0%
#4055000
b100001110 /
b1000011100000000 0
b110 4
b110111000000001 !
b110111000000001 .
b110111000000001 3
1%
#4060000
0%
#4065000
b100001110000000 0
b10000111 /
b111 4
b1000011100000000 !
b1000011100000000 .
b1000011100000000 3
1%
#4070000
0%
#4075000
b1000011 /
b10000111000000 0
b10 6
b100001110000000 !
b100001110000000 .
b100001110000000 3
1%
#4080000
0%
#4085000
0#
b0 6
1"
1%
#4090000
b100010 *
0%
#4095000
0"
1%
#4100000
b11011 7
0%
#4105000
1%
#4110000
1)
b1000100 '
b1000100 -
b10111100 &
b10111100 ,
0%
#4115000
b0 /
b100010 0
1#
b1 6
b0 4
b10111100 5
b1000100 !
b1000100 .
b1000100 3
1%
#4120000
0)
0%
#4125000
b10001 0
b1 4
b100010 !
b100010 .
b100010 3
1%
#4130000
0%
#4135000
b10111100 /
b101111000001000 0
b10 4
b10001 !
b10001 .
b10001 3
1%
#4140000
0%
#4145000
b1011110 /
b10111100000100 0
b11 4
b101111000001000 !
b101111000001000 .
b101111000001000 3
1%
#4150000
0%
#4155000
b101111 /
b1011110000010 0
b100 4
b10111100000100 !
b10111100000100 .
b10111100000100 3
1%
#4160000
0%
#4165000
b10111 /
b101111000001 0
b101 4
b1011110000010 !
b1011110000010 .
b1011110000010 3
1%
#4170000
0%
#4175000
b11000111 /
b110001111100000 0
b110 4
b101111000001 !
b101111000001 .
b101111000001 3
1%
#4180000
0%
#4185000
b1100011 /
b11000111110000 0
b111 4
b110001111100000 !
b110001111100000 .
b110001111100000 3
1%
#4190000
0%
#4195000
b110001 /
b1100011111000 0
b10 6
b11000111110000 !
b11000111110000 .
b11000111110000 3
1%
#4200000
0%
#4205000
0#
b0 6
1"
1%
#4210000
b100011 *
0%
#4215000
0"
1%
#4220000
b11100 7
0%
#4225000
1%
#4230000
1)
b11011011 '
b11011011 -
b11110101 &
b11110101 ,
0%
#4235000
b11110101 /
b111101011101101 0
1#
b1 6
b0 4
b11110101 5
b11011011 !
b11011011 .
b11011011 3
1%
#4240000
0)
0%
#4245000
b101101111 /
b1011011111110110 0
b1 4
b111101011101101 !
b111101011101101 .
b111101011101101 3
1%
#4250000
0%
#4255000
b10110111 /
b101101111111011 0
b10 4
b1011011111110110 !
b1011011111110110 .
b1011011111110110 3
1%
#4260000
0%
#4265000
b101010000 /
b1010100001111101 0
b11 4
b101101111111011 !
b101101111111011 .
b101101111111011 3
1%
#4270000
0%
#4275000
b110011101 /
b1100111010111110 0
b100 4
b1010100001111101 !
b1010100001111101 .
b1010100001111101 3
1%
#4280000
0%
#4285000
b11001110 /
b110011101011111 0
b101 4
b1100111010111110 !
b1100111010111110 .
b1100111010111110 3
1%
#4290000
0%
#4295000
b101011100 /
b1010111000101111 0
b110 4
b110011101011111 !
b110011101011111 .
b110011101011111 3
1%
#4300000
0%
#4305000
b110100011 /
b1101000110010111 0
b111 4
b1010111000101111 !
b1010111000101111 .
b1010111000101111 3
1%
#4310000
0%
#4315000
b111000110 /
b1110001101001011 0
b10 6
b1101000110010111 !
b1101000110010111 .
b1101000110010111 3
1%
#4320000
0%
#4325000
0#
b0 6
1"
1%
#4330000
b100100 *
0%
#4335000
0"
1%
#4340000
b11101 7
0%
#4345000
1%
#4350000
1)
b11010111 '
b11010111 -
b11100011 &
b11100011 ,
0%
#4355000
b11100011 /
b111000111101011 0
1#
b1 6
b0 4
b11100011 5
b11010111 !
b11010111 .
b11010111 3
1%
#4360000
0)
0%
#4365000
b101010100 /
b1010101001110101 0
b1 4
b111000111101011 !
b111000111101011 .
b111000111101011 3
1%
#4370000
0%
#4375000
b110001101 /
b1100011010111010 0
b10 4
b1010101001110101 !
b1010101001110101 .
b1010101001110101 3
1%
#4380000
0%
#4385000
b11000110 /
b110001101011101 0
b11 4
b1100011010111010 !
b1100011010111010 .
b1100011010111010 3
1%
#4390000
0%
#4395000
b101000110 /
b1010001100101110 0
b100 4
b110001101011101 !
b110001101011101 .
b110001101011101 3
1%
#4400000
0%
#4405000
b10100011 /
b101000110010111 0
b101 4
b1010001100101110 !
b1010001100101110 .
b1010001100101110 3
1%
#4410000
0%
#4415000
b100110100 /
b1001101001001011 0
b110 4
b101000110010111 !
b101000110010111 .
b101000110010111 3
1%
#4420000
0%
#4425000
b101111101 /
b1011111010100101 0
b111 4
b1001101001001011 !
b1001101001001011 .
b1001101001001011 3
1%
#4430000
0%
#4435000
b110100001 /
b1101000011010010 0
b10 6
b1011111010100101 !
b1011111010100101 .
b1011111010100101 3
1%
#4440000
0%
#4445000
0#
b0 6
1"
1%
#4450000
b100101 *
0%
#4455000
0"
1%
#4460000
b11110 7
0%
#4465000
1%
#4470000
1)
b10010101 '
b10010101 -
b1011110 &
b1011110 ,
0%
#4475000
b1011110 /
b10111101001010 0
1#
b1 6
b0 4
b1011110 5
b10010101 !
b10010101 .
b10010101 3
1%
#4480000
0)
0%
#4485000
b101111 /
b1011110100101 0
b1 4
b10111101001010 !
b10111101001010 .
b10111101001010 3
1%
#4490000
0%
#4495000
b1110101 /
b11101011010010 0
b10 4
b1011110100101 !
b1011110100101 .
b1011110100101 3
1%
#4500000
0%
#4505000
b111010 /
b1110101101001 0
b11 4
b11101011010010 !
b11101011010010 .
b11101011010010 3
1%
#4510000
0%
#4515000
b1111011 /
b11110110110100 0
b100 4
b1110101101001 !
b1110101101001 .
b1110101101001 3
1%
#4520000
0%
#4525000
b111101 /
b1111011011010 0
b101 4
b11110110110100 !
b11110110110100 .
b11110110110100 3
1%
#4530000
0%
#4535000
b11110 /
b111101101101 0
b110 4
b1111011011010 !
b1111011011010 .
b1111011011010 3
1%
#4540000
0%
#4545000
b1101101 /
b11011010110110 0
b111 4
b111101101101 !
b111101101101 .
b111101101101 3
1%
#4550000
0%
#4555000
b110110 /
b1101101011011 0
b10 6
b11011010110110 !
b11011010110110 .
b11011010110110 3
1%
#4560000
0%
#4565000
0#
b0 6
1"
1%
#4570000
b100110 *
0%
#4575000
0"
1%
#4580000
b11111 7
0%
#4585000
1%
#4590000
1)
b111000 '
b111000 -
b101 &
b101 ,
0%
#4595000
b0 /
b11100 0
1#
b1 6
b0 4
b101 5
b111000 !
b111000 .
b111000 3
1%
#4600000
0)
0%
#4605000
b1110 0
b1 4
b11100 !
b11100 .
b11100 3
1%
#4610000
0%
#4615000
b111 0
b10 4
b1110 !
b1110 .
b1110 3
1%
#4620000
0%
#4625000
b101 /
b1010000011 0
b11 4
b111 !
b111 .
b111 3
1%
#4630000
0%
#4635000
b111 /
b1111000001 0
b100 4
b1010000011 !
b1010000011 .
b1010000011 3
1%
#4640000
0%
#4645000
b1000 /
b10001100000 0
b101 4
b1111000001 !
b1111000001 .
b1111000001 3
1%
#4650000
0%
#4655000
b100 /
b1000110000 0
b110 4
b10001100000 !
b10001100000 .
b10001100000 3
1%
#4660000
0%
#4665000
b10 /
b100011000 0
b111 4
b1000110000 !
b1000110000 .
b1000110000 3
1%
#4670000
0%
#4675000
b1 /
b10001100 0
b10 6
b100011000 !
b100011000 .
b100011000 3
1%
#4680000
0%
#4685000
0#
b0 6
1"
1%
#4690000
b100111 *
0%
#4695000
0"
1%
#4700000
b100000 7
0%
#4705000
1%
#4710000
1)
b10100111 '
b10100111 -
b11000010 &
b11000010 ,
0%
#4715000
b11000010 /
b110000101010011 0
1#
b1 6
b0 4
b11000010 5
b10100111 !
b10100111 .
b10100111 3
1%
#4720000
0)
0%
#4725000
b100100011 /
b1001000110101001 0
b1 4
b110000101010011 !
b110000101010011 .
b110000101010011 3
1%
#4730000
0%
#4735000
b101010011 /
b1010100111010100 0
b10 4
b1001000110101001 !
b1001000110101001 .
b1001000110101001 3
1%
#4740000
0%
#4745000
b10101001 /
b101010011101010 0
b11 4
b1010100111010100 !
b1010100111010100 .
b1010100111010100 3
1%
#4750000
0%
#4755000
b1010100 /
b10101001110101 0
b100 4
b101010011101010 !
b101010011101010 .
b101010011101010 3
1%
#4760000
0%
#4765000
b11101100 /
b111011000111010 0
b101 4
b10101001110101 !
b10101001110101 .
b10101001110101 3
1%
#4770000
0%
#4775000
b1110110 /
b11101100011101 0
b110 4
b111011000111010 !
b111011000111010 .
b111011000111010 3
1%
#4780000
0%
#4785000
b11111101 /
b111111010001110 0
b111 4
b11101100011101 !
b11101100011101 .
b11101100011101 3
1%
#4790000
0%
#4795000
b1111110 /
b11111101000111 0
b10 6
b111111010001110 !
b111111010001110 .
b111111010001110 3
1%
#4800000
0%
#4805000
0#
b0 6
1"
1%
#4810000
b101000 *
0%
#4815000
0"
1%
#4820000
b100001 7
0%
#4825000
1%
#4830000
1)
b10011101 '
b10011101 -
b11101 &
b11101 ,
0%
#4835000
b11101 /
b111011001110 0
1#
b1 6
b0 4
b11101 5
b10011101 !
b10011101 .
b10011101 3
1%
#4840000
0)
0%
#4845000
b1110 /
b11101100111 0
b1 4
b111011001110 !
b111011001110 .
b111011001110 3
1%
#4850000
0%
#4855000
b100100 /
b1001000110011 0
b10 4
b11101100111 !
b11101100111 .
b11101100111 3
1%
#4860000
0%
#4865000
b101111 /
b1011110011001 0
b11 4
b1001000110011 !
b1001000110011 .
b1001000110011 3
1%
#4870000
0%
#4875000
b110100 /
b1101001001100 0
b100 4
b1011110011001 !
b1011110011001 .
b1011110011001 3
1%
#4880000
0%
#4885000
b11010 /
b110100100110 0
b101 4
b1101001001100 !
b1101001001100 .
b1101001001100 3
1%
#4890000
0%
#4895000
b1101 /
b11010010011 0
b110 4
b110100100110 !
b110100100110 .
b110100100110 3
1%
#4900000
0%
#4905000
b100011 /
b1000111001001 0
b111 4
b11010010011 !
b11010010011 .
b11010010011 3
1%
#4910000
0%
#4915000
b101110 /
b1011101100100 0
b10 6
b1000111001001 !
b1000111001001 .
b1000111001001 3
1%
#4920000
0%
#4925000
0#
b0 6
1"
1%
#4930000
b101001 *
0%
#4935000
0"
1%
#4940000
b100010 7
0%
#4945000
1%
#4950000
1)
b10001010 '
b10001010 -
b111111 &
b111111 ,
0%
#4955000
b0 /
b1000101 0
1#
b1 6
b0 4
b111111 5
b10001010 !
b10001010 .
b10001010 3
1%
#4960000
0)
0%
#4965000
b111111 /
b1111110100010 0
b1 4
b1000101 !
b1000101 .
b1000101 3
1%
#4970000
0%
#4975000
b11111 /
b111111010001 0
b10 4
b1111110100010 !
b1111110100010 .
b1111110100010 3
1%
#4980000
0%
#4985000
b1001110 /
b10011101101000 0
b11 4
b111111010001 !
b111111010001 .
b111111010001 3
1%
#4990000
0%
#4995000
b100111 /
b1001110110100 0
b100 4
b10011101101000 !
b10011101101000 .
b10011101101000 3
1%
#5000000
0%
#5005000
b10011 /
b100111011010 0
b101 4
b1001110110100 !
b1001110110100 .
b1001110110100 3
1%
#5010000
0%
#5015000
b1001 /
b10011101101 0
b110 4
b100111011010 !
b100111011010 .
b100111011010 3
1%
#5020000
0%
#5025000
b1000011 /
b10000111110110 0
b111 4
b10011101101 !
b10011101101 .
b10011101101 3
1%
#5030000
0%
#5035000
b100001 /
b1000011111011 0
b10 6
b10000111110110 !
b10000111110110 .
b10000111110110 3
1%
#5040000
0%
#5045000
0#
b0 6
1"
1%
#5050000
b101010 *
0%
#5055000
0"
1%
#5060000
b100011 7
0%
#5065000
1%
#5070000
1)
b11101100 '
b11101100 -
b11111000 &
b11111000 ,
0%
#5075000
b0 /
b1110110 0
1#
b1 6
b0 4
b11111000 5
b11101100 !
b11101100 .
b11101100 3
1%
#5080000
0)
0%
#5085000
b111011 0
b1 4
b1110110 !
b1110110 .
b1110110 3
1%
#5090000
0%
#5095000
b11111000 /
b111110000011101 0
b10 4
b111011 !
b111011 .
b111011 3
1%
#5100000
0%
#5105000
b101110100 /
b1011101000001110 0
b11 4
b111110000011101 !
b111110000011101 .
b111110000011101 3
1%
#5110000
0%
#5115000
b10111010 /
b101110100000111 0
b100 4
b1011101000001110 !
b1011101000001110 .
b1011101000001110 3
1%
#5120000
0%
#5125000
b101010101 /
b1010101010000011 0
b101 4
b101110100000111 !
b101110100000111 .
b101110100000111 3
1%
#5130000
0%
#5135000
b110100010 /
b1101000101000001 0
b110 4
b1010101010000011 !
b1010101010000011 .
b1010101010000011 3
1%
#5140000
0%
#5145000
b111001001 /
b1110010010100000 0
b111 4
b1101000101000001 !
b1101000101000001 .
b1101000101000001 3
1%
#5150000
0%
#5155000
b11100100 /
b111001001010000 0
b10 6
b1110010010100000 !
b1110010010100000 .
b1110010010100000 3
1%
#5160000
0%
#5165000
0#
b0 6
1"
1%
#5170000
b101011 *
0%
#5175000
0"
1%
#5180000
b100100 7
0%
#5185000
1%
#5190000
1)
b10100110 '
b10100110 -
b10110001 &
b10110001 ,
0%
#5195000
b0 /
b1010011 0
1#
b1 6
b0 4
b10110001 5
b10100110 !
b10100110 .
b10100110 3
1%
#5200000
0)
0%
#5205000
b10110001 /
b101100010101001 0
b1 4
b1010011 !
b1010011 .
b1010011 3
1%
#5210000
0%
#5215000
b100001001 /
b1000010011010100 0
b10 4
b101100010101001 !
b101100010101001 .
b101100010101001 3
1%
#5220000
0%
#5225000
b10000100 /
b100001001101010 0
b11 4
b1000010011010100 !
b1000010011010100 .
b1000010011010100 3
1%
#5230000
0%
#5235000
b1000010 /
b10000100110101 0
b100 4
b100001001101010 !
b100001001101010 .
b100001001101010 3
1%
#5240000
0%
#5245000
b11010010 /
b110100100011010 0
b101 4
b10000100110101 !
b10000100110101 .
b10000100110101 3
1%
#5250000
0%
#5255000
b1101001 /
b11010010001101 0
b110 4
b110100100011010 !
b110100100011010 .
b110100100011010 3
1%
#5260000
0%
#5265000
b11100101 /
b111001011000110 0
b111 4
b11010010001101 !
b11010010001101 .
b11010010001101 3
1%
#5270000
0%
#5275000
b1110010 /
b11100101100011 0
b10 6
b111001011000110 !
b111001011000110 .
b111001011000110 3
1%
#5280000
0%
#5285000
0#
b0 6
1"
1%
#5290000
b101100 *
0%
#5295000
0"
1%
#5300000
b100101 7
0%
#5305000
1%
#5310000
1)
b11000111 '
b11000111 -
b11001111 &
b11001111 ,
0%
#5315000
b110011111100011 0
b11001111 /
1#
b1 6
b0 4
b11001111 5
b11000111 !
b11000111 .
b11000111 3
1%
#5320000
0)
0%
#5325000
b100110110 /
b1001101101110001 0
b1 4
b110011111100011 !
b110011111100011 .
b110011111100011 3
1%
#5330000
0%
#5335000
b101101010 /
b1011010100111000 0
b10 4
b1001101101110001 !
b1001101101110001 .
b1001101101110001 3
1%
#5340000
0%
#5345000
b10110101 /
b101101010011100 0
b11 4
b1011010100111000 !
b1011010100111000 .
b1011010100111000 3
1%
#5350000
0%
#5355000
b1011010 /
b10110101001110 0
b100 4
b101101010011100 !
b101101010011100 .
b101101010011100 3
1%
#5360000
0%
#5365000
b101101 /
b1011010100111 0
b101 4
b10110101001110 !
b10110101001110 .
b10110101001110 3
1%
#5370000
0%
#5375000
b11100101 /
b111001011010011 0
b110 4
b1011010100111 !
b1011010100111 .
b1011010100111 3
1%
#5380000
0%
#5385000
b101000001 /
b1010000011101001 0
b111 4
b111001011010011 !
b111001011010011 .
b111001011010011 3
1%
#5390000
0%
#5395000
b101101111 /
b1011011111110100 0
b10 6
b1010000011101001 !
b1010000011101001 .
b1010000011101001 3
1%
#5400000
0%
#5405000
0#
b0 6
1"
1%
#5410000
b101101 *
0%
#5415000
0"
1%
#5420000
b100110 7
0%
#5425000
1%
#5430000
1)
b1011011 '
b1011011 -
b11111100 &
b11111100 ,
0%
#5435000
b11111100 /
b111111000101101 0
1#
b1 6
b0 4
b11111100 5
b1011011 !
b1011011 .
b1011011 3
1%
#5440000
0)
0%
#5445000
b101111010 /
b1011110100010110 0
b1 4
b111111000101101 !
b111111000101101 .
b111111000101101 3
1%
#5450000
0%
#5455000
b10111101 /
b101111010001011 0
b10 4
b1011110100010110 !
b1011110100010110 .
b1011110100010110 3
1%
#5460000
0%
#5465000
b101011010 /
b1010110101000101 0
b11 4
b101111010001011 !
b101111010001011 .
b101111010001011 3
1%
#5470000
0%
#5475000
b110101001 /
b1101010010100010 0
b100 4
b1010110101000101 !
b1010110101000101 .
b1010110101000101 3
1%
#5480000
0%
#5485000
b11010100 /
b110101001010001 0
b101 4
b1101010010100010 !
b1101010010100010 .
b1101010010100010 3
1%
#5490000
0%
#5495000
b101100110 /
b1011001100101000 0
b110 4
b110101001010001 !
b110101001010001 .
b110101001010001 3
1%
#5500000
0%
#5505000
b10110011 /
b101100110010100 0
b111 4
b1011001100101000 !
b1011001100101000 .
b1011001100101000 3
1%
#5510000
0%
#5515000
b1011001 /
b10110011001010 0
b10 6
b101100110010100 !
b101100110010100 .
b101100110010100 3
1%
#5520000
0%
#5525000
0#
b0 6
1"
1%
#5530000
b101110 *
0%
#5535000
0"
1%
#5540000
b100111 7
0%
#5545000
1%
#5550000
1)
b101110 '
b101110 -
b1001111 &
b1001111 ,
0%
#5555000
b0 /
b10111 0
1#
b1 6
b0 4
b1001111 5
b101110 !
b101110 .
b101110 3
1%
#5560000
0)
0%
#5565000
b1001111 /
b10011110001011 0
b1 4
b10111 !
b10111 .
b10111 3
1%
#5570000
0%
#5575000
b1110110 /
b11101101000101 0
b10 4
b10011110001011 !
b10011110001011 .
b10011110001011 3
1%
#5580000
0%
#5585000
b10001010 /
b100010100100010 0
b11 4
b11101101000101 !
b11101101000101 .
b11101101000101 3
1%
#5590000
0%
#5595000
b1000101 /
b10001010010001 0
b100 4
b100010100100010 !
b100010100100010 .
b100010100100010 3
1%
#5600000
0%
#5605000
b1110001 /
b11100011001000 0
b101 4
b10001010010001 !
b10001010010001 .
b10001010010001 3
1%
#5610000
0%
#5615000
b111000 /
b1110001100100 0
b110 4
b11100011001000 !
b11100011001000 .
b11100011001000 3
1%
#5620000
0%
#5625000
b11100 /
b111000110010 0
b111 4
b1110001100100 !
b1110001100100 .
b1110001100100 3
1%
#5630000
0%
#5635000
b1110 /
b11100011001 0
b10 6
b111000110010 !
b111000110010 .
b111000110010 3
1%
#5640000
0%
#5645000
0#
b0 6
1"
1%
#5650000
b101111 *
0%
#5655000
0"
1%
#5660000
b101000 7
0%
#5665000
1%
#5670000
1)
b11000100 '
b11000100 -
b101101 &
b101101 ,
0%
#5675000
b0 /
b1100010 0
1#
b1 6
b0 4
b101101 5
b11000100 !
b11000100 .
b11000100 3
1%
#5680000
0)
0%
#5685000
b110001 0
b1 4
b1100010 !
b1100010 .
b1100010 3
1%
#5690000
0%
#5695000
b101101 /
b1011010011000 0
b10 4
b110001 !
b110001 .
b110001 3
1%
#5700000
0%
#5705000
b10110 /
b101101001100 0
b11 4
b1011010011000 !
b1011010011000 .
b1011010011000 3
1%
#5710000
0%
#5715000
b1011 /
b10110100110 0
b100 4
b101101001100 !
b101101001100 .
b101101001100 3
1%
#5720000
0%
#5725000
b101 /
b1011010011 0
b101 4
b10110100110 !
b10110100110 .
b10110100110 3
1%
#5730000
0%
#5735000
b101111 /
b1011111101001 0
b110 4
b1011010011 !
b1011010011 .
b1011010011 3
1%
#5740000
0%
#5745000
b1000100 /
b10001001110100 0
b111 4
b1011111101001 !
b1011111101001 .
b1011111101001 3
1%
#5750000
0%
#5755000
b100010 /
b1000100111010 0
b10 6
b10001001110100 !
b10001001110100 .
b10001001110100 3
1%
#5760000
0%
#5765000
0#
b0 6
1"
1%
#5770000
b110000 *
0%
#5775000
0"
1%
#5780000
b101001 7
0%
#5785000
1%
#5790000
1)
b1101000 '
b1101000 -
b100100 &
b100100 ,
0%
#5795000
b0 /
b110100 0
1#
b1 6
b0 4
b100100 5
b1101000 !
b1101000 .
b1101000 3
1%
#5800000
0)
0%
#5805000
b11010 0
b1 4
b110100 !
b110100 .
b110100 3
1%
#5810000
0%
#5815000
b1101 0
b10 4
b11010 !
b11010 .
b11010 3
1%
#5820000
0%
#5825000
b100100 /
b1001000000110 0
b11 4
b1101 !
b1101 .
b1101 3
1%
#5830000
0%
#5835000
b10010 /
b100100000011 0
b100 4
b1001000000110 !
b1001000000110 .
b1001000000110 3
1%
#5840000
0%
#5845000
b101101 /
b1011010000001 0
b101 4
b100100000011 !
b100100000011 .
b100100000011 3
1%
#5850000
0%
#5855000
b111010 /
b1110101000000 0
b110 4
b1011010000001 !
b1011010000001 .
b1011010000001 3
1%
#5860000
0%
#5865000
b11101 /
b111010100000 0
b111 4
b1110101000000 !
b1110101000000 .
b1110101000000 3
1%
#5870000
0%
#5875000
b1110 /
b11101010000 0
b10 6
b111010100000 !
b111010100000 .
b111010100000 3
1%
#5880000
0%
#5885000
0#
b0 6
1"
1%
#5890000
b110001 *
0%
#5895000
0"
1%
#5900000
b101010 7
0%
#5905000
1%
#5910000
1)
b101000 '
b101000 -
b1101011 &
b1101011 ,
0%
#5915000
b0 /
b10100 0
1#
b1 6
b0 4
b1101011 5
b101000 !
b101000 .
b101000 3
1%
#5920000
0)
0%
#5925000
b1010 0
b1 4
b10100 !
b10100 .
b10100 3
1%
#5930000
0%
#5935000
b101 0
b10 4
b1010 !
b1010 .
b1010 3
1%
#5940000
0%
#5945000
b1101011 /
b11010110000010 0
b11 4
b101 !
b101 .
b101 3
1%
#5950000
0%
#5955000
b110101 /
b1101011000001 0
b100 4
b11010110000010 !
b11010110000010 .
b11010110000010 3
1%
#5960000
0%
#5965000
b10000101 /
b100001011100000 0
b101 4
b1101011000001 !
b1101011000001 .
b1101011000001 3
1%
#5970000
0%
#5975000
b1000010 /
b10000101110000 0
b110 4
b100001011100000 !
b100001011100000 .
b100001011100000 3
1%
#5980000
0%
#5985000
b100001 /
b1000010111000 0
b111 4
b10000101110000 !
b10000101110000 .
b10000101110000 3
1%
#5990000
0%
#5995000
b10000 /
b100001011100 0
b10 6
b1000010111000 !
b1000010111000 .
b1000010111000 3
1%
#6000000
0%
#6005000
0#
b0 6
1"
1%
#6010000
b110010 *
0%
#6015000
0"
1%
#6020000
b101011 7
0%
#6025000
1%
#6030000
1)
b10000110 '
b10000110 -
b11001011 &
b11001011 ,
0%
#6035000
b0 /
b1000011 0
1#
b1 6
b0 4
b11001011 5
b10000110 !
b10000110 .
b10000110 3
1%
#6040000
0)
0%
#6045000
b11001011 /
b110010110100001 0
b1 4
b1000011 !
b1000011 .
b1000011 3
1%
#6050000
0%
#6055000
b100110000 /
b1001100001010000 0
b10 4
b110010110100001 !
b110010110100001 .
b110010110100001 3
1%
#6060000
0%
#6065000
b10011000 /
b100110000101000 0
b11 4
b1001100001010000 !
b1001100001010000 .
b1001100001010000 3
1%
#6070000
0%
#6075000
b1001100 /
b10011000010100 0
b100 4
b100110000101000 !
b100110000101000 .
b100110000101000 3
1%
#6080000
0%
#6085000
b100110 /
b1001100001010 0
b101 4
b10011000010100 !
b10011000010100 .
b10011000010100 3
1%
#6090000
0%
#6095000
b10011 /
b100110000101 0
b110 4
b1001100001010 !
b1001100001010 .
b1001100001010 3
1%
#6100000
0%
#6105000
b11010100 /
b110101001000010 0
b111 4
b100110000101 !
b100110000101 .
b100110000101 3
1%
#6110000
0%
#6115000
b1101010 /
b11010100100001 0
b10 6
b110101001000010 !
b110101001000010 .
b110101001000010 3
1%
#6120000
0%
#6125000
0#
b0 6
1"
1%
#6130000
b110011 *
0%
#6135000
0"
1%
#6140000
b101100 7
0%
#6145000
1%
#6150000
1)
b11100100 '
b11100100 -
b1100001 &
b1100001 ,
0%
#6155000
b0 /
b1110010 0
1#
b1 6
b0 4
b1100001 5
b11100100 !
b11100100 .
b11100100 3
1%
#6160000
0)
0%
#6165000
b111001 0
b1 4
b1110010 !
b1110010 .
b1110010 3
1%
#6170000
0%
#6175000
b1100001 /
b11000010011100 0
b10 4
b111001 !
b111001 .
b111001 3
1%
#6180000
0%
#6185000
b110000 /
b1100001001110 0
b11 4
b11000010011100 !
b11000010011100 .
b11000010011100 3
1%
#6190000
0%
#6195000
b11000 /
b110000100111 0
b100 4
b1100001001110 !
b1100001001110 .
b1100001001110 3
1%
#6200000
0%
#6205000
b1101101 /
b11011010010011 0
b101 4
b110000100111 !
b110000100111 .
b110000100111 3
1%
#6210000
0%
#6215000
b10010111 /
b100101111001001 0
b110 4
b11011010010011 !
b11011010010011 .
b11011010010011 3
1%
#6220000
0%
#6225000
b10101100 /
b101011001100100 0
b111 4
b100101111001001 !
b100101111001001 .
b100101111001001 3
1%
#6230000
0%
#6235000
b1010110 /
b10101100110010 0
b10 6
b101011001100100 !
b101011001100100 .
b101011001100100 3
1%
#6240000
0%
#6245000
0#
b0 6
1"
1%
#6250000
b110100 *
0%
#6255000
0"
1%
#6260000
b101101 7
0%
#6265000
1%
#6270000
1)
b10011110 '
b10011110 -
b111011 &
b111011 ,
0%
#6275000
b0 /
b1001111 0
1#
b1 6
b0 4
b111011 5
b10011110 !
b10011110 .
b10011110 3
1%
#6280000
0)
0%
#6285000
b111011 /
b1110110100111 0
b1 4
b1001111 !
b1001111 .
b1001111 3
1%
#6290000
0%
#6295000
b1011000 /
b10110001010011 0
b10 4
b1110110100111 !
b1110110100111 .
b1110110100111 3
1%
#6300000
0%
#6305000
b1100111 /
b11001110101001 0
b11 4
b10110001010011 !
b10110001010011 .
b10110001010011 3
1%
#6310000
0%
#6315000
b1101110 /
b11011101010100 0
b100 4
b11001110101001 !
b11001110101001 .
b11001110101001 3
1%
#6320000
0%
#6325000
b110111 /
b1101110101010 0
b101 4
b11011101010100 !
b11011101010100 .
b11011101010100 3
1%
#6330000
0%
#6335000
b11011 /
b110111010101 0
b110 4
b1101110101010 !
b1101110101010 .
b1101110101010 3
1%
#6340000
0%
#6345000
b1001000 /
b10010001101010 0
b111 4
b110111010101 !
b110111010101 .
b110111010101 3
1%
#6350000
0%
#6355000
b100100 /
b1001000110101 0
b10 6
b10010001101010 !
b10010001101010 .
b10010001101010 3
1%
#6360000
0%
#6365000
0#
b0 6
1"
1%
#6370000
b110101 *
0%
#6375000
0"
1%
#6380000
b101110 7
0%
#6385000
1%
#6390000
1)
b111111 '
b111111 -
b10001001 &
b10001001 ,
0%
#6395000
b10001001 /
b100010010011111 0
1#
b1 6
b0 4
b10001001 5
b111111 !
b111111 .
b111111 3
1%
#6400000
0)
0%
#6405000
b11001101 /
b110011011001111 0
b1 4
b100010010011111 !
b100010010011111 .
b100010010011111 3
1%
#6410000
0%
#6415000
b11101111 /
b111011111100111 0
b10 4
b110011011001111 !
b110011011001111 .
b110011011001111 3
1%
#6420000
0%
#6425000
b100000000 /
b1000000001110011 0
b11 4
b111011111100111 !
b111011111100111 .
b111011111100111 3
1%
#6430000
0%
#6435000
b100001001 /
b1000010010111001 0
b100 4
b1000000001110011 !
b1000000001110011 .
b1000000001110011 3
1%
#6440000
0%
#6445000
b100001101 /
b1000011011011100 0
b101 4
b1000010010111001 !
b1000010010111001 .
b1000010010111001 3
1%
#6450000
0%
#6455000
b10000110 /
b100001101101110 0
b110 4
b1000011011011100 !
b1000011011011100 .
b1000011011011100 3
1%
#6460000
0%
#6465000
b1000011 /
b10000110110111 0
b111 4
b100001101101110 !
b100001101101110 .
b100001101101110 3
1%
#6470000
0%
#6475000
b10101010 /
b101010101011011 0
b10 6
b10000110110111 !
b10000110110111 .
b10000110110111 3
1%
#6480000
0%
#6485000
0#
b0 6
1"
1%
#6490000
b110110 *
0%
#6495000
0"
1%
#6500000
b101111 7
0%
#6505000
1%
#6510000
1)
b10011100 '
b10011100 -
b10110110 &
b10110110 ,
0%
#6515000
b0 /
b1001110 0
1#
b1 6
b0 4
b10110110 5
b10011100 !
b10011100 .
b10011100 3
1%
#6520000
0)
0%
#6525000
b100111 0
b1 4
b1001110 !
b1001110 .
b1001110 3
1%
#6530000
0%
#6535000
b10110110 /
b101101100010011 0
b10 4
b100111 !
b100111 .
b100111 3
1%
#6540000
0%
#6545000
b100010001 /
b1000100010001001 0
b11 4
b101101100010011 !
b101101100010011 .
b101101100010011 3
1%
#6550000
0%
#6555000
b100111110 /
b1001111101000100 0
b100 4
b1000100010001001 !
b1000100010001001 .
b1000100010001001 3
1%
#6560000
0%
#6565000
b10011111 /
b100111110100010 0
b101 4
b1001111101000100 !
b1001111101000100 .
b1001111101000100 3
1%
#6570000
0%
#6575000
b1001111 /
b10011111010001 0
b110 4
b100111110100010 !
b100111110100010 .
b100111110100010 3
1%
#6580000
0%
#6585000
b11011101 /
b110111011101000 0
b111 4
b10011111010001 !
b10011111010001 .
b10011111010001 3
1%
#6590000
0%
#6595000
b1101110 /
b11011101110100 0
b10 6
b110111011101000 !
b110111011101000 .
b110111011101000 3
1%
#6600000
0%
#6605000
0#
b0 6
1"
1%
#6610000
b110111 *
0%
#6615000
0"
1%
#6620000
b110000 7
0%
#6625000
1%
#6630000
1)
b1101001 '
b1101001 -
b10001111 &
b10001111 ,
0%
#6635000
b10001111 /
b100011110110100 0
1#
b1 6
b0 4
b10001111 5
b1101001 !
b1101001 .
b1101001 3
1%
#6640000
0)
0%
#6645000
b1000111 /
b10001111011010 0
b1 4
b100011110110100 !
b100011110110100 .
b100011110110100 3
1%
#6650000
0%
#6655000
b100011 /
b1000111101101 0
b10 4
b10001111011010 !
b10001111011010 .
b10001111011010 3
1%
#6660000
0%
#6665000
b10100000 /
b101000001110110 0
b11 4
b1000111101101 !
b1000111101101 .
b1000111101101 3
1%
#6670000
0%
#6675000
b1010000 /
b10100000111011 0
b100 4
b101000001110110 !
b101000001110110 .
b101000001110110 3
1%
#6680000
0%
#6685000
b10110111 /
b101101110011101 0
b101 4
b10100000111011 !
b10100000111011 .
b10100000111011 3
1%
#6690000
0%
#6695000
b11101010 /
b111010101001110 0
b110 4
b101101110011101 !
b101101110011101 .
b101101110011101 3
1%
#6700000
0%
#6705000
b1110101 /
b11101010100111 0
b111 4
b111010101001110 !
b111010101001110 .
b111010101001110 3
1%
#6710000
0%
#6715000
b11001001 /
b110010011010011 0
b10 6
b11101010100111 !
b11101010100111 .
b11101010100111 3
1%
#6720000
0%
#6725000
0#
b0 6
1"
1%
#6730000
b111000 *
0%
#6735000
0"
1%
#6740000
b110001 7
0%
#6745000
1%
#6750000
1)
b111100 '
b111100 -
b11000010 &
b11000010 ,
0%
#6755000
b0 /
b11110 0
1#
b1 6
b0 4
b11000010 5
b111100 !
b111100 .
b111100 3
1%
#6760000
0)
0%
#6765000
b1111 0
b1 4
b11110 !
b11110 .
b11110 3
1%
#6770000
0%
#6775000
b11000010 /
b110000100000111 0
b10 4
b1111 !
b1111 .
b1111 3
1%
#6780000
0%
#6785000
b100100011 /
b1001000110000011 0
b11 4
b110000100000111 !
b110000100000111 .
b110000100000111 3
1%
#6790000
0%
#6795000
b101010011 /
b1010100111000001 0
b100 4
b1001000110000011 !
b1001000110000011 .
b1001000110000011 3
1%
#6800000
0%
#6805000
b101101011 /
b1011010111100000 0
b101 4
b1010100111000001 !
b1010100111000001 .
b1010100111000001 3
1%
#6810000
0%
#6815000
b10110101 /
b101101011110000 0
b110 4
b1011010111100000 !
b1011010111100000 .
b1011010111100000 3
1%
#6820000
0%
#6825000
b1011010 /
b10110101111000 0
b111 4
b101101011110000 !
b101101011110000 .
b101101011110000 3
1%
#6830000
0%
#6835000
b101101 /
b1011010111100 0
b10 6
b10110101111000 !
b10110101111000 .
b10110101111000 3
1%
#6840000
0%
#6845000
0#
b0 6
1"
1%
#6850000
b111001 *
0%
#6855000
0"
1%
#6860000
b110010 7
0%
#6865000
1%
#6870000
1)
b10100100 '
b10100100 -
b10101101 &
b10101101 ,
0%
#6875000
b0 /
b1010010 0
1#
b1 6
b0 4
b10101101 5
b10100100 !
b10100100 .
b10100100 3
1%
#6880000
0)
0%
#6885000
b101001 0
b1 4
b1010010 !
b1010010 .
b1010010 3
1%
#6890000
0%
#6895000
b10101101 /
b101011010010100 0
b10 4
b101001 !
b101001 .
b101001 3
1%
#6900000
0%
#6905000
b1010110 /
b10101101001010 0
b11 4
b101011010010100 !
b101011010010100 .
b101011010010100 3
1%
#6910000
0%
#6915000
b101011 /
b1010110100101 0
b100 4
b10101101001010 !
b10101101001010 .
b10101101001010 3
1%
#6920000
0%
#6925000
b11000010 /
b110000101010010 0
b101 4
b1010110100101 !
b1010110100101 .
b1010110100101 3
1%
#6930000
0%
#6935000
b1100001 /
b11000010101001 0
b110 4
b110000101010010 !
b110000101010010 .
b110000101010010 3
1%
#6940000
0%
#6945000
b11011101 /
b110111011010100 0
b111 4
b11000010101001 !
b11000010101001 .
b11000010101001 3
1%
#6950000
0%
#6955000
b1101110 /
b11011101101010 0
b10 6
b110111011010100 !
b110111011010100 .
b110111011010100 3
1%
#6960000
0%
#6965000
0#
b0 6
1"
1%
#6970000
b111010 *
0%
#6975000
0"
1%
#6980000
b110011 7
0%
#6985000
1%
#6990000
1)
b10010101 '
b10010101 -
b11111 &
b11111 ,
0%
#6995000
b11111 /
b111111001010 0
1#
b1 6
b0 4
b11111 5
b10010101 !
b10010101 .
b10010101 3
1%
#7000000
0)
0%
#7005000
b1111 /
b11111100101 0
b1 4
b111111001010 !
b111111001010 .
b111111001010 3
1%
#7010000
0%
#7015000
b100110 /
b1001101110010 0
b10 4
b11111100101 !
b11111100101 .
b11111100101 3
1%
#7020000
0%
#7025000
b10011 /
b100110111001 0
b11 4
b1001101110010 !
b1001101110010 .
b1001101110010 3
1%
#7030000
0%
#7035000
b101000 /
b1010001011100 0
b100 4
b100110111001 !
b100110111001 .
b100110111001 3
1%
#7040000
0%
#7045000
b10100 /
b101000101110 0
b101 4
b1010001011100 !
b1010001011100 .
b1010001011100 3
1%
#7050000
0%
#7055000
b1010 /
b10100010111 0
b110 4
b101000101110 !
b101000101110 .
b101000101110 3
1%
#7060000
0%
#7065000
b100100 /
b1001000001011 0
b111 4
b10100010111 !
b10100010111 .
b10100010111 3
1%
#7070000
0%
#7075000
b110001 /
b1100010000101 0
b10 6
b1001000001011 !
b1001000001011 .
b1001000001011 3
1%
#7080000
0%
#7085000
0#
b0 6
1"
1%
#7090000
b111011 *
0%
#7095000
0"
1%
#7100000
b110100 7
0%
#7105000
1%
#7110000
1)
b1000011 '
b1000011 -
b10101100 &
b10101100 ,
0%
#7115000
b10101100 /
b101011000100001 0
1#
b1 6
b0 4
b10101100 5
b1000011 !
b1000011 .
b1000011 3
1%
#7120000
0)
0%
#7125000
b100000010 /
b1000000100010000 0
b1 4
b101011000100001 !
b101011000100001 .
b101011000100001 3
1%
#7130000
0%
#7135000
b10000001 /
b100000010001000 0
b10 4
b1000000100010000 !
b1000000100010000 .
b1000000100010000 3
1%
#7140000
0%
#7145000
b1000000 /
b10000001000100 0
b11 4
b100000010001000 !
b100000010001000 .
b100000010001000 3
1%
#7150000
0%
#7155000
b100000 /
b1000000100010 0
b100 4
b10000001000100 !
b10000001000100 .
b10000001000100 3
1%
#7160000
0%
#7165000
b10000 /
b100000010001 0
b101 4
b1000000100010 !
b1000000100010 .
b1000000100010 3
1%
#7170000
0%
#7175000
b10110100 /
b101101000001000 0
b110 4
b100000010001 !
b100000010001 .
b100000010001 3
1%
#7180000
0%
#7185000
b1011010 /
b10110100000100 0
b111 4
b101101000001000 !
b101101000001000 .
b101101000001000 3
1%
#7190000
0%
#7195000
b101101 /
b1011010000010 0
b10 6
b10110100000100 !
b10110100000100 .
b10110100000100 3
1%
#7200000
0%
#7205000
0#
b0 6
1"
1%
#7210000
b111100 *
0%
#7215000
0"
1%
#7220000
b110101 7
0%
#7225000
1%
#7230000
1)
b1001110 '
b1001110 -
b1000111 &
b1000111 ,
0%
#7235000
b0 /
b100111 0
1#
b1 6
b0 4
b1000111 5
b1001110 !
b1001110 .
b1001110 3
1%
#7240000
0)
0%
#7245000
b1000111 /
b10001110010011 0
b1 4
b100111 !
b100111 .
b100111 3
1%
#7250000
0%
#7255000
b1101010 /
b11010101001001 0
b10 4
b10001110010011 !
b10001110010011 .
b10001110010011 3
1%
#7260000
0%
#7265000
b1111100 /
b11111000100100 0
b11 4
b11010101001001 !
b11010101001001 .
b11010101001001 3
1%
#7270000
0%
#7275000
b111110 /
b1111100010010 0
b100 4
b11111000100100 !
b11111000100100 .
b11111000100100 3
1%
#7280000
0%
#7285000
b11111 /
b111110001001 0
b101 4
b1111100010010 !
b1111100010010 .
b1111100010010 3
1%
#7290000
0%
#7295000
b1010110 /
b10101101000100 0
b110 4
b111110001001 !
b111110001001 .
b111110001001 3
1%
#7300000
0%
#7305000
b101011 /
b1010110100010 0
b111 4
b10101101000100 !
b10101101000100 .
b10101101000100 3
1%
#7310000
0%
#7315000
b10101 /
b101011010001 0
b10 6
b1010110100010 !
b1010110100010 .
b1010110100010 3
1%
#7320000
0%
#7325000
0#
b0 6
1"
1%
#7330000
b111101 *
0%
#7335000
0"
1%
#7340000
b110110 7
0%
#7345000
1%
#7350000
1)
b10011 '
b10011 -
b11111101 &
b11111101 ,
0%
#7355000
b11111101 /
b111111010001001 0
1#
b1 6
b0 4
b11111101 5
b10011 !
b10011 .
b10011 3
1%
#7360000
0)
0%
#7365000
b101111011 /
b1011110111000100 0
b1 4
b111111010001001 !
b111111010001001 .
b111111010001001 3
1%
#7370000
0%
#7375000
b10111101 /
b101111011100010 0
b10 4
b1011110111000100 !
b1011110111000100 .
b1011110111000100 3
1%
#7380000
0%
#7385000
b1011110 /
b10111101110001 0
b11 4
b101111011100010 !
b101111011100010 .
b101111011100010 3
1%
#7390000
0%
#7395000
b100101100 /
b1001011000111000 0
b100 4
b10111101110001 !
b10111101110001 .
b10111101110001 3
1%
#7400000
0%
#7405000
b10010110 /
b100101100011100 0
b101 4
b1001011000111000 !
b1001011000111000 .
b1001011000111000 3
1%
#7410000
0%
#7415000
b1001011 /
b10010110001110 0
b110 4
b100101100011100 !
b100101100011100 .
b100101100011100 3
1%
#7420000
0%
#7425000
b100101 /
b1001011000111 0
b111 4
b10010110001110 !
b10010110001110 .
b10010110001110 3
1%
#7430000
0%
#7435000
b100001111 /
b1000011111100011 0
b10 6
b1001011000111 !
b1001011000111 .
b1001011000111 3
1%
#7440000
0%
#7445000
0#
b0 6
1"
1%
#7450000
b111110 *
0%
#7455000
0"
1%
#7460000
b110111 7
0%
#7465000
1%
#7470000
1)
b1010001 '
b1010001 -
b10111001 &
b10111001 ,
0%
#7475000
b10111001 /
b101110010101000 0
1#
b1 6
b0 4
b10111001 5
b1010001 !
b1010001 .
b1010001 3
1%
#7480000
0)
0%
#7485000
b1011100 /
b10111001010100 0
b1 4
b101110010101000 !
b101110010101000 .
b101110010101000 3
1%
#7490000
0%
#7495000
b101110 /
b1011100101010 0
b10 4
b10111001010100 !
b10111001010100 .
b10111001010100 3
1%
#7500000
0%
#7505000
b10111 /
b101110010101 0
b11 4
b1011100101010 !
b1011100101010 .
b1011100101010 3
1%
#7510000
0%
#7515000
b11000100 /
b110001001001010 0
b100 4
b101110010101 !
b101110010101 .
b101110010101 3
1%
#7520000
0%
#7525000
b1100010 /
b11000100100101 0
b101 4
b110001001001010 !
b110001001001010 .
b110001001001010 3
1%
#7530000
0%
#7535000
b11101010 /
b111010100010010 0
b110 4
b11000100100101 !
b11000100100101 .
b11000100100101 3
1%
#7540000
0%
#7545000
b1110101 /
b11101010001001 0
b111 4
b111010100010010 !
b111010100010010 .
b111010100010010 3
1%
#7550000
0%
#7555000
b11110011 /
b111100111000100 0
b10 6
b11101010001001 !
b11101010001001 .
b11101010001001 3
1%
#7560000
0%
#7565000
0#
b0 6
1"
1%
#7570000
b111111 *
0%
#7575000
0"
1%
#7580000
b111000 7
0%
#7585000
1%
#7590000
1)
b1011001 '
b1011001 -
b10111 &
b10111 ,
0%
#7595000
b10111 /
b101110101100 0
1#
b1 6
b0 4
b10111 5
b1011001 !
b1011001 .
b1011001 3
1%
#7600000
0)
0%
#7605000
b1011 /
b10111010110 0
b1 4
b101110101100 !
b101110101100 .
b101110101100 3
1%
#7610000
0%
#7615000
b101 /
b1011101011 0
b10 4
b10111010110 !
b10111010110 .
b10111010110 3
1%
#7620000
0%
#7625000
b11001 /
b110011110101 0
b11 4
b1011101011 !
b1011101011 .
b1011101011 3
1%
#7630000
0%
#7635000
b100011 /
b1000111111010 0
b100 4
b110011110101 !
b110011110101 .
b110011110101 3
1%
#7640000
0%
#7645000
b10001 /
b100011111101 0
b101 4
b1000111111010 !
b1000111111010 .
b1000111111010 3
1%
#7650000
0%
#7655000
b11111 /
b111111111110 0
b110 4
b100011111101 !
b100011111101 .
b100011111101 3
1%
#7660000
0%
#7665000
b1111 /
b11111111111 0
b111 4
b111111111110 !
b111111111110 .
b111111111110 3
1%
#7670000
0%
#7675000
b111101111111 0
b11110 /
b10 6
b11111111111 !
b11111111111 .
b11111111111 3
1%
#7680000
0%
#7685000
0#
b0 6
1"
1%
#7690000
b1000000 *
0%
#7695000
0"
1%
#7700000
b111001 7
0%
#7705000
1%
#7710000
1)
b10100010 '
b10100010 -
b101111 &
b101111 ,
0%
#7715000
b0 /
b1010001 0
1#
b1 6
b0 4
b101111 5
b10100010 !
b10100010 .
b10100010 3
1%
#7720000
0)
0%
#7725000
b101111 /
b1011110101000 0
b1 4
b1010001 !
b1010001 .
b1010001 3
1%
#7730000
0%
#7735000
b10111 /
b101111010100 0
b10 4
b1011110101000 !
b1011110101000 .
b1011110101000 3
1%
#7740000
0%
#7745000
b1011 /
b10111101010 0
b11 4
b101111010100 !
b101111010100 .
b101111010100 3
1%
#7750000
0%
#7755000
b101 /
b1011110101 0
b100 4
b10111101010 !
b10111101010 .
b10111101010 3
1%
#7760000
0%
#7765000
b110001 /
b1100011111010 0
b101 4
b1011110101 !
b1011110101 .
b1011110101 3
1%
#7770000
0%
#7775000
b11000 /
b110001111101 0
b110 4
b1100011111010 !
b1100011111010 .
b1100011111010 3
1%
#7780000
0%
#7785000
b111011 /
b1110110111110 0
b111 4
b110001111101 !
b110001111101 .
b110001111101 3
1%
#7790000
0%
#7795000
b11101 /
b111011011111 0
b10 6
b1110110111110 !
b1110110111110 .
b1110110111110 3
1%
#7800000
0%
#7805000
0#
b0 6
1"
1%
#7810000
b1000001 *
0%
#7815000
0"
1%
#7820000
b111010 7
0%
#7825000
1%
#7830000
1)
b1100101 '
b1100101 -
b11111011 &
b11111011 ,
0%
#7835000
b11111011 /
b111110110110010 0
1#
b1 6
b0 4
b11111011 5
b1100101 !
b1100101 .
b1100101 3
1%
#7840000
0)
0%
#7845000
b1111101 /
b11111011011001 0
b1 4
b111110110110010 !
b111110110110010 .
b111110110110010 3
1%
#7850000
0%
#7855000
b100111001 /
b1001110011101100 0
b10 4
b11111011011001 !
b11111011011001 .
b11111011011001 3
1%
#7860000
0%
#7865000
b10011100 /
b100111001110110 0
b11 4
b1001110011101100 !
b1001110011101100 .
b1001110011101100 3
1%
#7870000
0%
#7875000
b1001110 /
b10011100111011 0
b100 4
b100111001110110 !
b100111001110110 .
b100111001110110 3
1%
#7880000
0%
#7885000
b100100010 /
b1001000100011101 0
b101 4
b10011100111011 !
b10011100111011 .
b10011100111011 3
1%
#7890000
0%
#7895000
b110001100 /
b1100011000001110 0
b110 4
b1001000100011101 !
b1001000100011101 .
b1001000100011101 3
1%
#7900000
0%
#7905000
b11000110 /
b110001100000111 0
b111 4
b1100011000001110 !
b1100011000001110 .
b1100011000001110 3
1%
#7910000
0%
#7915000
b101011110 /
b1010111100000011 0
b10 6
b110001100000111 !
b110001100000111 .
b110001100000111 3
1%
#7920000
0%
#7925000
0#
b0 6
1"
1%
#7930000
b1000010 *
0%
#7935000
0"
1%
#7940000
b111011 7
0%
#7945000
1%
#7950000
1)
b10101101 '
b10101101 -
b1110011 &
b1110011 ,
0%
#7955000
b1110011 /
b11100111010110 0
1#
b1 6
b0 4
b1110011 5
b10101101 !
b10101101 .
b10101101 3
1%
#7960000
0)
0%
#7965000
b111001 /
b1110011101011 0
b1 4
b11100111010110 !
b11100111010110 .
b11100111010110 3
1%
#7970000
0%
#7975000
b10001111 /
b100011111110101 0
b10 4
b1110011101011 !
b1110011101011 .
b1110011101011 3
1%
#7980000
0%
#7985000
b10111010 /
b101110101111010 0
b11 4
b100011111110101 !
b100011111110101 .
b100011111110101 3
1%
#7990000
0%
#7995000
b1011101 /
b10111010111101 0
b100 4
b101110101111010 !
b101110101111010 .
b101110101111010 3
1%
#8000000
0%
#8005000
b10100001 /
b101000011011110 0
b101 4
b10111010111101 !
b10111010111101 .
b10111010111101 3
1%
#8010000
0%
#8015000
b1010000 /
b10100001101111 0
b110 4
b101000011011110 !
b101000011011110 .
b101000011011110 3
1%
#8020000
0%
#8025000
b10011011 /
b100110110110111 0
b111 4
b10100001101111 !
b10100001101111 .
b10100001101111 3
1%
#8030000
0%
#8035000
b11000000 /
b110000001011011 0
b10 6
b100110110110111 !
b100110110110111 .
b100110110110111 3
1%
#8040000
0%
#8045000
0#
b0 6
1"
1%
#8050000
b1000011 *
0%
#8055000
0"
1%
#8060000
b111100 7
0%
#8065000
1%
#8070000
1)
b1110110 '
b1110110 -
b10010100 &
b10010100 ,
0%
#8075000
b0 /
b111011 0
1#
b1 6
b0 4
b10010100 5
b1110110 !
b1110110 .
b1110110 3
1%
#8080000
0)
0%
#8085000
b10010100 /
b100101000011101 0
b1 4
b111011 !
b111011 .
b111011 3
1%
#8090000
0%
#8095000
b11011110 /
b110111100001110 0
b10 4
b100101000011101 !
b100101000011101 .
b100101000011101 3
1%
#8100000
0%
#8105000
b1101111 /
b11011110000111 0
b11 4
b110111100001110 !
b110111100001110 .
b110111100001110 3
1%
#8110000
0%
#8115000
b11001011 /
b110010111000011 0
b100 4
b11011110000111 !
b11011110000111 .
b11011110000111 3
1%
#8120000
0%
#8125000
b11111001 /
b111110011100001 0
b101 4
b110010111000011 !
b110010111000011 .
b110010111000011 3
1%
#8130000
0%
#8135000
b100010000 /
b1000100001110000 0
b110 4
b111110011100001 !
b111110011100001 .
b111110011100001 3
1%
#8140000
0%
#8145000
b10001000 /
b100010000111000 0
b111 4
b1000100001110000 !
b1000100001110000 .
b1000100001110000 3
1%
#8150000
0%
#8155000
b1000100 /
b10001000011100 0
b10 6
b100010000111000 !
b100010000111000 .
b100010000111000 3
1%
#8160000
0%
#8165000
0#
b0 6
1"
1%
#8170000
b1000100 *
0%
#8175000
0"
1%
#8180000
b111101 7
0%
#8185000
1%
#8190000
1)
b110010 '
b110010 -
b1101101 &
b1101101 ,
0%
#8195000
b0 /
b11001 0
1#
b1 6
b0 4
b1101101 5
b110010 !
b110010 .
b110010 3
1%
#8200000
0)
0%
#8205000
b1101101 /
b11011010001100 0
b1 4
b11001 !
b11001 .
b11001 3
1%
#8210000
0%
#8215000
b110110 /
b1101101000110 0
b10 4
b11011010001100 !
b11011010001100 .
b11011010001100 3
1%
#8220000
0%
#8225000
b11011 /
b110110100011 0
b11 4
b1101101000110 !
b1101101000110 .
b1101101000110 3
1%
#8230000
0%
#8235000
b1111010 /
b11110101010001 0
b100 4
b110110100011 !
b110110100011 .
b110110100011 3
1%
#8240000
0%
#8245000
b10101010 /
b101010100101000 0
b101 4
b11110101010001 !
b11110101010001 .
b11110101010001 3
1%
#8250000
0%
#8255000
b1010101 /
b10101010010100 0
b110 4
b101010100101000 !
b101010100101000 .
b101010100101000 3
1%
#8260000
0%
#8265000
b101010 /
b1010101001010 0
b111 4
b10101010010100 !
b10101010010100 .
b10101010010100 3
1%
#8270000
0%
#8275000
b10101 /
b101010100101 0
b10 6
b1010101001010 !
b1010101001010 .
b1010101001010 3
1%
#8280000
0%
#8285000
0#
b0 6
1"
1%
#8290000
b1000101 *
0%
#8295000
0"
1%
#8300000
b111110 7
0%
#8305000
1%
#8310000
1)
b1101111 '
b1101111 -
b1011010 &
b1011010 ,
0%
#8315000
b1011010 /
b10110100110111 0
1#
b1 6
b0 4
b1011010 5
b1101111 !
b1101111 .
b1101111 3
1%
#8320000
0)
0%
#8325000
b10000111 /
b100001110011011 0
b1 4
b10110100110111 !
b10110100110111 .
b10110100110111 3
1%
#8330000
0%
#8335000
b10011101 /
b100111011001101 0
b10 4
b100001110011011 !
b100001110011011 .
b100001110011011 3
1%
#8340000
0%
#8345000
b10101000 /
b101010001100110 0
b11 4
b100111011001101 !
b100111011001101 .
b100111011001101 3
1%
#8350000
0%
#8355000
b1010100 /
b10101000110011 0
b100 4
b101010001100110 !
b101010001100110 .
b101010001100110 3
1%
#8360000
0%
#8365000
b10000100 /
b100001000011001 0
b101 4
b10101000110011 !
b10101000110011 .
b10101000110011 3
1%
#8370000
0%
#8375000
b10011100 /
b100111000001100 0
b110 4
b100001000011001 !
b100001000011001 .
b100001000011001 3
1%
#8380000
0%
#8385000
b1001110 /
b10011100000110 0
b111 4
b100111000001100 !
b100111000001100 .
b100111000001100 3
1%
#8390000
0%
#8395000
b100111 /
b1001110000011 0
b10 6
b10011100000110 !
b10011100000110 .
b10011100000110 3
1%
#8400000
0%
#8405000
0#
b0 6
1"
1%
#8410000
b1000110 *
0%
#8415000
0"
1%
#8420000
b111111 7
0%
#8425000
1%
#8430000
1)
b10100010 '
b10100010 -
b10111100 &
b10111100 ,
0%
#8435000
b0 /
b1010001 0
1#
b1 6
b0 4
b10111100 5
b10100010 !
b10100010 .
b10100010 3
1%
#8440000
0)
0%
#8445000
b10111100 /
b101111000101000 0
b1 4
b1010001 !
b1010001 .
b1010001 3
1%
#8450000
0%
#8455000
b1011110 /
b10111100010100 0
b10 4
b101111000101000 !
b101111000101000 .
b101111000101000 3
1%
#8460000
0%
#8465000
b101111 /
b1011110001010 0
b11 4
b10111100010100 !
b10111100010100 .
b10111100010100 3
1%
#8470000
0%
#8475000
b10111 /
b101111000101 0
b100 4
b1011110001010 !
b1011110001010 .
b1011110001010 3
1%
#8480000
0%
#8485000
b11000111 /
b110001111100010 0
b101 4
b101111000101 !
b101111000101 .
b101111000101 3
1%
#8490000
0%
#8495000
b1100011 /
b11000111110001 0
b110 4
b110001111100010 !
b110001111100010 .
b110001111100010 3
1%
#8500000
0%
#8505000
b11101101 /
b111011011111000 0
b111 4
b11000111110001 !
b11000111110001 .
b11000111110001 3
1%
#8510000
0%
#8515000
b1110110 /
b11101101111100 0
b10 6
b111011011111000 !
b111011011111000 .
b111011011111000 3
1%
#8520000
0%
#8525000
0#
b0 6
1"
1%
#8530000
b1000111 *
0%
#8535000
0"
1%
#8540000
b1000000 7
0%
#8545000
1%
#8550000
1)
b10010101 '
b10010101 -
b1101000 &
b1101000 ,
0%
#8555000
b1101000 /
b11010001001010 0
1#
b1 6
b0 4
b1101000 5
b10010101 !
b10010101 .
b10010101 3
1%
#8560000
0)
0%
#8565000
b110100 /
b1101000100101 0
b1 4
b11010001001010 !
b11010001001010 .
b11010001001010 3
1%
#8570000
0%
#8575000
b10000010 /
b100000100010010 0
b10 4
b1101000100101 !
b1101000100101 .
b1101000100101 3
1%
#8580000
0%
#8585000
b1000001 /
b10000010001001 0
b11 4
b100000100010010 !
b100000100010010 .
b100000100010010 3
1%
#8590000
0%
#8595000
b10001000 /
b100010001000100 0
b100 4
b10000010001001 !
b10000010001001 .
b10000010001001 3
1%
#8600000
0%
#8605000
b1000100 /
b10001000100010 0
b101 4
b100010001000100 !
b100010001000100 .
b100010001000100 3
1%
#8610000
0%
#8615000
b100010 /
b1000100010001 0
b110 4
b10001000100010 !
b10001000100010 .
b10001000100010 3
1%
#8620000
0%
#8625000
b1111001 /
b11110010001000 0
b111 4
b1000100010001 !
b1000100010001 .
b1000100010001 3
1%
#8630000
0%
#8635000
b111100 /
b1111001000100 0
b10 6
b11110010001000 !
b11110010001000 .
b11110010001000 3
1%
#8640000
0%
#8645000
0#
b0 6
1"
1%
#8650000
b1001000 *
0%
#8655000
0"
1%
#8660000
b1000001 7
0%
#8665000
1%
#8670000
1)
b10000111 '
b10000111 -
b11010101 &
b11010101 ,
0%
#8675000
b11010101 /
b110101011000011 0
1#
b1 6
b0 4
b11010101 5
b10000111 !
b10000111 .
b10000111 3
1%
#8680000
0)
0%
#8685000
b100111111 /
b1001111111100001 0
b1 4
b110101011000011 !
b110101011000011 .
b110101011000011 3
1%
#8690000
0%
#8695000
b101110100 /
b1011101001110000 0
b10 4
b1001111111100001 !
b1001111111100001 .
b1001111111100001 3
1%
#8700000
0%
#8705000
b10111010 /
b101110100111000 0
b11 4
b1011101001110000 !
b1011101001110000 .
b1011101001110000 3
1%
#8710000
0%
#8715000
b1011101 /
b10111010011100 0
b100 4
b101110100111000 !
b101110100111000 .
b101110100111000 3
1%
#8720000
0%
#8725000
b101110 /
b1011101001110 0
b101 4
b10111010011100 !
b10111010011100 .
b10111010011100 3
1%
#8730000
0%
#8735000
b10111 /
b101110100111 0
b110 4
b1011101001110 !
b1011101001110 .
b1011101001110 3
1%
#8740000
0%
#8745000
b11100000 /
b111000001010011 0
b111 4
b101110100111 !
b101110100111 .
b101110100111 3
1%
#8750000
0%
#8755000
b101000101 /
b1010001010101001 0
b10 6
b111000001010011 !
b111000001010011 .
b111000001010011 3
1%
#8760000
0%
#8765000
0#
b0 6
1"
1%
#8770000
b1001001 *
0%
#8775000
0"
1%
#8780000
b1000010 7
0%
#8785000
1%
#8790000
1)
b1001101 '
b1001101 -
b11101110 &
b11101110 ,
0%
#8795000
b11101110 /
b111011100100110 0
1#
b1 6
b0 4
b11101110 5
b1001101 !
b1001101 .
b1001101 3
1%
#8800000
0)
0%
#8805000
b1110111 /
b11101110010011 0
b1 4
b111011100100110 !
b111011100100110 .
b111011100100110 3
1%
#8810000
0%
#8815000
b100101001 /
b1001010011001001 0
b10 4
b11101110010011 !
b11101110010011 .
b11101110010011 3
1%
#8820000
0%
#8825000
b110000010 /
b1100000101100100 0
b11 4
b1001010011001001 !
b1001010011001001 .
b1001010011001001 3
1%
#8830000
0%
#8835000
b11000001 /
b110000010110010 0
b100 4
b1100000101100100 !
b1100000101100100 .
b1100000101100100 3
1%
#8840000
0%
#8845000
b1100000 /
b11000001011001 0
b101 4
b110000010110010 !
b110000010110010 .
b110000010110010 3
1%
#8850000
0%
#8855000
b100011110 /
b1000111100101100 0
b110 4
b11000001011001 !
b11000001011001 .
b11000001011001 3
1%
#8860000
0%
#8865000
b10001111 /
b100011110010110 0
b111 4
b1000111100101100 !
b1000111100101100 .
b1000111100101100 3
1%
#8870000
0%
#8875000
b1000111 /
b10001111001011 0
b10 6
b100011110010110 !
b100011110010110 .
b100011110010110 3
1%
#8880000
0%
#8885000
0#
b0 6
1"
1%
#8890000
b1001010 *
0%
#8895000
0"
1%
#8900000
b1000011 7
0%
#8905000
1%
#8910000
1)
b1100001 '
b1100001 -
b1111110 &
b1111110 ,
0%
#8915000
b1111110 /
b11111100110000 0
1#
b1 6
b0 4
b1111110 5
b1100001 !
b1100001 .
b1100001 3
1%
#8920000
0)
0%
#8925000
b111111 /
b1111110011000 0
b1 4
b11111100110000 !
b11111100110000 .
b11111100110000 3
1%
#8930000
0%
#8935000
b11111 /
b111111001100 0
b10 4
b1111110011000 !
b1111110011000 .
b1111110011000 3
1%
#8940000
0%
#8945000
b1111 /
b11111100110 0
b11 4
b111111001100 !
b111111001100 .
b111111001100 3
1%
#8950000
0%
#8955000
b111 /
b1111110011 0
b100 4
b11111100110 !
b11111100110 .
b11111100110 3
1%
#8960000
0%
#8965000
b10000001 /
b100000011111001 0
b101 4
b1111110011 !
b1111110011 .
b1111110011 3
1%
#8970000
0%
#8975000
b10111110 /
b101111101111100 0
b110 4
b100000011111001 !
b100000011111001 .
b100000011111001 3
1%
#8980000
0%
#8985000
b1011111 /
b10111110111110 0
b111 4
b101111101111100 !
b101111101111100 .
b101111101111100 3
1%
#8990000
0%
#8995000
b101111 /
b1011111011111 0
b10 6
b10111110111110 !
b10111110111110 .
b10111110111110 3
1%
#9000000
0%
#9005000
0#
b0 6
1"
1%
#9010000
b1001011 *
0%
#9015000
0"
1%
#9020000
b1000100 7
0%
#9025000
1%
#9030000
1)
b10100111 '
b10100111 -
b10101011 &
b10101011 ,
0%
#9035000
b10101011 /
b101010111010011 0
1#
b1 6
b0 4
b10101011 5
b10100111 !
b10100111 .
b10100111 3
1%
#9040000
0)
0%
#9045000
b100000000 /
b1000000001101001 0
b1 4
b101010111010011 !
b101010111010011 .
b101010111010011 3
1%
#9050000
0%
#9055000
b100101011 /
b1001010110110100 0
b10 4
b1000000001101001 !
b1000000001101001 .
b1000000001101001 3
1%
#9060000
0%
#9065000
b10010101 /
b100101011011010 0
b11 4
b1001010110110100 !
b1001010110110100 .
b1001010110110100 3
1%
#9070000
0%
#9075000
b1001010 /
b10010101101101 0
b100 4
b100101011011010 !
b100101011011010 .
b100101011011010 3
1%
#9080000
0%
#9085000
b11010000 /
b110100000110110 0
b101 4
b10010101101101 !
b10010101101101 .
b10010101101101 3
1%
#9090000
0%
#9095000
b1101000 /
b11010000011011 0
b110 4
b110100000110110 !
b110100000110110 .
b110100000110110 3
1%
#9100000
0%
#9105000
b11011111 /
b110111110001101 0
b111 4
b11010000011011 !
b11010000011011 .
b11010000011011 3
1%
#9110000
0%
#9115000
b100011010 /
b1000110101000110 0
b10 6
b110111110001101 !
b110111110001101 .
b110111110001101 3
1%
#9120000
0%
#9125000
0#
b0 6
1"
1%
#9130000
b1001100 *
0%
#9135000
0"
1%
#9140000
b1000101 7
0%
#9145000
1%
#9150000
1)
b101 '
b101 -
b110011 &
b110011 ,
0%
#9155000
b110011 /
b1100110000010 0
1#
b1 6
b0 4
b110011 5
b101 !
b101 .
b101 3
1%
#9160000
0)
0%
#9165000
b11001 /
b110011000001 0
b1 4
b1100110000010 !
b1100110000010 .
b1100110000010 3
1%
#9170000
0%
#9175000
b111111 /
b1111111100000 0
b10 4
b110011000001 !
b110011000001 .
b110011000001 3
1%
#9180000
0%
#9185000
b11111 /
b111111110000 0
b11 4
b1111111100000 !
b1111111100000 .
b1111111100000 3
1%
#9190000
0%
#9195000
b1111 /
b11111111000 0
b100 4
b111111110000 !
b111111110000 .
b111111110000 3
1%
#9200000
0%
#9205000
b111 /
b1111111100 0
b101 4
b11111111000 !
b11111111000 .
b11111111000 3
1%
#9210000
0%
#9215000
b11 /
b111111110 0
b110 4
b1111111100 !
b1111111100 .
b1111111100 3
1%
#9220000
0%
#9225000
b1 /
b11111111 0
b111 4
b111111110 !
b111111110 .
b111111110 3
1%
#9230000
0%
#9235000
b1100111111111 0
b110011 /
b10 6
b11111111 !
b11111111 .
b11111111 3
1%
#9240000
0%
#9245000
0#
b0 6
1"
1%
#9250000
b1001101 *
0%
#9255000
0"
1%
#9260000
b1000110 7
0%
#9265000
1%
#9270000
1)
b11100 '
b11100 -
b11011011 &
b11011011 ,
0%
#9275000
b0 /
b1110 0
1#
b1 6
b0 4
b11011011 5
b11100 !
b11100 .
b11100 3
1%
#9280000
0)
0%
#9285000
b111 0
b1 4
b1110 !
b1110 .
b1110 3
1%
#9290000
0%
#9295000
b11011011 /
b110110110000011 0
b10 4
b111 !
b111 .
b111 3
1%
#9300000
0%
#9305000
b101001000 /
b1010010001000001 0
b11 4
b110110110000011 !
b110110110000011 .
b110110110000011 3
1%
#9310000
0%
#9315000
b101111111 /
b1011111110100000 0
b100 4
b1010010001000001 !
b1010010001000001 .
b1010010001000001 3
1%
#9320000
0%
#9325000
b10111111 /
b101111111010000 0
b101 4
b1011111110100000 !
b1011111110100000 .
b1011111110100000 3
1%
#9330000
0%
#9335000
b1011111 /
b10111111101000 0
b110 4
b101111111010000 !
b101111111010000 .
b101111111010000 3
1%
#9340000
0%
#9345000
b101111 /
b1011111110100 0
b111 4
b10111111101000 !
b10111111101000 .
b10111111101000 3
1%
#9350000
0%
#9355000
b10111 /
b101111111010 0
b10 6
b1011111110100 !
b1011111110100 .
b1011111110100 3
1%
#9360000
0%
#9365000
0#
b0 6
1"
1%
#9370000
b1001110 *
0%
#9375000
0"
1%
#9380000
b1000111 7
0%
#9385000
1%
#9390000
1)
b1011100 '
b1011100 -
b10111100 &
b10111100 ,
0%
#9395000
b0 /
b101110 0
1#
b1 6
b0 4
b10111100 5
b1011100 !
b1011100 .
b1011100 3
1%
#9400000
0)
0%
#9405000
b10111 0
b1 4
b101110 !
b101110 .
b101110 3
1%
#9410000
0%
#9415000
b10111100 /
b101111000001011 0
b10 4
b10111 !
b10111 .
b10111 3
1%
#9420000
0%
#9425000
b100011010 /
b1000110100000101 0
b11 4
b101111000001011 !
b101111000001011 .
b101111000001011 3
1%
#9430000
0%
#9435000
b101001001 /
b1010010010000010 0
b100 4
b1000110100000101 !
b1000110100000101 .
b1000110100000101 3
1%
#9440000
0%
#9445000
b10100100 /
b101001001000001 0
b101 4
b1010010010000010 !
b1010010010000010 .
b1010010010000010 3
1%
#9450000
0%
#9455000
b100001110 /
b1000011100100000 0
b110 4
b101001001000001 !
b101001001000001 .
b101001001000001 3
1%
#9460000
0%
#9465000
b10000111 /
b100001110010000 0
b111 4
b1000011100100000 !
b1000011100100000 .
b1000011100100000 3
1%
#9470000
0%
#9475000
b1000011 /
b10000111001000 0
b10 6
b100001110010000 !
b100001110010000 .
b100001110010000 3
1%
#9480000
0%
#9485000
0#
b0 6
1"
1%
#9490000
b1001111 *
0%
#9495000
0"
1%
#9500000
b1001000 7
0%
#9505000
1%
#9510000
1)
b11001001 '
b11001001 -
b11001010 &
b11001010 ,
0%
#9515000
b11001010 /
b110010101100100 0
1#
b1 6
b0 4
b11001010 5
b11001001 !
b11001001 .
b11001001 3
1%
#9520000
0)
0%
#9525000
b1100101 /
b11001010110010 0
b1 4
b110010101100100 !
b110010101100100 .
b110010101100100 3
1%
#9530000
0%
#9535000
b110010 /
b1100101011001 0
b10 4
b11001010110010 !
b11001010110010 .
b11001010110010 3
1%
#9540000
0%
#9545000
b11100011 /
b111000110101100 0
b11 4
b1100101011001 !
b1100101011001 .
b1100101011001 3
1%
#9550000
0%
#9555000
b1110001 /
b11100011010110 0
b100 4
b111000110101100 !
b111000110101100 .
b111000110101100 3
1%
#9560000
0%
#9565000
b111000 /
b1110001101011 0
b101 4
b11100011010110 !
b11100011010110 .
b11100011010110 3
1%
#9570000
0%
#9575000
b11100110 /
b111001100110101 0
b110 4
b1110001101011 !
b1110001101011 .
b1110001101011 3
1%
#9580000
0%
#9585000
b100111101 /
b1001111010011010 0
b111 4
b111001100110101 !
b111001100110101 .
b111001100110101 3
1%
#9590000
0%
#9595000
b10011110 /
b100111101001101 0
b10 6
b1001111010011010 !
b1001111010011010 .
b1001111010011010 3
1%
#9600000
0%
#9605000
0#
b0 6
1"
1%
#9610000
b1010000 *
0%
#9615000
0"
1%
#9620000
b1001001 7
0%
#9625000
1%
#9630000
1)
b101100 '
b101100 -
b10 &
b10 ,
0%
#9635000
b0 /
b10110 0
1#
b1 6
b0 4
b10 5
b101100 !
b101100 .
b101100 3
1%
#9640000
0)
0%
#9645000
b1011 0
b1 4
b10110 !
b10110 .
b10110 3
1%
#9650000
0%
#9655000
b10 /
b100000101 0
b10 4
b1011 !
b1011 .
b1011 3
1%
#9660000
0%
#9665000
b11 /
b110000010 0
b11 4
b100000101 !
b100000101 .
b100000101 3
1%
#9670000
0%
#9675000
b1 /
b11000001 0
b100 4
b110000010 !
b110000010 .
b110000010 3
1%
#9680000
0%
#9685000
b10 /
b101100000 0
b101 4
b11000001 !
b11000001 .
b11000001 3
1%
#9690000
0%
#9695000
b1 /
b10110000 0
b110 4
b101100000 !
b101100000 .
b101100000 3
1%
#9700000
0%
#9705000
b0 /
b1011000 0
b111 4
b10110000 !
b10110000 .
b10110000 3
1%
#9710000
0%
#9715000
b101100 0
b10 6
b1011000 !
b1011000 .
b1011000 3
1%
#9720000
0%
#9725000
0#
b0 6
1"
1%
#9730000
b1010001 *
0%
#9735000
0"
1%
#9740000
b1001010 7
0%
#9745000
1%
#9750000
1)
b100110 '
b100110 -
b11101101 &
b11101101 ,
0%
#9755000
b10011 0
1#
b1 6
b0 4
b11101101 5
b100110 !
b100110 .
b100110 3
1%
#9760000
0)
0%
#9765000
b11101101 /
b111011010001001 0
b1 4
b10011 !
b10011 .
b10011 3
1%
#9770000
0%
#9775000
b101100011 /
b1011000111000100 0
b10 4
b111011010001001 !
b111011010001001 .
b111011010001001 3
1%
#9780000
0%
#9785000
b10110001 /
b101100011100010 0
b11 4
b1011000111000100 !
b1011000111000100 .
b1011000111000100 3
1%
#9790000
0%
#9795000
b1011000 /
b10110001110001 0
b100 4
b101100011100010 !
b101100011100010 .
b101100011100010 3
1%
#9800000
0%
#9805000
b100011001 /
b1000110010111000 0
b101 4
b10110001110001 !
b10110001110001 .
b10110001110001 3
1%
#9810000
0%
#9815000
b10001100 /
b100011001011100 0
b110 4
b1000110010111000 !
b1000110010111000 .
b1000110010111000 3
1%
#9820000
0%
#9825000
b1000110 /
b10001100101110 0
b111 4
b100011001011100 !
b100011001011100 .
b100011001011100 3
1%
#9830000
0%
#9835000
b100011 /
b1000110010111 0
b10 6
b10001100101110 !
b10001100101110 .
b10001100101110 3
1%
#9840000
0%
#9845000
0#
b0 6
1"
1%
#9850000
b1010010 *
0%
#9855000
0"
1%
#9860000
b1001011 7
0%
#9865000
1%
#9870000
1)
b110110 '
b110110 -
b11101100 &
b11101100 ,
0%
#9875000
b0 /
b11011 0
1#
b1 6
b0 4
b11101100 5
b110110 !
b110110 .
b110110 3
1%
#9880000
0)
0%
#9885000
b11101100 /
b111011000001101 0
b1 4
b11011 !
b11011 .
b11011 3
1%
#9890000
0%
#9895000
b101100010 /
b1011000100000110 0
b10 4
b111011000001101 !
b111011000001101 .
b111011000001101 3
1%
#9900000
0%
#9905000
b10110001 /
b101100010000011 0
b11 4
b1011000100000110 !
b1011000100000110 .
b1011000100000110 3
1%
#9910000
0%
#9915000
b101000100 /
b1010001001000001 0
b100 4
b101100010000011 !
b101100010000011 .
b101100010000011 3
1%
#9920000
0%
#9925000
b110001110 /
b1100011100100000 0
b101 4
b1010001001000001 !
b1010001001000001 .
b1010001001000001 3
1%
#9930000
0%
#9935000
b11000111 /
b110001110010000 0
b110 4
b1100011100100000 !
b1100011100100000 .
b1100011100100000 3
1%
#9940000
0%
#9945000
b1100011 /
b11000111001000 0
b111 4
b110001110010000 !
b110001110010000 .
b110001110010000 3
1%
#9950000
0%
#9955000
b110001 /
b1100011100100 0
b10 6
b11000111001000 !
b11000111001000 .
b11000111001000 3
1%
#9960000
0%
#9965000
0#
b0 6
1"
1%
#9970000
b1010011 *
0%
#9975000
0"
1%
#9980000
b1001100 7
0%
#9985000
1%
#9990000
1)
b11100101 '
b11100101 -
b111011 &
b111011 ,
0%
#9995000
b111011 /
b1110111110010 0
1#
b1 6
b0 4
b111011 5
b11100101 !
b11100101 .
b11100101 3
1%
#10000000
0)
0%
#10005000
b11101 /
b111011111001 0
b1 4
b1110111110010 !
b1110111110010 .
b1110111110010 3
1%
#10010000
0%
#10015000
b1001001 /
b10010011111100 0
b10 4
b111011111001 !
b111011111001 .
b111011111001 3
1%
#10020000
0%
#10025000
b100100 /
b1001001111110 0
b11 4
b10010011111100 !
b10010011111100 .
b10010011111100 3
1%
#10030000
0%
#10035000
b10010 /
b100100111111 0
b100 4
b1001001111110 !
b1001001111110 .
b1001001111110 3
1%
#10040000
0%
#10045000
b1000100 /
b10001000011111 0
b101 4
b100100111111 !
b100100111111 .
b100100111111 3
1%
#10050000
0%
#10055000
b1011101 /
b10111010001111 0
b110 4
b10001000011111 !
b10001000011111 .
b10001000011111 3
1%
#10060000
0%
#10065000
b1101001 /
b11010011000111 0
b111 4
b10111010001111 !
b10111010001111 .
b10111010001111 3
1%
#10070000
0%
#10075000
b1101111 /
b11011111100011 0
b10 6
b11010011000111 !
b11010011000111 .
b11010011000111 3
1%
#10080000
0%
#10085000
0#
b0 6
1"
1%
#10090000
b1010100 *
0%
#10095000
0"
1%
#10100000
b1001101 7
0%
#10105000
1%
#10110000
1)
b11001010 '
b11001010 -
b11011011 &
b11011011 ,
0%
#10115000
b0 /
b1100101 0
1#
b1 6
b0 4
b11011011 5
b11001010 !
b11001010 .
b11001010 3
1%
#10120000
0)
0%
#10125000
b11011011 /
b110110110110010 0
b1 4
b1100101 !
b1100101 .
b1100101 3
1%
#10130000
0%
#10135000
b1101101 /
b11011011011001 0
b10 4
b110110110110010 !
b110110110110010 .
b110110110110010 3
1%
#10140000
0%
#10145000
b100010001 /
b1000100011101100 0
b11 4
b11011011011001 !
b11011011011001 .
b11011011011001 3
1%
#10150000
0%
#10155000
b10001000 /
b100010001110110 0
b100 4
b1000100011101100 !
b1000100011101100 .
b1000100011101100 3
1%
#10160000
0%
#10165000
b1000100 /
b10001000111011 0
b101 4
b100010001110110 !
b100010001110110 .
b100010001110110 3
1%
#10170000
0%
#10175000
b11111101 /
b111111010011101 0
b110 4
b10001000111011 !
b10001000111011 .
b10001000111011 3
1%
#10180000
0%
#10185000
b101011001 /
b1010110011001110 0
b111 4
b111111010011101 !
b111111010011101 .
b111111010011101 3
1%
#10190000
0%
#10195000
b10101100 /
b101011001100111 0
b10 6
b1010110011001110 !
b1010110011001110 .
b1010110011001110 3
1%
#10200000
0%
#10205000
0#
b0 6
1"
1%
#10210000
b1010101 *
0%
#10215000
0"
1%
#10220000
b1001110 7
0%
#10225000
1%
#10230000
1)
b10000010 '
b10000010 -
b100011 &
b100011 ,
0%
#10235000
b0 /
b1000001 0
1#
b1 6
b0 4
b100011 5
b10000010 !
b10000010 .
b10000010 3
1%
#10240000
0)
0%
#10245000
b100011 /
b1000110100000 0
b1 4
b1000001 !
b1000001 .
b1000001 3
1%
#10250000
0%
#10255000
b10001 /
b100011010000 0
b10 4
b1000110100000 !
b1000110100000 .
b1000110100000 3
1%
#10260000
0%
#10265000
b1000 /
b10001101000 0
b11 4
b100011010000 !
b100011010000 .
b100011010000 3
1%
#10270000
0%
#10275000
b100 /
b1000110100 0
b100 4
b10001101000 !
b10001101000 .
b10001101000 3
1%
#10280000
0%
#10285000
b10 /
b100011010 0
b101 4
b1000110100 !
b1000110100 .
b1000110100 3
1%
#10290000
0%
#10295000
b1 /
b10001101 0
b110 4
b100011010 !
b100011010 .
b100011010 3
1%
#10300000
0%
#10305000
b100011 /
b1000111000110 0
b111 4
b10001101 !
b10001101 .
b10001101 3
1%
#10310000
0%
#10315000
b10001 /
b100011100011 0
b10 6
b1000111000110 !
b1000111000110 .
b1000111000110 3
1%
#10320000
0%
#10325000
0#
b0 6
1"
1%
#10330000
b1010110 *
0%
#10335000
0"
1%
#10340000
b1001111 7
0%
#10345000
1%
#10350000
1)
b10110100 '
b10110100 -
b11111011 &
b11111011 ,
0%
#10355000
b0 /
b1011010 0
1#
b1 6
b0 4
b11111011 5
b10110100 !
b10110100 .
b10110100 3
1%
#10360000
0)
0%
#10365000
b101101 0
b1 4
b1011010 !
b1011010 .
b1011010 3
1%
#10370000
0%
#10375000
b11111011 /
b111110110010110 0
b10 4
b101101 !
b101101 .
b101101 3
1%
#10380000
0%
#10385000
b1111101 /
b11111011001011 0
b11 4
b111110110010110 !
b111110110010110 .
b111110110010110 3
1%
#10390000
0%
#10395000
b100111001 /
b1001110011100101 0
b100 4
b11111011001011 !
b11111011001011 .
b11111011001011 3
1%
#10400000
0%
#10405000
b110010111 /
b1100101111110010 0
b101 4
b1001110011100101 !
b1001110011100101 .
b1001110011100101 3
1%
#10410000
0%
#10415000
b11001011 /
b110010111111001 0
b110 4
b1100101111110010 !
b1100101111110010 .
b1100101111110010 3
1%
#10420000
0%
#10425000
b101100000 /
b1011000001111100 0
b111 4
b110010111111001 !
b110010111111001 .
b110010111111001 3
1%
#10430000
0%
#10435000
b10110000 /
b101100000111110 0
b10 6
b1011000001111100 !
b1011000001111100 .
b1011000001111100 3
1%
#10440000
0%
#10445000
0#
b0 6
1"
1%
#10450000
b1010111 *
0%
#10455000
0"
1%
#10460000
b1010000 7
0%
#10465000
1%
#10470000
1)
b11000100 '
b11000100 -
b1011010 &
b1011010 ,
0%
#10475000
b0 /
b1100010 0
1#
b1 6
b0 4
b1011010 5
b11000100 !
b11000100 .
b11000100 3
1%
#10480000
0)
0%
#10485000
b110001 0
b1 4
b1100010 !
b1100010 .
b1100010 3
1%
#10490000
0%
#10495000
b1011010 /
b10110100011000 0
b10 4
b110001 !
b110001 .
b110001 3
1%
#10500000
0%
#10505000
b101101 /
b1011010001100 0
b11 4
b10110100011000 !
b10110100011000 .
b10110100011000 3
1%
#10510000
0%
#10515000
b10110 /
b101101000110 0
b100 4
b1011010001100 !
b1011010001100 .
b1011010001100 3
1%
#10520000
0%
#10525000
b1011 /
b10110100011 0
b101 4
b101101000110 !
b101101000110 .
b101101000110 3
1%
#10530000
0%
#10535000
b1011111 /
b10111111010001 0
b110 4
b10110100011 !
b10110100011 .
b10110100011 3
1%
#10540000
0%
#10545000
b10001001 /
b100010011101000 0
b111 4
b10111111010001 !
b10111111010001 .
b10111111010001 3
1%
#10550000
0%
#10555000
b1000100 /
b10001001110100 0
b10 6
b100010011101000 !
b100010011101000 .
b100010011101000 3
1%
#10560000
0%
#10565000
0#
b0 6
1"
1%
#10570000
b1011000 *
0%
#10575000
0"
1%
#10580000
b1010001 7
0%
#10585000
1%
#10590000
1)
b10110 '
b10110 -
b10010100 &
b10010100 ,
0%
#10595000
b0 /
b1011 0
1#
b1 6
b0 4
b10010100 5
b10110 !
b10110 .
b10110 3
1%
#10600000
0)
0%
#10605000
b10010100 /
b100101000000101 0
b1 4
b1011 !
b1011 .
b1011 3
1%
#10610000
0%
#10615000
b11011110 /
b110111100000010 0
b10 4
b100101000000101 !
b100101000000101 .
b100101000000101 3
1%
#10620000
0%
#10625000
b1101111 /
b11011110000001 0
b11 4
b110111100000010 !
b110111100000010 .
b110111100000010 3
1%
#10630000
0%
#10635000
b11001011 /
b110010111000000 0
b100 4
b11011110000001 !
b11011110000001 .
b11011110000001 3
1%
#10640000
0%
#10645000
b1100101 /
b11001011100000 0
b101 4
b110010111000000 !
b110010111000000 .
b110010111000000 3
1%
#10650000
0%
#10655000
b110010 /
b1100101110000 0
b110 4
b11001011100000 !
b11001011100000 .
b11001011100000 3
1%
#10660000
0%
#10665000
b11001 /
b110010111000 0
b111 4
b1100101110000 !
b1100101110000 .
b1100101110000 3
1%
#10670000
0%
#10675000
b1100 /
b11001011100 0
b10 6
b110010111000 !
b110010111000 .
b110010111000 3
1%
#10680000
0%
#10685000
0#
b0 6
1"
1%
#10690000
b1011001 *
0%
#10695000
0"
1%
#10700000
b1010010 7
0%
#10705000
1%
#10710000
1)
b10111 '
b10111 -
b1100011 &
b1100011 ,
0%
#10715000
b1100011 /
b11000110001011 0
1#
b1 6
b0 4
b1100011 5
b10111 !
b10111 .
b10111 3
1%
#10720000
0)
0%
#10725000
b10010100 /
b100101001000101 0
b1 4
b11000110001011 !
b11000110001011 .
b11000110001011 3
1%
#10730000
0%
#10735000
b10101101 /
b101011010100010 0
b10 4
b100101001000101 !
b100101001000101 .
b100101001000101 3
1%
#10740000
0%
#10745000
b1010110 /
b10101101010001 0
b11 4
b101011010100010 !
b101011010100010 .
b101011010100010 3
1%
#10750000
0%
#10755000
b10001110 /
b100011100101000 0
b100 4
b10101101010001 !
b10101101010001 .
b10101101010001 3
1%
#10760000
0%
#10765000
b1000111 /
b10001110010100 0
b101 4
b100011100101000 !
b100011100101000 .
b100011100101000 3
1%
#10770000
0%
#10775000
b100011 /
b1000111001010 0
b110 4
b10001110010100 !
b10001110010100 .
b10001110010100 3
1%
#10780000
0%
#10785000
b10001 /
b100011100101 0
b111 4
b1000111001010 !
b1000111001010 .
b1000111001010 3
1%
#10790000
0%
#10795000
b1101011 /
b11010111110010 0
b10 6
b100011100101 !
b100011100101 .
b100011100101 3
1%
#10800000
0%
#10805000
0#
b0 6
1"
1%
#10810000
b1011010 *
0%
#10815000
0"
1%
#10820000
b1010011 7
0%
#10825000
1%
#10830000
1)
b10001110 '
b10001110 -
b100 &
b100 ,
0%
#10835000
b0 /
b1000111 0
1#
b1 6
b0 4
b100 5
b10001110 !
b10001110 .
b10001110 3
1%
#10840000
0)
0%
#10845000
b100 /
b1000100011 0
b1 4
b1000111 !
b1000111 .
b1000111 3
1%
#10850000
0%
#10855000
b110 /
b1100010001 0
b10 4
b1000100011 !
b1000100011 .
b1000100011 3
1%
#10860000
0%
#10865000
b111 /
b1110001000 0
b11 4
b1100010001 !
b1100010001 .
b1100010001 3
1%
#10870000
0%
#10875000
b11 /
b111000100 0
b100 4
b1110001000 !
b1110001000 .
b1110001000 3
1%
#10880000
0%
#10885000
b1 /
b11100010 0
b101 4
b111000100 !
b111000100 .
b111000100 3
1%
#10890000
0%
#10895000
b0 /
b1110001 0
b110 4
b11100010 !
b11100010 .
b11100010 3
1%
#10900000
0%
#10905000
b100 /
b1000111000 0
b111 4
b1110001 !
b1110001 .
b1110001 3
1%
#10910000
0%
#10915000
b10 /
b100011100 0
b10 6
b1000111000 !
b1000111000 .
b1000111000 3
1%
#10920000
0%
#10925000
0#
b0 6
1"
1%
#10930000
b1011011 *
0%
#10935000
0"
1%
#10940000
b1010100 7
0%
#10945000
1%
#10950000
1)
b10010100 '
b10010100 -
b1111110 &
b1111110 ,
0%
#10955000
b0 /
b1001010 0
1#
b1 6
b0 4
b1111110 5
b10010100 !
b10010100 .
b10010100 3
1%
#10960000
0)
0%
#10965000
b100101 0
b1 4
b1001010 !
b1001010 .
b1001010 3
1%
#10970000
0%
#10975000
b1111110 /
b11111100010010 0
b10 4
b100101 !
b100101 .
b100101 3
1%
#10980000
0%
#10985000
b111111 /
b1111110001001 0
b11 4
b11111100010010 !
b11111100010010 .
b11111100010010 3
1%
#10990000
0%
#10995000
b10011101 /
b100111011000100 0
b100 4
b1111110001001 !
b1111110001001 .
b1111110001001 3
1%
#11000000
0%
#11005000
b1001110 /
b10011101100010 0
b101 4
b100111011000100 !
b100111011000100 .
b100111011000100 3
1%
#11010000
0%
#11015000
b100111 /
b1001110110001 0
b110 4
b10011101100010 !
b10011101100010 .
b10011101100010 3
1%
#11020000
0%
#11025000
b10010001 /
b100100011011000 0
b111 4
b1001110110001 !
b1001110110001 .
b1001110110001 3
1%
#11030000
0%
#11035000
b1001000 /
b10010001101100 0
b10 6
b100100011011000 !
b100100011011000 .
b100100011011000 3
1%
#11040000
0%
#11045000
0#
b0 6
1"
1%
#11050000
b1011100 *
0%
#11055000
0"
1%
#11060000
b1010101 7
0%
#11065000
1%
#11070000
1)
b11000011 '
b11000011 -
b1110 &
b1110 ,
0%
#11075000
b1110 /
b11101100001 0
1#
b1 6
b0 4
b1110 5
b11000011 !
b11000011 .
b11000011 3
1%
#11080000
0)
0%
#11085000
b10101 /
b101010110000 0
b1 4
b11101100001 !
b11101100001 .
b11101100001 3
1%
#11090000
0%
#11095000
b1010 /
b10101011000 0
b10 4
b101010110000 !
b101010110000 .
b101010110000 3
1%
#11100000
0%
#11105000
b101 /
b1010101100 0
b11 4
b10101011000 !
b10101011000 .
b10101011000 3
1%
#11110000
0%
#11115000
b10 /
b101010110 0
b100 4
b1010101100 !
b1010101100 .
b1010101100 3
1%
#11120000
0%
#11125000
b1 /
b10101011 0
b101 4
b101010110 !
b101010110 .
b101010110 3
1%
#11130000
0%
#11135000
b1110 /
b11101010101 0
b110 4
b10101011 !
b10101011 .
b10101011 3
1%
#11140000
0%
#11145000
b10101 /
b101010101010 0
b111 4
b11101010101 !
b11101010101 .
b11101010101 3
1%
#11150000
0%
#11155000
b1010 /
b10101010101 0
b10 6
b101010101010 !
b101010101010 .
b101010101010 3
1%
#11160000
0%
#11165000
0#
b0 6
1"
1%
#11170000
b1011101 *
0%
#11175000
0"
1%
#11180000
b1010110 7
0%
#11185000
1%
#11190000
1)
b11110 '
b11110 -
b1101101 &
b1101101 ,
0%
#11195000
b0 /
b1111 0
1#
b1 6
b0 4
b1101101 5
b11110 !
b11110 .
b11110 3
1%
#11200000
0)
0%
#11205000
b1101101 /
b11011010000111 0
b1 4
b1111 !
b1111 .
b1111 3
1%
#11210000
0%
#11215000
b10100011 /
b101000111000011 0
b10 4
b11011010000111 !
b11011010000111 .
b11011010000111 3
1%
#11220000
0%
#11225000
b10111110 /
b101111101100001 0
b11 4
b101000111000011 !
b101000111000011 .
b101000111000011 3
1%
#11230000
0%
#11235000
b11001100 /
b110011000110000 0
b100 4
b101111101100001 !
b101111101100001 .
b101111101100001 3
1%
#11240000
0%
#11245000
b1100110 /
b11001100011000 0
b101 4
b110011000110000 !
b110011000110000 .
b110011000110000 3
1%
#11250000
0%
#11255000
b110011 /
b1100110001100 0
b110 4
b11001100011000 !
b11001100011000 .
b11001100011000 3
1%
#11260000
0%
#11265000
b11001 /
b110011000110 0
b111 4
b1100110001100 !
b1100110001100 .
b1100110001100 3
1%
#11270000
0%
#11275000
b1100 /
b11001100011 0
b10 6
b110011000110 !
b110011000110 .
b110011000110 3
1%
#11280000
0%
#11285000
0#
b0 6
1"
1%
#11290000
b1011110 *
0%
#11295000
0"
1%
#11300000
b1010111 7
0%
#11305000
1%
#11310000
1)
b111000 '
b111000 -
b10110011 &
b10110011 ,
0%
#11315000
b0 /
b11100 0
1#
b1 6
b0 4
b10110011 5
b111000 !
b111000 .
b111000 3
1%
#11320000
0)
0%
#11325000
b1110 0
b1 4
b11100 !
b11100 .
b11100 3
1%
#11330000
0%
#11335000
b111 0
b10 4
b1110 !
b1110 .
b1110 3
1%
#11340000
0%
#11345000
b10110011 /
b101100110000011 0
b11 4
b111 !
b111 .
b111 3
1%
#11350000
0%
#11355000
b100001100 /
b1000011001000001 0
b100 4
b101100110000011 !
b101100110000011 .
b101100110000011 3
1%
#11360000
0%
#11365000
b100111001 /
b1001110010100000 0
b101 4
b1000011001000001 !
b1000011001000001 .
b1000011001000001 3
1%
#11370000
0%
#11375000
b10011100 /
b100111001010000 0
b110 4
b1001110010100000 !
b1001110010100000 .
b1001110010100000 3
1%
#11380000
0%
#11385000
b1001110 /
b10011100101000 0
b111 4
b100111001010000 !
b100111001010000 .
b100111001010000 3
1%
#11390000
0%
#11395000
b100111 /
b1001110010100 0
b10 6
b10011100101000 !
b10011100101000 .
b10011100101000 3
1%
#11400000
0%
#11405000
0#
b0 6
1"
1%
#11410000
b1011111 *
0%
#11415000
0"
1%
#11420000
b1011000 7
0%
#11425000
1%
#11430000
1)
b11011101 '
b11011101 -
b111001 &
b111001 ,
0%
#11435000
b111001 /
b1110011101110 0
1#
b1 6
b0 4
b111001 5
b11011101 !
b11011101 .
b11011101 3
1%
#11440000
0)
0%
#11445000
b11100 /
b111001110111 0
b1 4
b1110011101110 !
b1110011101110 .
b1110011101110 3
1%
#11450000
0%
#11455000
b1000111 /
b10001110111011 0
b10 4
b111001110111 !
b111001110111 .
b111001110111 3
1%
#11460000
0%
#11465000
b1011100 /
b10111001011101 0
b11 4
b10001110111011 !
b10001110111011 .
b10001110111011 3
1%
#11470000
0%
#11475000
b1100111 /
b11001110101110 0
b100 4
b10111001011101 !
b10111001011101 .
b10111001011101 3
1%
#11480000
0%
#11485000
b110011 /
b1100111010111 0
b101 4
b11001110101110 !
b11001110101110 .
b11001110101110 3
1%
#11490000
0%
#11495000
b1010010 /
b10100101101011 0
b110 4
b1100111010111 !
b1100111010111 .
b1100111010111 3
1%
#11500000
0%
#11505000
b1100010 /
b11000100110101 0
b111 4
b10100101101011 !
b10100101101011 .
b10100101101011 3
1%
#11510000
0%
#11515000
b1101010 /
b11010100011010 0
b10 6
b11000100110101 !
b11000100110101 .
b11000100110101 3
1%
#11520000
0%
#11525000
0#
b0 6
1"
1%
#11530000
b1100000 *
0%
#11535000
0"
1%
#11540000
b1011001 7
0%
#11545000
1%
#11550000
1)
b11111101 '
b11111101 -
b10101111 &
b10101111 ,
0%
#11555000
b10101111 /
b101011111111110 0
1#
b1 6
b0 4
b10101111 5
b11111101 !
b11111101 .
b11111101 3
1%
#11560000
0)
0%
#11565000
b1010111 /
b10101111111111 0
b1 4
b101011111111110 !
b101011111111110 .
b101011111111110 3
1%
#11570000
0%
#11575000
b110110101111111 0
b11011010 /
b10 4
b10101111111111 !
b10101111111111 .
b10101111111111 3
1%
#11580000
0%
#11585000
b100011100 /
b1000111000111111 0
b11 4
b110110101111111 !
b110110101111111 .
b110110101111111 3
1%
#11590000
0%
#11595000
b100111101 /
b1001111010011111 0
b100 4
b1000111000111111 !
b1000111000111111 .
b1000111000111111 3
1%
#11600000
0%
#11605000
b101001101 /
b1010011011001111 0
b101 4
b1001111010011111 !
b1001111010011111 .
b1001111010011111 3
1%
#11610000
0%
#11615000
b101010101 /
b1010101011100111 0
b110 4
b1010011011001111 !
b1010011011001111 .
b1010011011001111 3
1%
#11620000
0%
#11625000
b101011001 /
b1010110011110011 0
b111 4
b1010101011100111 !
b1010101011100111 .
b1010101011100111 3
1%
#11630000
0%
#11635000
b101011011 /
b1010110111111001 0
b10 6
b1010110011110011 !
b1010110011110011 .
b1010110011110011 3
1%
#11640000
0%
#11645000
0#
b0 6
1"
1%
#11650000
b1100001 *
0%
#11655000
0"
1%
#11660000
b1011010 7
0%
#11665000
1%
#11670000
1)
b1101 '
b1101 -
b11101010 &
b11101010 ,
0%
#11675000
b11101010 /
b111010100000110 0
1#
b1 6
b0 4
b11101010 5
b1101 !
b1101 .
b1101 3
1%
#11680000
0)
0%
#11685000
b1110101 /
b11101010000011 0
b1 4
b111010100000110 !
b111010100000110 .
b111010100000110 3
1%
#11690000
0%
#11695000
b100100100 /
b1001001001000001 0
b10 4
b11101010000011 !
b11101010000011 .
b11101010000011 3
1%
#11700000
0%
#11705000
b101111100 /
b1011111000100000 0
b11 4
b1001001001000001 !
b1001001001000001 .
b1001001001000001 3
1%
#11710000
0%
#11715000
b10111110 /
b101111100010000 0
b100 4
b1011111000100000 !
b1011111000100000 .
b1011111000100000 3
1%
#11720000
0%
#11725000
b1011111 /
b10111110001000 0
b101 4
b101111100010000 !
b101111100010000 .
b101111100010000 3
1%
#11730000
0%
#11735000
b101111 /
b1011111000100 0
b110 4
b10111110001000 !
b10111110001000 .
b10111110001000 3
1%
#11740000
0%
#11745000
b10111 /
b101111100010 0
b111 4
b1011111000100 !
b1011111000100 .
b1011111000100 3
1%
#11750000
0%
#11755000
b1011 /
b10111110001 0
b10 6
b101111100010 !
b101111100010 .
b101111100010 3
1%
#11760000
0%
#11765000
0#
b0 6
1"
1%
#11770000
b1100010 *
0%
#11775000
0"
1%
#11780000
b1011011 7
0%
#11785000
1%
#11790000
1)
b10011011 '
b10011011 -
b1011100 &
b1011100 ,
0%
#11795000
b1011100 /
b10111001001101 0
1#
b1 6
b0 4
b1011100 5
b10011011 !
b10011011 .
b10011011 3
1%
#11800000
0)
0%
#11805000
b10001010 /
b100010100100110 0
b1 4
b10111001001101 !
b10111001001101 .
b10111001001101 3
1%
#11810000
0%
#11815000
b1000101 /
b10001010010011 0
b10 4
b100010100100110 !
b100010100100110 .
b100010100100110 3
1%
#11820000
0%
#11825000
b1111110 /
b11111101001001 0
b11 4
b10001010010011 !
b10001010010011 .
b10001010010011 3
1%
#11830000
0%
#11835000
b10011011 /
b100110110100100 0
b100 4
b11111101001001 !
b11111101001001 .
b11111101001001 3
1%
#11840000
0%
#11845000
b1001101 /
b10011011010010 0
b101 4
b100110110100100 !
b100110110100100 .
b100110110100100 3
1%
#11850000
0%
#11855000
b100110 /
b1001101101001 0
b110 4
b10011011010010 !
b10011011010010 .
b10011011010010 3
1%
#11860000
0%
#11865000
b1101111 /
b11011110110100 0
b111 4
b1001101101001 !
b1001101101001 .
b1001101101001 3
1%
#11870000
0%
#11875000
b110111 /
b1101111011010 0
b10 6
b11011110110100 !
b11011110110100 .
b11011110110100 3
1%
#11880000
0%
#11885000
0#
b0 6
1"
1%
#11890000
b1100011 *
0%
#11895000
0"
1%
#11900000
b1011100 7
0%
#11905000
1%
#11910000
1)
b11100000 '
b11100000 -
b11001011 &
b11001011 ,
0%
#11915000
b0 /
b1110000 0
1#
b1 6
b0 4
b11001011 5
b11100000 !
b11100000 .
b11100000 3
1%
#11920000
0)
0%
#11925000
b111000 0
b1 4
b1110000 !
b1110000 .
b1110000 3
1%
#11930000
0%
#11935000
b11100 0
b10 4
b111000 !
b111000 .
b111000 3
1%
#11940000
0%
#11945000
b1110 0
b11 4
b11100 !
b11100 .
b11100 3
1%
#11950000
0%
#11955000
b111 0
b100 4
b1110 !
b1110 .
b1110 3
1%
#11960000
0%
#11965000
b11001011 /
b110010110000011 0
b101 4
b111 !
b111 .
b111 3
1%
#11970000
0%
#11975000
b100110000 /
b1001100001000001 0
b110 4
b110010110000011 !
b110010110000011 .
b110010110000011 3
1%
#11980000
0%
#11985000
b101100011 /
b1011000110100000 0
b111 4
b1001100001000001 !
b1001100001000001 .
b1001100001000001 3
1%
#11990000
0%
#11995000
b10110001 /
b101100011010000 0
b10 6
b1011000110100000 !
b1011000110100000 .
b1011000110100000 3
1%
#12000000
0%
#12005000
0#
b0 6
1"
1%
#12010000
b1100100 *
0%
#12015000
0"
1%
#12020000
b1011101 7
0%
#12025000
1%
#12030000
1)
b1011011 '
b1011011 -
b10010011 &
b10010011 ,
0%
#12035000
b10010011 /
b100100110101101 0
1#
b1 6
b0 4
b10010011 5
b1011011 !
b1011011 .
b1011011 3
1%
#12040000
0)
0%
#12045000
b11011100 /
b110111001010110 0
b1 4
b100100110101101 !
b100100110101101 .
b100100110101101 3
1%
#12050000
0%
#12055000
b1101110 /
b11011100101011 0
b10 4
b110111001010110 !
b110111001010110 .
b110111001010110 3
1%
#12060000
0%
#12065000
b11001010 /
b110010100010101 0
b11 4
b11011100101011 !
b11011100101011 .
b11011100101011 3
1%
#12070000
0%
#12075000
b11111000 /
b111110000001010 0
b100 4
b110010100010101 !
b110010100010101 .
b110010100010101 3
1%
#12080000
0%
#12085000
b1111100 /
b11111000000101 0
b101 4
b111110000001010 !
b111110000001010 .
b111110000001010 3
1%
#12090000
0%
#12095000
b11010001 /
b110100010000010 0
b110 4
b11111000000101 !
b11111000000101 .
b11111000000101 3
1%
#12100000
0%
#12105000
b1101000 /
b11010001000001 0
b111 4
b110100010000010 !
b110100010000010 .
b110100010000010 3
1%
#12110000
0%
#12115000
b11000111 /
b110001110100000 0
b10 6
b11010001000001 !
b11010001000001 .
b11010001000001 3
1%
#12120000
0%
#12125000
0#
b0 6
1"
1%
#12130000
b1100101 *
0%
#12135000
0"
1%
#12140000
b1011110 7
0%
#12145000
1%
#12150000
1)
b11101110 '
b11101110 -
b10111110 &
b10111110 ,
0%
#12155000
b0 /
b1110111 0
1#
b1 6
b0 4
b10111110 5
b11101110 !
b11101110 .
b11101110 3
1%
#12160000
0)
0%
#12165000
b10111110 /
b101111100111011 0
b1 4
b1110111 !
b1110111 .
b1110111 3
1%
#12170000
0%
#12175000
b100011101 /
b1000111010011101 0
b10 4
b101111100111011 !
b101111100111011 .
b101111100111011 3
1%
#12180000
0%
#12185000
b101001100 /
b1010011001001110 0
b11 4
b1000111010011101 !
b1000111010011101 .
b1000111010011101 3
1%
#12190000
0%
#12195000
b10100110 /
b101001100100111 0
b100 4
b1010011001001110 !
b1010011001001110 .
b1010011001001110 3
1%
#12200000
0%
#12205000
b100010001 /
b1000100010010011 0
b101 4
b101001100100111 !
b101001100100111 .
b101001100100111 3
1%
#12210000
0%
#12215000
b101000110 /
b1010001101001001 0
b110 4
b1000100010010011 !
b1000100010010011 .
b1000100010010011 3
1%
#12220000
0%
#12225000
b101100001 /
b1011000010100100 0
b111 4
b1010001101001001 !
b1010001101001001 .
b1010001101001001 3
1%
#12230000
0%
#12235000
b10110000 /
b101100001010010 0
b10 6
b1011000010100100 !
b1011000010100100 .
b1011000010100100 3
1%
#12240000
0%
#12245000
0#
b0 6
1"
1%
#12250000
b1100110 *
0%
#12255000
0"
1%
#12260000
b1011111 7
0%
#12265000
1%
#12270000
1)
b10111100 '
b10111100 -
b11000011 &
b11000011 ,
0%
#12275000
b0 /
b1011110 0
1#
b1 6
b0 4
b11000011 5
b10111100 !
b10111100 .
b10111100 3
1%
#12280000
0)
0%
#12285000
b101111 0
b1 4
b1011110 !
b1011110 .
b1011110 3
1%
#12290000
0%
#12295000
b11000011 /
b110000110010111 0
b10 4
b101111 !
b101111 .
b101111 3
1%
#12300000
0%
#12305000
b100100100 /
b1001001001001011 0
b11 4
b110000110010111 !
b110000110010111 .
b110000110010111 3
1%
#12310000
0%
#12315000
b101010101 /
b1010101010100101 0
b100 4
b1001001001001011 !
b1001001001001011 .
b1001001001001011 3
1%
#12320000
0%
#12325000
b101101101 /
b1011011011010010 0
b101 4
b1010101010100101 !
b1010101010100101 .
b1010101010100101 3
1%
#12330000
0%
#12335000
b10110110 /
b101101101101001 0
b110 4
b1011011011010010 !
b1011011011010010 .
b1011011011010010 3
1%
#12340000
0%
#12345000
b100011110 /
b1000111100110100 0
b111 4
b101101101101001 !
b101101101101001 .
b101101101101001 3
1%
#12350000
0%
#12355000
b10001111 /
b100011110011010 0
b10 6
b1000111100110100 !
b1000111100110100 .
b1000111100110100 3
1%
#12360000
0%
#12365000
0#
b0 6
1"
1%
#12370000
b1100111 *
0%
#12375000
0"
1%
#12380000
b1100000 7
0%
#12385000
1%
#12390000
1)
b1101101 '
b1101101 -
b10111111 &
b10111111 ,
0%
#12395000
b10111111 /
b101111110110110 0
1#
b1 6
b0 4
b10111111 5
b1101101 !
b1101101 .
b1101101 3
1%
#12400000
0)
0%
#12405000
b1011111 /
b10111111011011 0
b1 4
b101111110110110 !
b101111110110110 .
b101111110110110 3
1%
#12410000
0%
#12415000
b11101110 /
b111011101101101 0
b10 4
b10111111011011 !
b10111111011011 .
b10111111011011 3
1%
#12420000
0%
#12425000
b100110110 /
b1001101100110110 0
b11 4
b111011101101101 !
b111011101101101 .
b111011101101101 3
1%
#12430000
0%
#12435000
b10011011 /
b100110110011011 0
b100 4
b1001101100110110 !
b1001101100110110 .
b1001101100110110 3
1%
#12440000
0%
#12445000
b100001100 /
b1000011001001101 0
b101 4
b100110110011011 !
b100110110011011 .
b100110110011011 3
1%
#12450000
0%
#12455000
b101000101 /
b1010001010100110 0
b110 4
b1000011001001101 !
b1000011001001101 .
b1000011001001101 3
1%
#12460000
0%
#12465000
b10100010 /
b101000101010011 0
b111 4
b1010001010100110 !
b1010001010100110 .
b1010001010100110 3
1%
#12470000
0%
#12475000
b100010000 /
b1000100000101001 0
b10 6
b101000101010011 !
b101000101010011 .
b101000101010011 3
1%
#12480000
0%
#12485000
0#
b0 6
1"
1%
#12490000
b1101000 *
0%
#12495000
0"
1%
#12500000
b1100001 7
0%
#12505000
1%
#12510000
1)
b10111100 '
b10111100 -
b1100111 &
b1100111 ,
0%
#12515000
b0 /
b1011110 0
1#
b1 6
b0 4
b1100111 5
b10111100 !
b10111100 .
b10111100 3
1%
#12520000
0)
0%
#12525000
b101111 0
b1 4
b1011110 !
b1011110 .
b1011110 3
1%
#12530000
0%
#12535000
b1100111 /
b11001110010111 0
b10 4
b101111 !
b101111 .
b101111 3
1%
#12540000
0%
#12545000
b10011010 /
b100110101001011 0
b11 4
b11001110010111 !
b11001110010111 .
b11001110010111 3
1%
#12550000
0%
#12555000
b10110100 /
b101101000100101 0
b100 4
b100110101001011 !
b100110101001011 .
b100110101001011 3
1%
#12560000
0%
#12565000
b11000001 /
b110000010010010 0
b101 4
b101101000100101 !
b101101000100101 .
b101101000100101 3
1%
#12570000
0%
#12575000
b1100000 /
b11000001001001 0
b110 4
b110000010010010 !
b110000010010010 .
b110000010010010 3
1%
#12580000
0%
#12585000
b10010111 /
b100101110100100 0
b111 4
b11000001001001 !
b11000001001001 .
b11000001001001 3
1%
#12590000
0%
#12595000
b1001011 /
b10010111010010 0
b10 6
b100101110100100 !
b100101110100100 .
b100101110100100 3
1%
#12600000
0%
#12605000
0#
b0 6
1"
1%
#12610000
b1101001 *
0%
#12615000
0"
1%
#12620000
b1100010 7
0%
#12625000
1%
#12630000
1)
b110000 '
b110000 -
b1111101 &
b1111101 ,
0%
#12635000
b0 /
b11000 0
1#
b1 6
b0 4
b1111101 5
b110000 !
b110000 .
b110000 3
1%
#12640000
0)
0%
#12645000
b1100 0
b1 4
b11000 !
b11000 .
b11000 3
1%
#12650000
0%
#12655000
b110 0
b10 4
b1100 !
b1100 .
b1100 3
1%
#12660000
0%
#12665000
b11 0
b11 4
b110 !
b110 .
b110 3
1%
#12670000
0%
#12675000
b1111101 /
b11111010000001 0
b100 4
b11 !
b11 .
b11 3
1%
#12680000
0%
#12685000
b10111011 /
b101110111000000 0
b101 4
b11111010000001 !
b11111010000001 .
b11111010000001 3
1%
#12690000
0%
#12695000
b1011101 /
b10111011100000 0
b110 4
b101110111000000 !
b101110111000000 .
b101110111000000 3
1%
#12700000
0%
#12705000
b101110 /
b1011101110000 0
b111 4
b10111011100000 !
b10111011100000 .
b10111011100000 3
1%
#12710000
0%
#12715000
b10111 /
b101110111000 0
b10 6
b1011101110000 !
b1011101110000 .
b1011101110000 3
1%
#12720000
0%
#12725000
0#
b0 6
1"
1%
#12730000
b1101010 *
0%
#12735000
0"
1%
#12740000
b1100011 7
0%
#12745000
1%
#12750000
1)
b1010000 '
b1010000 -
b10001011 &
b10001011 ,
0%
#12755000
b0 /
b101000 0
1#
b1 6
b0 4
b10001011 5
b1010000 !
b1010000 .
b1010000 3
1%
#12760000
0)
0%
#12765000
b10100 0
b1 4
b101000 !
b101000 .
b101000 3
1%
#12770000
0%
#12775000
b1010 0
b10 4
b10100 !
b10100 .
b10100 3
1%
#12780000
0%
#12785000
b101 0
b11 4
b1010 !
b1010 .
b1010 3
1%
#12790000
0%
#12795000
b10001011 /
b100010110000010 0
b100 4
b101 !
b101 .
b101 3
1%
#12800000
0%
#12805000
b1000101 /
b10001011000001 0
b101 4
b100010110000010 !
b100010110000010 .
b100010110000010 3
1%
#12810000
0%
#12815000
b10101101 /
b101011011100000 0
b110 4
b10001011000001 !
b10001011000001 .
b10001011000001 3
1%
#12820000
0%
#12825000
b1010110 /
b10101101110000 0
b111 4
b101011011100000 !
b101011011100000 .
b101011011100000 3
1%
#12830000
0%
#12835000
b101011 /
b1010110111000 0
b10 6
b10101101110000 !
b10101101110000 .
b10101101110000 3
1%
#12840000
0%
#12845000
0#
b0 6
1"
1%
#12850000
b1101011 *
0%
#12855000
0"
1%
#12860000
b1100100 7
0%
#12865000
1%
#12870000
1)
b101000 '
b101000 -
b11000011 &
b11000011 ,
0%
#12875000
b0 /
b10100 0
1#
b1 6
b0 4
b11000011 5
b101000 !
b101000 .
b101000 3
1%
#12880000
0)
0%
#12885000
b1010 0
b1 4
b10100 !
b10100 .
b10100 3
1%
#12890000
0%
#12895000
b101 0
b10 4
b1010 !
b1010 .
b1010 3
1%
#12900000
0%
#12905000
b11000011 /
b110000110000010 0
b11 4
b101 !
b101 .
b101 3
1%
#12910000
0%
#12915000
b1100001 /
b11000011000001 0
b100 4
b110000110000010 !
b110000110000010 .
b110000110000010 3
1%
#12920000
0%
#12925000
b11110011 /
b111100111100000 0
b101 4
b11000011000001 !
b11000011000001 .
b11000011000001 3
1%
#12930000
0%
#12935000
b1111001 /
b11110011110000 0
b110 4
b111100111100000 !
b111100111100000 .
b111100111100000 3
1%
#12940000
0%
#12945000
b111100 /
b1111001111000 0
b111 4
b11110011110000 !
b11110011110000 .
b11110011110000 3
1%
#12950000
0%
#12955000
b11110 /
b111100111100 0
b10 6
b1111001111000 !
b1111001111000 .
b1111001111000 3
1%
#12960000
0%
#12965000
0#
b0 6
1"
1%
#12970000
b1101100 *
0%
#12975000
0"
1%
#12980000
b1100101 7
0%
#12985000
1%
#12990000
1)
b11010 '
b11010 -
b11111010 &
b11111010 ,
0%
#12995000
b0 /
b1101 0
1#
b1 6
b0 4
b11111010 5
b11010 !
b11010 .
b11010 3
1%
#13000000
0)
0%
#13005000
b11111010 /
b111110100000110 0
b1 4
b1101 !
b1101 .
b1101 3
1%
#13010000
0%
#13015000
b1111101 /
b11111010000011 0
b10 4
b111110100000110 !
b111110100000110 .
b111110100000110 3
1%
#13020000
0%
#13025000
b100111000 /
b1001110001000001 0
b11 4
b11111010000011 !
b11111010000011 .
b11111010000011 3
1%
#13030000
0%
#13035000
b110010110 /
b1100101100100000 0
b100 4
b1001110001000001 !
b1001110001000001 .
b1001110001000001 3
1%
#13040000
0%
#13045000
b11001011 /
b110010110010000 0
b101 4
b1100101100100000 !
b1100101100100000 .
b1100101100100000 3
1%
#13050000
0%
#13055000
b1100101 /
b11001011001000 0
b110 4
b110010110010000 !
b110010110010000 .
b110010110010000 3
1%
#13060000
0%
#13065000
b110010 /
b1100101100100 0
b111 4
b11001011001000 !
b11001011001000 .
b11001011001000 3
1%
#13070000
0%
#13075000
b11001 /
b110010110010 0
b10 6
b1100101100100 !
b1100101100100 .
b1100101100100 3
1%
#13080000
0%
#13085000
0#
b0 6
1"
1%
#13090000
b1101101 *
0%
#13095000
0"
1%
#13100000
b1100110 7
0%
#13105000
1%
#13110000
1)
b11100000 '
b11100000 -
b10100 &
b10100 ,
0%
#13115000
b0 /
b1110000 0
1#
b1 6
b0 4
b10100 5
b11100000 !
b11100000 .
b11100000 3
1%
#13120000
0)
0%
#13125000
b111000 0
b1 4
b1110000 !
b1110000 .
b1110000 3
1%
#13130000
0%
#13135000
b11100 0
b10 4
b111000 !
b111000 .
b111000 3
1%
#13140000
0%
#13145000
b1110 0
b11 4
b11100 !
b11100 .
b11100 3
1%
#13150000
0%
#13155000
b111 0
b100 4
b1110 !
b1110 .
b1110 3
1%
#13160000
0%
#13165000
b10100 /
b101000000011 0
b101 4
b111 !
b111 .
b111 3
1%
#13170000
0%
#13175000
b11110 /
b111100000001 0
b110 4
b101000000011 !
b101000000011 .
b101000000011 3
1%
#13180000
0%
#13185000
b100011 /
b1000110000000 0
b111 4
b111100000001 !
b111100000001 .
b111100000001 3
1%
#13190000
0%
#13195000
b10001 /
b100011000000 0
b10 6
b1000110000000 !
b1000110000000 .
b1000110000000 3
1%
#13200000
0%
#13205000
0#
b0 6
1"
1%
#13210000
b1101110 *
0%
#13215000
0"
1%
#13220000
b1100111 7
0%
#13225000
1%
#13230000
1)
b1001100 '
b1001100 -
b1100010 &
b1100010 ,
0%
#13235000
b0 /
b100110 0
1#
b1 6
b0 4
b1100010 5
b1001100 !
b1001100 .
b1001100 3
1%
#13240000
0)
0%
#13245000
b10011 0
b1 4
b100110 !
b100110 .
b100110 3
1%
#13250000
0%
#13255000
b1100010 /
b11000100001001 0
b10 4
b10011 !
b10011 .
b10011 3
1%
#13260000
0%
#13265000
b10010011 /
b100100110000100 0
b11 4
b11000100001001 !
b11000100001001 .
b11000100001001 3
1%
#13270000
0%
#13275000
b1001001 /
b10010011000010 0
b100 4
b100100110000100 !
b100100110000100 .
b100100110000100 3
1%
#13280000
0%
#13285000
b100100 /
b1001001100001 0
b101 4
b10010011000010 !
b10010011000010 .
b10010011000010 3
1%
#13290000
0%
#13295000
b1110100 /
b11101000110000 0
b110 4
b1001001100001 !
b1001001100001 .
b1001001100001 3
1%
#13300000
0%
#13305000
b111010 /
b1110100011000 0
b111 4
b11101000110000 !
b11101000110000 .
b11101000110000 3
1%
#13310000
0%
#13315000
b11101 /
b111010001100 0
b10 6
b1110100011000 !
b1110100011000 .
b1110100011000 3
1%
#13320000
0%
#13325000
0#
b0 6
1"
1%
#13330000
b1101111 *
0%
#13335000
0"
1%
#13340000
b1101000 7
0%
#13345000
1%
#13350000
1)
b111001 '
b111001 -
b10100101 &
b10100101 ,
0%
#13355000
b10100101 /
b101001010011100 0
1#
b1 6
b0 4
b10100101 5
b111001 !
b111001 .
b111001 3
1%
#13360000
0)
0%
#13365000
b1010010 /
b10100101001110 0
b1 4
b101001010011100 !
b101001010011100 .
b101001010011100 3
1%
#13370000
0%
#13375000
b101001 /
b1010010100111 0
b10 4
b10100101001110 !
b10100101001110 .
b10100101001110 3
1%
#13380000
0%
#13385000
b10111001 /
b101110011010011 0
b11 4
b1010010100111 !
b1010010100111 .
b1010010100111 3
1%
#13390000
0%
#13395000
b100000001 /
b1000000011101001 0
b100 4
b101110011010011 !
b101110011010011 .
b101110011010011 3
1%
#13400000
0%
#13405000
b100100101 /
b1001001011110100 0
b101 4
b1000000011101001 !
b1000000011101001 .
b1000000011101001 3
1%
#13410000
0%
#13415000
b10010010 /
b100100101111010 0
b110 4
b1001001011110100 !
b1001001011110100 .
b1001001011110100 3
1%
#13420000
0%
#13425000
b1001001 /
b10010010111101 0
b111 4
b100100101111010 !
b100100101111010 .
b100100101111010 3
1%
#13430000
0%
#13435000
b11001001 /
b110010011011110 0
b10 6
b10010010111101 !
b10010010111101 .
b10010010111101 3
1%
#13440000
0%
#13445000
0#
b0 6
1"
1%
#13450000
b1110000 *
0%
#13455000
0"
1%
#13460000
b1101001 7
0%
#13465000
1%
#13470000
1)
b1000101 '
b1000101 -
b1110110 &
b1110110 ,
0%
#13475000
b1110110 /
b11101100100010 0
1#
b1 6
b0 4
b1110110 5
b1000101 !
b1000101 .
b1000101 3
1%
#13480000
0)
0%
#13485000
b111011 /
b1110110010001 0
b1 4
b11101100100010 !
b11101100100010 .
b11101100100010 3
1%
#13490000
0%
#13495000
b10010011 /
b100100111001000 0
b10 4
b1110110010001 !
b1110110010001 .
b1110110010001 3
1%
#13500000
0%
#13505000
b1001001 /
b10010011100100 0
b11 4
b100100111001000 !
b100100111001000 .
b100100111001000 3
1%
#13510000
0%
#13515000
b100100 /
b1001001110010 0
b100 4
b10010011100100 !
b10010011100100 .
b10010011100100 3
1%
#13520000
0%
#13525000
b10010 /
b100100111001 0
b101 4
b1001001110010 !
b1001001110010 .
b1001001110010 3
1%
#13530000
0%
#13535000
b1111111 /
b11111110011100 0
b110 4
b100100111001 !
b100100111001 .
b100100111001 3
1%
#13540000
0%
#13545000
b111111 /
b1111111001110 0
b111 4
b11111110011100 !
b11111110011100 .
b11111110011100 3
1%
#13550000
0%
#13555000
b11111 /
b111111100111 0
b10 6
b1111111001110 !
b1111111001110 .
b1111111001110 3
1%
#13560000
0%
#13565000
0#
b0 6
1"
1%
#13570000
b1110001 *
0%
#13575000
0"
1%
#13580000
b1101010 7
0%
#13585000
1%
#13590000
1)
b1010100 '
b1010100 -
b10100111 &
b10100111 ,
0%
#13595000
b0 /
b101010 0
1#
b1 6
b0 4
b10100111 5
b1010100 !
b1010100 .
b1010100 3
1%
#13600000
0)
0%
#13605000
b10101 0
b1 4
b101010 !
b101010 .
b101010 3
1%
#13610000
0%
#13615000
b10100111 /
b101001110001010 0
b10 4
b10101 !
b10101 .
b10101 3
1%
#13620000
0%
#13625000
b1010011 /
b10100111000101 0
b11 4
b101001110001010 !
b101001110001010 .
b101001110001010 3
1%
#13630000
0%
#13635000
b11010000 /
b110100001100010 0
b100 4
b10100111000101 !
b10100111000101 .
b10100111000101 3
1%
#13640000
0%
#13645000
b1101000 /
b11010000110001 0
b101 4
b110100001100010 !
b110100001100010 .
b110100001100010 3
1%
#13650000
0%
#13655000
b11011011 /
b110110110011000 0
b110 4
b11010000110001 !
b11010000110001 .
b11010000110001 3
1%
#13660000
0%
#13665000
b1101101 /
b11011011001100 0
b111 4
b110110110011000 !
b110110110011000 .
b110110110011000 3
1%
#13670000
0%
#13675000
b110110 /
b1101101100110 0
b10 6
b11011011001100 !
b11011011001100 .
b11011011001100 3
1%
#13680000
0%
#13685000
0#
b0 6
1"
1%
#13690000
b1110010 *
0%
#13695000
0"
1%
#13700000
b1101011 7
0%
#13705000
1%
#13710000
1)
b1010000 '
b1010000 -
b11010100 &
b11010100 ,
0%
#13715000
b0 /
b101000 0
1#
b1 6
b0 4
b11010100 5
b1010000 !
b1010000 .
b1010000 3
1%
#13720000
0)
0%
#13725000
b10100 0
b1 4
b101000 !
b101000 .
b101000 3
1%
#13730000
0%
#13735000
b1010 0
b10 4
b10100 !
b10100 .
b10100 3
1%
#13740000
0%
#13745000
b101 0
b11 4
b1010 !
b1010 .
b1010 3
1%
#13750000
0%
#13755000
b11010100 /
b110101000000010 0
b100 4
b101 !
b101 .
b101 3
1%
#13760000
0%
#13765000
b1101010 /
b11010100000001 0
b101 4
b110101000000010 !
b110101000000010 .
b110101000000010 3
1%
#13770000
0%
#13775000
b100001001 /
b1000010010000000 0
b110 4
b11010100000001 !
b11010100000001 .
b11010100000001 3
1%
#13780000
0%
#13785000
b10000100 /
b100001001000000 0
b111 4
b1000010010000000 !
b1000010010000000 .
b1000010010000000 3
1%
#13790000
0%
#13795000
b1000010 /
b10000100100000 0
b10 6
b100001001000000 !
b100001001000000 .
b100001001000000 3
1%
#13800000
0%
#13805000
0#
b0 6
1"
1%
#13810000
b1110011 *
0%
#13815000
0"
1%
#13820000
b1101100 7
0%
#13825000
1%
#13830000
1)
b1110011 '
b1110011 -
b10000111 &
b10000111 ,
0%
#13835000
b10000111 /
b100001110111001 0
1#
b1 6
b0 4
b10000111 5
b1110011 !
b1110011 .
b1110011 3
1%
#13840000
0)
0%
#13845000
b11001010 /
b110010101011100 0
b1 4
b100001110111001 !
b100001110111001 .
b100001110111001 3
1%
#13850000
0%
#13855000
b1100101 /
b11001010101110 0
b10 4
b110010101011100 !
b110010101011100 .
b110010101011100 3
1%
#13860000
0%
#13865000
b110010 /
b1100101010111 0
b11 4
b11001010101110 !
b11001010101110 .
b11001010101110 3
1%
#13870000
0%
#13875000
b10100000 /
b101000000101011 0
b100 4
b1100101010111 !
b1100101010111 .
b1100101010111 3
1%
#13880000
0%
#13885000
b11010111 /
b110101110010101 0
b101 4
b101000000101011 !
b101000000101011 .
b101000000101011 3
1%
#13890000
0%
#13895000
b11110010 /
b111100101001010 0
b110 4
b110101110010101 !
b110101110010101 .
b110101110010101 3
1%
#13900000
0%
#13905000
b1111001 /
b11110010100101 0
b111 4
b111100101001010 !
b111100101001010 .
b111100101001010 3
1%
#13910000
0%
#13915000
b11000011 /
b110000111010010 0
b10 6
b11110010100101 !
b11110010100101 .
b11110010100101 3
1%
#13920000
0%
#13925000
0#
b0 6
1"
1%
#13930000
b1110100 *
0%
#13935000
0"
1%
#13940000
b1101101 7
0%
#13945000
1%
#13950000
1)
b10010101 '
b10010101 -
b1001111 &
b1001111 ,
0%
#13955000
b1001111 /
b10011111001010 0
1#
b1 6
b0 4
b1001111 5
b10010101 !
b10010101 .
b10010101 3
1%
#13960000
0)
0%
#13965000
b100111 /
b1001111100101 0
b1 4
b10011111001010 !
b10011111001010 .
b10011111001010 3
1%
#13970000
0%
#13975000
b1100010 /
b11000101110010 0
b10 4
b1001111100101 !
b1001111100101 .
b1001111100101 3
1%
#13980000
0%
#13985000
b110001 /
b1100010111001 0
b11 4
b11000101110010 !
b11000101110010 .
b11000101110010 3
1%
#13990000
0%
#13995000
b1100111 /
b11001111011100 0
b100 4
b1100010111001 !
b1100010111001 .
b1100010111001 3
1%
#14000000
0%
#14005000
b110011 /
b1100111101110 0
b101 4
b11001111011100 !
b11001111011100 .
b11001111011100 3
1%
#14010000
0%
#14015000
b11001 /
b110011110111 0
b110 4
b1100111101110 !
b1100111101110 .
b1100111101110 3
1%
#14020000
0%
#14025000
b1011011 /
b10110111111011 0
b111 4
b110011110111 !
b110011110111 .
b110011110111 3
1%
#14030000
0%
#14035000
b1111100 /
b11111001111101 0
b10 6
b10110111111011 !
b10110111111011 .
b10110111111011 3
1%
#14040000
0%
#14045000
0#
b0 6
1"
1%
#14050000
b1110101 *
0%
#14055000
0"
1%
#14060000
b1101110 7
0%
#14065000
1%
#14070000
1)
b1000110 '
b1000110 -
b10010101 &
b10010101 ,
0%
#14075000
b0 /
b100011 0
1#
b1 6
b0 4
b10010101 5
b1000110 !
b1000110 .
b1000110 3
1%
#14080000
0)
0%
#14085000
b10010101 /
b100101010010001 0
b1 4
b100011 !
b100011 .
b100011 3
1%
#14090000
0%
#14095000
b11011111 /
b110111111001000 0
b10 4
b100101010010001 !
b100101010010001 .
b100101010010001 3
1%
#14100000
0%
#14105000
b1101111 /
b11011111100100 0
b11 4
b110111111001000 !
b110111111001000 .
b110111111001000 3
1%
#14110000
0%
#14115000
b110111 /
b1101111110010 0
b100 4
b11011111100100 !
b11011111100100 .
b11011111100100 3
1%
#14120000
0%
#14125000
b11011 /
b110111111001 0
b101 4
b1101111110010 !
b1101111110010 .
b1101111110010 3
1%
#14130000
0%
#14135000
b10100010 /
b101000101111100 0
b110 4
b110111111001 !
b110111111001 .
b110111111001 3
1%
#14140000
0%
#14145000
b1010001 /
b10100010111110 0
b111 4
b101000101111100 !
b101000101111100 .
b101000101111100 3
1%
#14150000
0%
#14155000
b101000 /
b1010001011111 0
b10 6
b10100010111110 !
b10100010111110 .
b10100010111110 3
1%
#14160000
0%
#14165000
0#
b0 6
1"
1%
#14170000
b1110110 *
0%
#14175000
0"
1%
#14180000
b1101111 7
0%
#14185000
1%
#14190000
1)
b11100 '
b11100 -
b11001111 &
b11001111 ,
0%
#14195000
b0 /
b1110 0
1#
b1 6
b0 4
b11001111 5
b11100 !
b11100 .
b11100 3
1%
#14200000
0)
0%
#14205000
b111 0
b1 4
b1110 !
b1110 .
b1110 3
1%
#14210000
0%
#14215000
b11001111 /
b110011110000011 0
b10 4
b111 !
b111 .
b111 3
1%
#14220000
0%
#14225000
b100110110 /
b1001101101000001 0
b11 4
b110011110000011 !
b110011110000011 .
b110011110000011 3
1%
#14230000
0%
#14235000
b101101010 /
b1011010100100000 0
b100 4
b1001101101000001 !
b1001101101000001 .
b1001101101000001 3
1%
#14240000
0%
#14245000
b10110101 /
b101101010010000 0
b101 4
b1011010100100000 !
b1011010100100000 .
b1011010100100000 3
1%
#14250000
0%
#14255000
b1011010 /
b10110101001000 0
b110 4
b101101010010000 !
b101101010010000 .
b101101010010000 3
1%
#14260000
0%
#14265000
b101101 /
b1011010100100 0
b111 4
b10110101001000 !
b10110101001000 .
b10110101001000 3
1%
#14270000
0%
#14275000
b10110 /
b101101010010 0
b10 6
b1011010100100 !
b1011010100100 .
b1011010100100 3
1%
#14280000
0%
#14285000
0#
b0 6
1"
1%
#14290000
b1110111 *
0%
#14295000
0"
1%
#14300000
b1110000 7
0%
#14305000
1%
#14310000
1)
b11100100 '
b11100100 -
b111100 &
b111100 ,
0%
#14315000
b0 /
b1110010 0
1#
b1 6
b0 4
b111100 5
b11100100 !
b11100100 .
b11100100 3
1%
#14320000
0)
0%
#14325000
b111001 0
b1 4
b1110010 !
b1110010 .
b1110010 3
1%
#14330000
0%
#14335000
b111100 /
b1111000011100 0
b10 4
b111001 !
b111001 .
b111001 3
1%
#14340000
0%
#14345000
b11110 /
b111100001110 0
b11 4
b1111000011100 !
b1111000011100 .
b1111000011100 3
1%
#14350000
0%
#14355000
b1111 /
b11110000111 0
b100 4
b111100001110 !
b111100001110 .
b111100001110 3
1%
#14360000
0%
#14365000
b1000011 /
b10000111000011 0
b101 4
b11110000111 !
b11110000111 .
b11110000111 3
1%
#14370000
0%
#14375000
b1011101 /
b10111011100001 0
b110 4
b10000111000011 !
b10000111000011 .
b10000111000011 3
1%
#14380000
0%
#14385000
b1101010 /
b11010101110000 0
b111 4
b10111011100001 !
b10111011100001 .
b10111011100001 3
1%
#14390000
0%
#14395000
b110101 /
b1101010111000 0
b10 6
b11010101110000 !
b11010101110000 .
b11010101110000 3
1%
#14400000
0%
#14405000
0#
b0 6
1"
1%
#14410000
b1111000 *
0%
#14415000
0"
1%
#14420000
b1110001 7
0%
#14425000
1%
#14430000
1)
b10001001 '
b10001001 -
b11100101 &
b11100101 ,
0%
#14435000
b11100101 /
b111001011000100 0
1#
b1 6
b0 4
b11100101 5
b10001001 !
b10001001 .
b10001001 3
1%
#14440000
0)
0%
#14445000
b1110010 /
b11100101100010 0
b1 4
b111001011000100 !
b111001011000100 .
b111001011000100 3
1%
#14450000
0%
#14455000
b111001 /
b1110010110001 0
b10 4
b11100101100010 !
b11100101100010 .
b11100101100010 3
1%
#14460000
0%
#14465000
b100000001 /
b1000000011011000 0
b11 4
b1110010110001 !
b1110010110001 .
b1110010110001 3
1%
#14470000
0%
#14475000
b10000000 /
b100000001101100 0
b100 4
b1000000011011000 !
b1000000011011000 .
b1000000011011000 3
1%
#14480000
0%
#14485000
b1000000 /
b10000000110110 0
b101 4
b100000001101100 !
b100000001101100 .
b100000001101100 3
1%
#14490000
0%
#14495000
b100000 /
b1000000011011 0
b110 4
b10000000110110 !
b10000000110110 .
b10000000110110 3
1%
#14500000
0%
#14505000
b11110101 /
b111101010001101 0
b111 4
b1000000011011 !
b1000000011011 .
b1000000011011 3
1%
#14510000
0%
#14515000
b101011111 /
b1010111111000110 0
b10 6
b111101010001101 !
b111101010001101 .
b111101010001101 3
1%
#14520000
0%
#14525000
0#
b0 6
1"
1%
#14530000
b1111001 *
0%
#14535000
0"
1%
#14540000
b1110010 7
0%
#14545000
1%
#14550000
1)
b1100011 '
b1100011 -
b10110101 &
b10110101 ,
0%
#14555000
b10110101 /
b101101010110001 0
1#
b1 6
b0 4
b10110101 5
b1100011 !
b1100011 .
b1100011 3
1%
#14560000
0)
0%
#14565000
b100001111 /
b1000011111011000 0
b1 4
b101101010110001 !
b101101010110001 .
b101101010110001 3
1%
#14570000
0%
#14575000
b10000111 /
b100001111101100 0
b10 4
b1000011111011000 !
b1000011111011000 .
b1000011111011000 3
1%
#14580000
0%
#14585000
b1000011 /
b10000111110110 0
b11 4
b100001111101100 !
b100001111101100 .
b100001111101100 3
1%
#14590000
0%
#14595000
b100001 /
b1000011111011 0
b100 4
b10000111110110 !
b10000111110110 .
b10000111110110 3
1%
#14600000
0%
#14605000
b11000101 /
b110001011111101 0
b101 4
b1000011111011 !
b1000011111011 .
b1000011111011 3
1%
#14610000
0%
#14615000
b100010111 /
b1000101111111110 0
b110 4
b110001011111101 !
b110001011111101 .
b110001011111101 3
1%
#14620000
0%
#14625000
b10001011 /
b100010111111111 0
b111 4
b1000101111111110 !
b1000101111111110 .
b1000101111111110 3
1%
#14630000
0%
#14635000
b111110101111111 0
b11111010 /
b10 6
b100010111111111 !
b100010111111111 .
b100010111111111 3
1%
#14640000
0%
#14645000
0#
b0 6
1"
1%
#14650000
b1111010 *
0%
#14655000
0"
1%
#14660000
b1110011 7
0%
#14665000
1%
#14670000
1)
b11011101 '
b11011101 -
b11011011 &
b11011011 ,
0%
#14675000
b11011011 /
b110110111101110 0
1#
b1 6
b0 4
b11011011 5
b11011101 !
b11011101 .
b11011101 3
1%
#14680000
0)
0%
#14685000
b1101101 /
b11011011110111 0
b1 4
b110110111101110 !
b110110111101110 .
b110110111101110 3
1%
#14690000
0%
#14695000
b100010001 /
b1000100011111011 0
b10 4
b11011011110111 !
b11011011110111 .
b11011011110111 3
1%
#14700000
0%
#14705000
b101100011 /
b1011000111111101 0
b11 4
b1000100011111011 !
b1000100011111011 .
b1000100011111011 3
1%
#14710000
0%
#14715000
b110001100 /
b1100011001111110 0
b100 4
b1011000111111101 !
b1011000111111101 .
b1011000111111101 3
1%
#14720000
0%
#14725000
b11000110 /
b110001100111111 0
b101 4
b1100011001111110 !
b1100011001111110 .
b1100011001111110 3
1%
#14730000
0%
#14735000
b100111110 /
b1001111100011111 0
b110 4
b110001100111111 !
b110001100111111 .
b110001100111111 3
1%
#14740000
0%
#14745000
b101111010 /
b1011110100001111 0
b111 4
b1001111100011111 !
b1001111100011111 .
b1001111100011111 3
1%
#14750000
0%
#14755000
b110011000 /
b1100110000000111 0
b10 6
b1011110100001111 !
b1011110100001111 .
b1011110100001111 3
1%
#14760000
0%
#14765000
0#
b0 6
1"
1%
#14770000
b1111011 *
0%
#14775000
0"
1%
#14780000
b1110100 7
0%
#14785000
1%
#14790000
1)
b11011100 '
b11011100 -
b11100010 &
b11100010 ,
0%
#14795000
b0 /
b1101110 0
1#
b1 6
b0 4
b11100010 5
b11011100 !
b11011100 .
b11011100 3
1%
#14800000
0)
0%
#14805000
b110111 0
b1 4
b1101110 !
b1101110 .
b1101110 3
1%
#14810000
0%
#14815000
b11100010 /
b111000100011011 0
b10 4
b110111 !
b110111 .
b110111 3
1%
#14820000
0%
#14825000
b101010011 /
b1010100110001101 0
b11 4
b111000100011011 !
b111000100011011 .
b111000100011011 3
1%
#14830000
0%
#14835000
b110001011 /
b1100010111000110 0
b100 4
b1010100110001101 !
b1010100110001101 .
b1010100110001101 3
1%
#14840000
0%
#14845000
b11000101 /
b110001011100011 0
b101 4
b1100010111000110 !
b1100010111000110 .
b1100010111000110 3
1%
#14850000
0%
#14855000
b101000100 /
b1010001001110001 0
b110 4
b110001011100011 !
b110001011100011 .
b110001011100011 3
1%
#14860000
0%
#14865000
b110000100 /
b1100001000111000 0
b111 4
b1010001001110001 !
b1010001001110001 .
b1010001001110001 3
1%
#14870000
0%
#14875000
b11000010 /
b110000100011100 0
b10 6
b1100001000111000 !
b1100001000111000 .
b1100001000111000 3
1%
#14880000
0%
#14885000
0#
b0 6
1"
1%
#14890000
b1111100 *
0%
#14895000
0"
1%
#14900000
b1110101 7
0%
#14905000
1%
#14910000
1)
b1011010 '
b1011010 -
b11001001 &
b11001001 ,
0%
#14915000
b0 /
b101101 0
1#
b1 6
b0 4
b11001001 5
b1011010 !
b1011010 .
b1011010 3
1%
#14920000
0)
0%
#14925000
b11001001 /
b110010010010110 0
b1 4
b101101 !
b101101 .
b101101 3
1%
#14930000
0%
#14935000
b1100100 /
b11001001001011 0
b10 4
b110010010010110 !
b110010010010110 .
b110010010010110 3
1%
#14940000
0%
#14945000
b11111011 /
b111110110100101 0
b11 4
b11001001001011 !
b11001001001011 .
b11001001001011 3
1%
#14950000
0%
#14955000
b101000110 /
b1010001101010010 0
b100 4
b111110110100101 !
b111110110100101 .
b111110110100101 3
1%
#14960000
0%
#14965000
b10100011 /
b101000110101001 0
b101 4
b1010001101010010 !
b1010001101010010 .
b1010001101010010 3
1%
#14970000
0%
#14975000
b100011010 /
b1000110101010100 0
b110 4
b101000110101001 !
b101000110101001 .
b101000110101001 3
1%
#14980000
0%
#14985000
b10001101 /
b100011010101010 0
b111 4
b1000110101010100 !
b1000110101010100 .
b1000110101010100 3
1%
#14990000
0%
#14995000
b1000110 /
b10001101010101 0
b10 6
b100011010101010 !
b100011010101010 .
b100011010101010 3
1%
#15000000
0%
#15005000
0#
b0 6
1"
1%
#15010000
b1111101 *
0%
#15015000
0"
1%
#15020000
b1110110 7
0%
#15025000
1%
#15030000
1)
b1000011 '
b1000011 -
b10111111 &
b10111111 ,
0%
#15035000
b10111111 /
b101111110100001 0
1#
b1 6
b0 4
b10111111 5
b1000011 !
b1000011 .
b1000011 3
1%
#15040000
0)
0%
#15045000
b100011110 /
b1000111101010000 0
b1 4
b101111110100001 !
b101111110100001 .
b101111110100001 3
1%
#15050000
0%
#15055000
b10001111 /
b100011110101000 0
b10 4
b1000111101010000 !
b1000111101010000 .
b1000111101010000 3
1%
#15060000
0%
#15065000
b1000111 /
b10001111010100 0
b11 4
b100011110101000 !
b100011110101000 .
b100011110101000 3
1%
#15070000
0%
#15075000
b100011 /
b1000111101010 0
b100 4
b10001111010100 !
b10001111010100 .
b10001111010100 3
1%
#15080000
0%
#15085000
b10001 /
b100011110101 0
b101 4
b1000111101010 !
b1000111101010 .
b1000111101010 3
1%
#15090000
0%
#15095000
b11000111 /
b110001111111010 0
b110 4
b100011110101 !
b100011110101 .
b100011110101 3
1%
#15100000
0%
#15105000
b1100011 /
b11000111111101 0
b111 4
b110001111111010 !
b110001111111010 .
b110001111111010 3
1%
#15110000
0%
#15115000
b11110000 /
b111100001111110 0
b10 6
b11000111111101 !
b11000111111101 .
b11000111111101 3
1%
#15120000
0%
#15125000
0#
b0 6
1"
1%
#15130000
b1111110 *
0%
#15135000
0"
1%
#15140000
b1110111 7
0%
#15145000
1%
#15150000
1)
b1111001 '
b1111001 -
b11111101 &
b11111101 ,
0%
#15155000
b11111101 /
b111111010111100 0
1#
b1 6
b0 4
b11111101 5
b1111001 !
b1111001 .
b1111001 3
1%
#15160000
0)
0%
#15165000
b1111110 /
b11111101011110 0
b1 4
b111111010111100 !
b111111010111100 .
b111111010111100 3
1%
#15170000
0%
#15175000
b111111 /
b1111110101111 0
b10 4
b11111101011110 !
b11111101011110 .
b11111101011110 3
1%
#15180000
0%
#15185000
b100011100 /
b1000111001010111 0
b11 4
b1111110101111 !
b1111110101111 .
b1111110101111 3
1%
#15190000
0%
#15195000
b110001011 /
b1100010110101011 0
b100 4
b1000111001010111 !
b1000111001010111 .
b1000111001010111 3
1%
#15200000
0%
#15205000
b111000010 /
b1110000101010101 0
b101 4
b1100010110101011 !
b1100010110101011 .
b1100010110101011 3
1%
#15210000
0%
#15215000
b111011110 /
b1110111100101010 0
b110 4
b1110000101010101 !
b1110000101010101 .
b1110000101010101 3
1%
#15220000
0%
#15225000
b11101111 /
b111011110010101 0
b111 4
b1110111100101010 !
b1110111100101010 .
b1110111100101010 3
1%
#15230000
0%
#15235000
b101110100 /
b1011101001001010 0
b10 6
b111011110010101 !
b111011110010101 .
b111011110010101 3
1%
#15240000
0%
#15245000
0#
b0 6
1"
1%
#15250000
b1111111 *
0%
#15255000
0"
1%
#15260000
b1111000 7
0%
#15265000
1%
#15270000
1)
b1011110 '
b1011110 -
b10011001 &
b10011001 ,
0%
#15275000
b0 /
b101111 0
1#
b1 6
b0 4
b10011001 5
b1011110 !
b1011110 .
b1011110 3
1%
#15280000
0)
0%
#15285000
b10011001 /
b100110010010111 0
b1 4
b101111 !
b101111 .
b101111 3
1%
#15290000
0%
#15295000
b11100101 /
b111001011001011 0
b10 4
b100110010010111 !
b100110010010111 .
b100110010010111 3
1%
#15300000
0%
#15305000
b100001011 /
b1000010111100101 0
b11 4
b111001011001011 !
b111001011001011 .
b111001011001011 3
1%
#15310000
0%
#15315000
b100011110 /
b1000111101110010 0
b100 4
b1000010111100101 !
b1000010111100101 .
b1000010111100101 3
1%
#15320000
0%
#15325000
b10001111 /
b100011110111001 0
b101 4
b1000111101110010 !
b1000111101110010 .
b1000111101110010 3
1%
#15330000
0%
#15335000
b11100000 /
b111000001011100 0
b110 4
b100011110111001 !
b100011110111001 .
b100011110111001 3
1%
#15340000
0%
#15345000
b1110000 /
b11100000101110 0
b111 4
b111000001011100 !
b111000001011100 .
b111000001011100 3
1%
#15350000
0%
#15355000
b111000 /
b1110000010111 0
b10 6
b11100000101110 !
b11100000101110 .
b11100000101110 3
1%
#15360000
0%
#15365000
0#
b0 6
1"
1%
#15370000
b10000000 *
0%
#15375000
0"
1%
#15380000
b1111001 7
0%
#15385000
1%
#15390000
1)
b1110010 '
b1110010 -
b11000010 &
b11000010 ,
0%
#15395000
b0 /
b111001 0
1#
b1 6
b0 4
b11000010 5
b1110010 !
b1110010 .
b1110010 3
1%
#15400000
0)
0%
#15405000
b11000010 /
b110000100011100 0
b1 4
b111001 !
b111001 .
b111001 3
1%
#15410000
0%
#15415000
b1100001 /
b11000010001110 0
b10 4
b110000100011100 !
b110000100011100 .
b110000100011100 3
1%
#15420000
0%
#15425000
b110000 /
b1100001000111 0
b11 4
b11000010001110 !
b11000010001110 .
b11000010001110 3
1%
#15430000
0%
#15435000
b11011010 /
b110110100100011 0
b100 4
b1100001000111 !
b1100001000111 .
b1100001000111 3
1%
#15440000
0%
#15445000
b100101111 /
b1001011110010001 0
b101 4
b110110100100011 !
b110110100100011 .
b110110100100011 3
1%
#15450000
0%
#15455000
b101011001 /
b1010110011001000 0
b110 4
b1001011110010001 !
b1001011110010001 .
b1001011110010001 3
1%
#15460000
0%
#15465000
b10101100 /
b101011001100100 0
b111 4
b1010110011001000 !
b1010110011001000 .
b1010110011001000 3
1%
#15470000
0%
#15475000
b1010110 /
b10101100110010 0
b10 6
b101011001100100 !
b101011001100100 .
b101011001100100 3
1%
#15480000
0%
#15485000
0#
b0 6
1"
1%
#15490000
b10000001 *
0%
#15495000
0"
1%
#15500000
b1111010 7
0%
#15505000
1%
#15510000
1)
b11010100 '
b11010100 -
b11100101 &
b11100101 ,
0%
#15515000
b0 /
b1101010 0
1#
b1 6
b0 4
b11100101 5
b11010100 !
b11010100 .
b11010100 3
1%
#15520000
0)
0%
#15525000
b110101 0
b1 4
b1101010 !
b1101010 .
b1101010 3
1%
#15530000
0%
#15535000
b11100101 /
b111001010011010 0
b10 4
b110101 !
b110101 .
b110101 3
1%
#15540000
0%
#15545000
b1110010 /
b11100101001101 0
b11 4
b111001010011010 !
b111001010011010 .
b111001010011010 3
1%
#15550000
0%
#15555000
b100011110 /
b1000111100100110 0
b100 4
b11100101001101 !
b11100101001101 .
b11100101001101 3
1%
#15560000
0%
#15565000
b10001111 /
b100011110010011 0
b101 4
b1000111100100110 !
b1000111100100110 .
b1000111100100110 3
1%
#15570000
0%
#15575000
b100101100 /
b1001011001001001 0
b110 4
b100011110010011 !
b100011110010011 .
b100011110010011 3
1%
#15580000
0%
#15585000
b101111011 /
b1011110110100100 0
b111 4
b1001011001001001 !
b1001011001001001 .
b1001011001001001 3
1%
#15590000
0%
#15595000
b10111101 /
b101111011010010 0
b10 6
b1011110110100100 !
b1011110110100100 .
b1011110110100100 3
1%
#15600000
0%
#15605000
0#
b0 6
1"
1%
#15610000
b10000010 *
0%
#15615000
0"
1%
#15620000
b1111011 7
0%
#15625000
1%
#15630000
1)
b11000111 '
b11000111 -
b1010000 &
b1010000 ,
0%
#15635000
b1010000 /
b10100001100011 0
1#
b1 6
b0 4
b1010000 5
b11000111 !
b11000111 .
b11000111 3
1%
#15640000
0)
0%
#15645000
b1111000 /
b11110000110001 0
b1 4
b10100001100011 !
b10100001100011 .
b10100001100011 3
1%
#15650000
0%
#15655000
b10001100 /
b100011000011000 0
b10 4
b11110000110001 !
b11110000110001 .
b11110000110001 3
1%
#15660000
0%
#15665000
b1000110 /
b10001100001100 0
b11 4
b100011000011000 !
b100011000011000 .
b100011000011000 3
1%
#15670000
0%
#15675000
b100011 /
b1000110000110 0
b100 4
b10001100001100 !
b10001100001100 .
b10001100001100 3
1%
#15680000
0%
#15685000
b10001 /
b100011000011 0
b101 4
b1000110000110 !
b1000110000110 .
b1000110000110 3
1%
#15690000
0%
#15695000
b1011000 /
b10110001100001 0
b110 4
b100011000011 !
b100011000011 .
b100011000011 3
1%
#15700000
0%
#15705000
b1111100 /
b11111000110000 0
b111 4
b10110001100001 !
b10110001100001 .
b10110001100001 3
1%
#15710000
0%
#15715000
b111110 /
b1111100011000 0
b10 6
b11111000110000 !
b11111000110000 .
b11111000110000 3
1%
#15720000
0%
#15725000
0#
b0 6
1"
1%
#15730000
b10000011 *
0%
#15735000
0"
1%
#15740000
b1111100 7
0%
#15745000
1%
#15750000
1)
b101 '
b101 -
b1111101 &
b1111101 ,
0%
#15755000
b1111101 /
b11111010000010 0
1#
b1 6
b0 4
b1111101 5
b101 !
b101 .
b101 3
1%
#15760000
0)
0%
#15765000
b111110 /
b1111101000001 0
b1 4
b11111010000010 !
b11111010000010 .
b11111010000010 3
1%
#15770000
0%
#15775000
b10011100 /
b100111000100000 0
b10 4
b1111101000001 !
b1111101000001 .
b1111101000001 3
1%
#15780000
0%
#15785000
b1001110 /
b10011100010000 0
b11 4
b100111000100000 !
b100111000100000 .
b100111000100000 3
1%
#15790000
0%
#15795000
b100111 /
b1001110001000 0
b100 4
b10011100010000 !
b10011100010000 .
b10011100010000 3
1%
#15800000
0%
#15805000
b10011 /
b100111000100 0
b101 4
b1001110001000 !
b1001110001000 .
b1001110001000 3
1%
#15810000
0%
#15815000
b1001 /
b10011100010 0
b110 4
b100111000100 !
b100111000100 .
b100111000100 3
1%
#15820000
0%
#15825000
b100 /
b1001110001 0
b111 4
b10011100010 !
b10011100010 .
b10011100010 3
1%
#15830000
0%
#15835000
b1111111 /
b11111110111000 0
b10 6
b1001110001 !
b1001110001 .
b1001110001 3
1%
#15840000
0%
#15845000
0#
b0 6
1"
1%
#15850000
b10000100 *
0%
#15855000
0"
1%
#15860000
b1111101 7
0%
#15865000
1%
#15870000
1)
b11100100 '
b11100100 -
b1110111 &
b1110111 ,
0%
#15875000
b0 /
b1110010 0
1#
b1 6
b0 4
b1110111 5
b11100100 !
b11100100 .
b11100100 3
1%
#15880000
0)
0%
#15885000
b111001 0
b1 4
b1110010 !
b1110010 .
b1110010 3
1%
#15890000
0%
#15895000
b1110111 /
b11101110011100 0
b10 4
b111001 !
b111001 .
b111001 3
1%
#15900000
0%
#15905000
b111011 /
b1110111001110 0
b11 4
b11101110011100 !
b11101110011100 .
b11101110011100 3
1%
#15910000
0%
#15915000
b11101 /
b111011100111 0
b100 4
b1110111001110 !
b1110111001110 .
b1110111001110 3
1%
#15920000
0%
#15925000
b10000101 /
b100001011110011 0
b101 4
b111011100111 !
b111011100111 .
b111011100111 3
1%
#15930000
0%
#15935000
b10111001 /
b101110011111001 0
b110 4
b100001011110011 !
b100001011110011 .
b100001011110011 3
1%
#15940000
0%
#15945000
b11010011 /
b110100111111100 0
b111 4
b101110011111001 !
b101110011111001 .
b101110011111001 3
1%
#15950000
0%
#15955000
b1101001 /
b11010011111110 0
b10 6
b110100111111100 !
b110100111111100 .
b110100111111100 3
1%
#15960000
0%
#15965000
0#
b0 6
1"
1%
#15970000
b10000101 *
0%
#15975000
0"
1%
#15980000
b1111110 7
0%
#15985000
1%
#15990000
1)
b111010 '
b111010 -
b10011011 &
b10011011 ,
0%
#15995000
b0 /
b11101 0
1#
b1 6
b0 4
b10011011 5
b111010 !
b111010 .
b111010 3
1%
#16000000
0)
0%
#16005000
b10011011 /
b100110110001110 0
b1 4
b11101 !
b11101 .
b11101 3
1%
#16010000
0%
#16015000
b1001101 /
b10011011000111 0
b10 4
b100110110001110 !
b100110110001110 .
b100110110001110 3
1%
#16020000
0%
#16025000
b11000001 /
b110000011100011 0
b11 4
b10011011000111 !
b10011011000111 .
b10011011000111 3
1%
#16030000
0%
#16035000
b11111011 /
b111110111110001 0
b100 4
b110000011100011 !
b110000011100011 .
b110000011100011 3
1%
#16040000
0%
#16045000
b100011000 /
b1000110001111000 0
b101 4
b111110111110001 !
b111110111110001 .
b111110111110001 3
1%
#16050000
0%
#16055000
b10001100 /
b100011000111100 0
b110 4
b1000110001111000 !
b1000110001111000 .
b1000110001111000 3
1%
#16060000
0%
#16065000
b1000110 /
b10001100011110 0
b111 4
b100011000111100 !
b100011000111100 .
b100011000111100 3
1%
#16070000
0%
#16075000
b100011 /
b1000110001111 0
b10 6
b10001100011110 !
b10001100011110 .
b10001100011110 3
1%
#16080000
0%
#16085000
0#
b0 6
1"
1%
#16090000
b10000110 *
0%
#16095000
0"
1%
#16100000
b1111111 7
0%
#16105000
1%
#16110000
1)
b10110101 '
b10110101 -
b1000111 &
b1000111 ,
0%
#16115000
b1000111 /
b10001111011010 0
1#
b1 6
b0 4
b1000111 5
b10110101 !
b10110101 .
b10110101 3
1%
#16120000
0)
0%
#16125000
b100011 /
b1000111101101 0
b1 4
b10001111011010 !
b10001111011010 .
b10001111011010 3
1%
#16130000
0%
#16135000
b1011000 /
b10110001110110 0
b10 4
b1000111101101 !
b1000111101101 .
b1000111101101 3
1%
#16140000
0%
#16145000
b101100 /
b1011000111011 0
b11 4
b10110001110110 !
b10110001110110 .
b10110001110110 3
1%
#16150000
0%
#16155000
b1011101 /
b10111010011101 0
b100 4
b1011000111011 !
b1011000111011 .
b1011000111011 3
1%
#16160000
0%
#16165000
b1110101 /
b11101011001110 0
b101 4
b10111010011101 !
b10111010011101 .
b10111010011101 3
1%
#16170000
0%
#16175000
b111010 /
b1110101100111 0
b110 4
b11101011001110 !
b11101011001110 .
b11101011001110 3
1%
#16180000
0%
#16185000
b1100100 /
b11001000110011 0
b111 4
b1110101100111 !
b1110101100111 .
b1110101100111 3
1%
#16190000
0%
#16195000
b1111001 /
b11110010011001 0
b10 6
b11001000110011 !
b11001000110011 .
b11001000110011 3
1%
#16200000
0%
#16205000
0#
b0 6
1"
1%
#16210000
b10000111 *
0%
#16215000
0"
1%
#16220000
b10000000 7
0%
#16225000
1%
#16230000
1)
b1010111 '
b1010111 -
b11000100 &
b11000100 ,
0%
#16235000
b11000100 /
b110001000101011 0
1#
b1 6
b0 4
b11000100 5
b1010111 !
b1010111 .
b1010111 3
1%
#16240000
0)
0%
#16245000
b100100110 /
b1001001100010101 0
b1 4
b110001000101011 !
b110001000101011 .
b110001000101011 3
1%
#16250000
0%
#16255000
b101010111 /
b1010101110001010 0
b10 4
b1001001100010101 !
b1001001100010101 .
b1001001100010101 3
1%
#16260000
0%
#16265000
b10101011 /
b101010111000101 0
b11 4
b1010101110001010 !
b1010101110001010 .
b1010101110001010 3
1%
#16270000
0%
#16275000
b100011001 /
b1000110011100010 0
b100 4
b101010111000101 !
b101010111000101 .
b101010111000101 3
1%
#16280000
0%
#16285000
b10001100 /
b100011001110001 0
b101 4
b1000110011100010 !
b1000110011100010 .
b1000110011100010 3
1%
#16290000
0%
#16295000
b100001010 /
b1000010100111000 0
b110 4
b100011001110001 !
b100011001110001 .
b100011001110001 3
1%
#16300000
0%
#16305000
b10000101 /
b100001010011100 0
b111 4
b1000010100111000 !
b1000010100111000 .
b1000010100111000 3
1%
#16310000
0%
#16315000
b1000010 /
b10000101001110 0
b10 6
b100001010011100 !
b100001010011100 .
b100001010011100 3
1%
#16320000
0%
#16325000
0#
b0 6
1"
1%
#16330000
b10001000 *
0%
#16335000
0"
1%
#16340000
b10000001 7
0%
#16345000
1%
#16350000
1)
b11001001 '
b11001001 -
b11001101 &
b11001101 ,
0%
#16355000
b11001101 /
b110011011100100 0
1#
b1 6
b0 4
b11001101 5
b11001001 !
b11001001 .
b11001001 3
1%
#16360000
0)
0%
#16365000
b1100110 /
b11001101110010 0
b1 4
b110011011100100 !
b110011011100100 .
b110011011100100 3
1%
#16370000
0%
#16375000
b110011 /
b1100110111001 0
b10 4
b11001101110010 !
b11001101110010 .
b11001101110010 3
1%
#16380000
0%
#16385000
b11100110 /
b111001101011100 0
b11 4
b1100110111001 !
b1100110111001 .
b1100110111001 3
1%
#16390000
0%
#16395000
b1110011 /
b11100110101110 0
b100 4
b111001101011100 !
b111001101011100 .
b111001101011100 3
1%
#16400000
0%
#16405000
b111001 /
b1110011010111 0
b101 4
b11100110101110 !
b11100110101110 .
b11100110101110 3
1%
#16410000
0%
#16415000
b11101001 /
b111010011101011 0
b110 4
b1110011010111 !
b1110011010111 .
b1110011010111 3
1%
#16420000
0%
#16425000
b101000001 /
b1010000011110101 0
b111 4
b111010011101011 !
b111010011101011 .
b111010011101011 3
1%
#16430000
0%
#16435000
b101101101 /
b1011011011111010 0
b10 6
b1010000011110101 !
b1010000011110101 .
b1010000011110101 3
1%
#16440000
0%
#16445000
0#
b0 6
1"
1%
#16450000
b10001001 *
0%
#16455000
0"
1%
#16460000
b10000010 7
0%
#16465000
1%
#16470000
1)
b10110 '
b10110 -
b10010100 &
b10010100 ,
0%
#16475000
b0 /
b1011 0
1#
b1 6
b0 4
b10010100 5
b10110 !
b10110 .
b10110 3
1%
#16480000
0)
0%
#16485000
b10010100 /
b100101000000101 0
b1 4
b1011 !
b1011 .
b1011 3
1%
#16490000
0%
#16495000
b11011110 /
b110111100000010 0
b10 4
b100101000000101 !
b100101000000101 .
b100101000000101 3
1%
#16500000
0%
#16505000
b1101111 /
b11011110000001 0
b11 4
b110111100000010 !
b110111100000010 .
b110111100000010 3
1%
#16510000
0%
#16515000
b11001011 /
b110010111000000 0
b100 4
b11011110000001 !
b11011110000001 .
b11011110000001 3
1%
#16520000
0%
#16525000
b1100101 /
b11001011100000 0
b101 4
b110010111000000 !
b110010111000000 .
b110010111000000 3
1%
#16530000
0%
#16535000
b110010 /
b1100101110000 0
b110 4
b11001011100000 !
b11001011100000 .
b11001011100000 3
1%
#16540000
0%
#16545000
b11001 /
b110010111000 0
b111 4
b1100101110000 !
b1100101110000 .
b1100101110000 3
1%
#16550000
0%
#16555000
b1100 /
b11001011100 0
b10 6
b110010111000 !
b110010111000 .
b110010111000 3
1%
#16560000
0%
#16565000
0#
b0 6
1"
1%
#16570000
b10001010 *
0%
#16575000
0"
1%
#16580000
b10000011 7
0%
#16585000
1%
#16590000
1)
b1100001 '
b1100001 -
b10100101 &
b10100101 ,
0%
#16595000
b10100101 /
b101001010110000 0
1#
b1 6
b0 4
b10100101 5
b1100001 !
b1100001 .
b1100001 3
1%
#16600000
0)
0%
#16605000
b1010010 /
b10100101011000 0
b1 4
b101001010110000 !
b101001010110000 .
b101001010110000 3
1%
#16610000
0%
#16615000
b101001 /
b1010010101100 0
b10 4
b10100101011000 !
b10100101011000 .
b10100101011000 3
1%
#16620000
0%
#16625000
b10100 /
b101001010110 0
b11 4
b1010010101100 !
b1010010101100 .
b1010010101100 3
1%
#16630000
0%
#16635000
b1010 /
b10100101011 0
b100 4
b101001010110 !
b101001010110 .
b101001010110 3
1%
#16640000
0%
#16645000
b10101010 /
b101010100010101 0
b101 4
b10100101011 !
b10100101011 .
b10100101011 3
1%
#16650000
0%
#16655000
b11111010 /
b111110100001010 0
b110 4
b101010100010101 !
b101010100010101 .
b101010100010101 3
1%
#16660000
0%
#16665000
b1111101 /
b11111010000101 0
b111 4
b111110100001010 !
b111110100001010 .
b111110100001010 3
1%
#16670000
0%
#16675000
b11100011 /
b111000111000010 0
b10 6
b11111010000101 !
b11111010000101 .
b11111010000101 3
1%
#16680000
0%
#16685000
0#
b0 6
1"
1%
#16690000
b10001011 *
0%
#16695000
0"
1%
#16700000
b10000100 7
0%
#16705000
1%
#16710000
1)
b10000110 '
b10000110 -
b1111 &
b1111 ,
0%
#16715000
b0 /
b1000011 0
1#
b1 6
b0 4
b1111 5
b10000110 !
b10000110 .
b10000110 3
1%
#16720000
0)
0%
#16725000
b1111 /
b11110100001 0
b1 4
b1000011 !
b1000011 .
b1000011 3
1%
#16730000
0%
#16735000
b10110 /
b101101010000 0
b10 4
b11110100001 !
b11110100001 .
b11110100001 3
1%
#16740000
0%
#16745000
b1011 /
b10110101000 0
b11 4
b101101010000 !
b101101010000 .
b101101010000 3
1%
#16750000
0%
#16755000
b101 /
b1011010100 0
b100 4
b10110101000 !
b10110101000 .
b10110101000 3
1%
#16760000
0%
#16765000
b10 /
b101101010 0
b101 4
b1011010100 !
b1011010100 .
b1011010100 3
1%
#16770000
0%
#16775000
b1 /
b10110101 0
b110 4
b101101010 !
b101101010 .
b101101010 3
1%
#16780000
0%
#16785000
b1111 /
b11111011010 0
b111 4
b10110101 !
b10110101 .
b10110101 3
1%
#16790000
0%
#16795000
b111 /
b1111101101 0
b10 6
b11111011010 !
b11111011010 .
b11111011010 3
1%
#16800000
0%
#16805000
0#
b0 6
1"
1%
#16810000
b10001100 *
0%
#16815000
0"
1%
#16820000
b10000101 7
0%
#16825000
1%
#16830000
1)
b10001100 '
b10001100 -
b11110110 &
b11110110 ,
0%
#16835000
b0 /
b1000110 0
1#
b1 6
b0 4
b11110110 5
b10001100 !
b10001100 .
b10001100 3
1%
#16840000
0)
0%
#16845000
b100011 0
b1 4
b1000110 !
b1000110 .
b1000110 3
1%
#16850000
0%
#16855000
b11110110 /
b111101100010001 0
b10 4
b100011 !
b100011 .
b100011 3
1%
#16860000
0%
#16865000
b101110001 /
b1011100010001000 0
b11 4
b111101100010001 !
b111101100010001 .
b111101100010001 3
1%
#16870000
0%
#16875000
b10111000 /
b101110001000100 0
b100 4
b1011100010001000 !
b1011100010001000 .
b1011100010001000 3
1%
#16880000
0%
#16885000
b1011100 /
b10111000100010 0
b101 4
b101110001000100 !
b101110001000100 .
b101110001000100 3
1%
#16890000
0%
#16895000
b101110 /
b1011100010001 0
b110 4
b10111000100010 !
b10111000100010 .
b10111000100010 3
1%
#16900000
0%
#16905000
b100001101 /
b1000011010001000 0
b111 4
b1011100010001 !
b1011100010001 .
b1011100010001 3
1%
#16910000
0%
#16915000
b10000110 /
b100001101000100 0
b10 6
b1000011010001000 !
b1000011010001000 .
b1000011010001000 3
1%
#16920000
0%
#16925000
0#
b0 6
1"
1%
#16930000
b10001101 *
0%
#16935000
0"
1%
#16940000
b10000110 7
0%
#16945000
1%
#16950000
1)
b1000011 '
b1000011 -
b11101000 &
b11101000 ,
0%
#16955000
b11101000 /
b111010000100001 0
1#
b1 6
b0 4
b11101000 5
b1000011 !
b1000011 .
b1000011 3
1%
#16960000
0)
0%
#16965000
b101011100 /
b1010111000010000 0
b1 4
b111010000100001 !
b111010000100001 .
b111010000100001 3
1%
#16970000
0%
#16975000
b10101110 /
b101011100001000 0
b10 4
b1010111000010000 !
b1010111000010000 .
b1010111000010000 3
1%
#16980000
0%
#16985000
b1010111 /
b10101110000100 0
b11 4
b101011100001000 !
b101011100001000 .
b101011100001000 3
1%
#16990000
0%
#16995000
b101011 /
b1010111000010 0
b100 4
b10101110000100 !
b10101110000100 .
b10101110000100 3
1%
#17000000
0%
#17005000
b10101 /
b101011100001 0
b101 4
b1010111000010 !
b1010111000010 .
b1010111000010 3
1%
#17010000
0%
#17015000
b11110010 /
b111100101110000 0
b110 4
b101011100001 !
b101011100001 .
b101011100001 3
1%
#17020000
0%
#17025000
b1111001 /
b11110010111000 0
b111 4
b111100101110000 !
b111100101110000 .
b111100101110000 3
1%
#17030000
0%
#17035000
b111100 /
b1111001011100 0
b10 6
b11110010111000 !
b11110010111000 .
b11110010111000 3
1%
#17040000
0%
#17045000
0#
b0 6
1"
1%
#17050000
b10001110 *
0%
#17055000
0"
1%
#17060000
b10000111 7
0%
#17065000
1%
#17070000
1)
b11101 '
b11101 -
b100000 &
b100000 ,
0%
#17075000
b100000 /
b1000000001110 0
1#
b1 6
b0 4
b100000 5
b11101 !
b11101 .
b11101 3
1%
#17080000
0)
0%
#17085000
b10000 /
b100000000111 0
b1 4
b1000000001110 !
b1000000001110 .
b1000000001110 3
1%
#17090000
0%
#17095000
b101000 /
b1010000000011 0
b10 4
b100000000111 !
b100000000111 .
b100000000111 3
1%
#17100000
0%
#17105000
b110100 /
b1101000000001 0
b11 4
b1010000000011 !
b1010000000011 .
b1010000000011 3
1%
#17110000
0%
#17115000
b111010 /
b1110100000000 0
b100 4
b1101000000001 !
b1101000000001 .
b1101000000001 3
1%
#17120000
0%
#17125000
b111010000000 0
b11101 /
b101 4
b1110100000000 !
b1110100000000 .
b1110100000000 3
1%
#17130000
0%
#17135000
b1110 /
b11101000000 0
b110 4
b111010000000 !
b111010000000 .
b111010000000 3
1%
#17140000
0%
#17145000
b111 /
b1110100000 0
b111 4
b11101000000 !
b11101000000 .
b11101000000 3
1%
#17150000
0%
#17155000
b11 /
b111010000 0
b10 6
b1110100000 !
b1110100000 .
b1110100000 3
1%
#17160000
0%
#17165000
0#
b0 6
1"
1%
#17170000
b10001111 *
0%
#17175000
0"
1%
#17180000
b10001000 7
0%
#17185000
1%
#17190000
1)
b10101001 '
b10101001 -
b11101100 &
b11101100 ,
0%
#17195000
b11101100 /
b111011001010100 0
1#
b1 6
b0 4
b11101100 5
b10101001 !
b10101001 .
b10101001 3
1%
#17200000
0)
0%
#17205000
b1110110 /
b11101100101010 0
b1 4
b111011001010100 !
b111011001010100 .
b111011001010100 3
1%
#17210000
0%
#17215000
b111011 /
b1110110010101 0
b10 4
b11101100101010 !
b11101100101010 .
b11101100101010 3
1%
#17220000
0%
#17225000
b100001001 /
b1000010011001010 0
b11 4
b1110110010101 !
b1110110010101 .
b1110110010101 3
1%
#17230000
0%
#17235000
b10000100 /
b100001001100101 0
b100 4
b1000010011001010 !
b1000010011001010 .
b1000010011001010 3
1%
#17240000
0%
#17245000
b100101110 /
b1001011100110010 0
b101 4
b100001001100101 !
b100001001100101 .
b100001001100101 3
1%
#17250000
0%
#17255000
b10010111 /
b100101110011001 0
b110 4
b1001011100110010 !
b1001011100110010 .
b1001011100110010 3
1%
#17260000
0%
#17265000
b100110111 /
b1001101111001100 0
b111 4
b100101110011001 !
b100101110011001 .
b100101110011001 3
1%
#17270000
0%
#17275000
b10011011 /
b100110111100110 0
b10 6
b1001101111001100 !
b1001101111001100 .
b1001101111001100 3
1%
#17280000
0%
#17285000
0#
b0 6
1"
1%
#17290000
b10010000 *
0%
#17295000
0"
1%
#17300000
b10001001 7
0%
#17305000
1%
#17310000
1)
b101101 '
b101101 -
b101011 &
b101011 ,
0%
#17315000
b101011 /
b1010110010110 0
1#
b1 6
b0 4
b101011 5
b101101 !
b101101 .
b101101 3
1%
#17320000
0)
0%
#17325000
b10101 /
b101011001011 0
b1 4
b1010110010110 !
b1010110010110 .
b1010110010110 3
1%
#17330000
0%
#17335000
b110101 /
b1101011100101 0
b10 4
b101011001011 !
b101011001011 .
b101011001011 3
1%
#17340000
0%
#17345000
b1000101 /
b10001011110010 0
b11 4
b1101011100101 !
b1101011100101 .
b1101011100101 3
1%
#17350000
0%
#17355000
b100010 /
b1000101111001 0
b100 4
b10001011110010 !
b10001011110010 .
b10001011110010 3
1%
#17360000
0%
#17365000
b111100 /
b1111000111100 0
b101 4
b1000101111001 !
b1000101111001 .
b1000101111001 3
1%
#17370000
0%
#17375000
b11110 /
b111100011110 0
b110 4
b1111000111100 !
b1111000111100 .
b1111000111100 3
1%
#17380000
0%
#17385000
b1111 /
b11110001111 0
b111 4
b111100011110 !
b111100011110 .
b111100011110 3
1%
#17390000
0%
#17395000
b110010 /
b1100101000111 0
b10 6
b11110001111 !
b11110001111 .
b11110001111 3
1%
#17400000
0%
#17405000
0#
b0 6
1"
1%
#17410000
b10010001 *
0%
#17415000
0"
1%
#17420000
b10001010 7
0%
#17425000
1%
#17430000
1)
b10 '
b10 -
b1110001 &
b1110001 ,
0%
#17435000
b0 /
b1 0
1#
b1 6
b0 4
b1110001 5
b10 !
b10 .
b10 3
1%
#17440000
0)
0%
#17445000
b1110001 /
b11100010000000 0
b1 4
b1 !
b1 .
b1 3
1%
#17450000
0%
#17455000
b111000 /
b1110001000000 0
b10 4
b11100010000000 !
b11100010000000 .
b11100010000000 3
1%
#17460000
0%
#17465000
b11100 /
b111000100000 0
b11 4
b1110001000000 !
b1110001000000 .
b1110001000000 3
1%
#17470000
0%
#17475000
b1110 /
b11100010000 0
b100 4
b111000100000 !
b111000100000 .
b111000100000 3
1%
#17480000
0%
#17485000
b111 /
b1110001000 0
b101 4
b11100010000 !
b11100010000 .
b11100010000 3
1%
#17490000
0%
#17495000
b11 /
b111000100 0
b110 4
b1110001000 !
b1110001000 .
b1110001000 3
1%
#17500000
0%
#17505000
b1 /
b11100010 0
b111 4
b111000100 !
b111000100 .
b111000100 3
1%
#17510000
0%
#17515000
b0 /
b1110001 0
b10 6
b11100010 !
b11100010 .
b11100010 3
1%
#17520000
0%
#17525000
0#
b0 6
1"
1%
#17530000
b10010010 *
0%
#17535000
0"
1%
#17540000
b10001011 7
0%
#17545000
1%
#17550000
1)
b1101100 '
b1101100 -
b10111001 &
b10111001 ,
0%
#17555000
b110110 0
1#
b1 6
b0 4
b10111001 5
b1101100 !
b1101100 .
b1101100 3
1%
#17560000
0)
0%
#17565000
b11011 0
b1 4
b110110 !
b110110 .
b110110 3
1%
#17570000
0%
#17575000
b10111001 /
b101110010001101 0
b10 4
b11011 !
b11011 .
b11011 3
1%
#17580000
0%
#17585000
b100010101 /
b1000101011000110 0
b11 4
b101110010001101 !
b101110010001101 .
b101110010001101 3
1%
#17590000
0%
#17595000
b10001010 /
b100010101100011 0
b100 4
b1000101011000110 !
b1000101011000110 .
b1000101011000110 3
1%
#17600000
0%
#17605000
b11111110 /
b111111100110001 0
b101 4
b100010101100011 !
b100010101100011 .
b100010101100011 3
1%
#17610000
0%
#17615000
b100111000 /
b1001110000011000 0
b110 4
b111111100110001 !
b111111100110001 .
b111111100110001 3
1%
#17620000
0%
#17625000
b10011100 /
b100111000001100 0
b111 4
b1001110000011000 !
b1001110000011000 .
b1001110000011000 3
1%
#17630000
0%
#17635000
b1001110 /
b10011100000110 0
b10 6
b100111000001100 !
b100111000001100 .
b100111000001100 3
1%
#17640000
0%
#17645000
0#
b0 6
1"
1%
#17650000
b10010011 *
0%
#17655000
0"
1%
#17660000
b10001100 7
0%
#17665000
1%
#17670000
1)
b1011100 '
b1011100 -
b10001001 &
b10001001 ,
0%
#17675000
b0 /
b101110 0
1#
b1 6
b0 4
b10001001 5
b1011100 !
b1011100 .
b1011100 3
1%
#17680000
0)
0%
#17685000
b10111 0
b1 4
b101110 !
b101110 .
b101110 3
1%
#17690000
0%
#17695000
b10001001 /
b100010010001011 0
b10 4
b10111 !
b10111 .
b10111 3
1%
#17700000
0%
#17705000
b11001101 /
b110011011000101 0
b11 4
b100010010001011 !
b100010010001011 .
b100010010001011 3
1%
#17710000
0%
#17715000
b11101111 /
b111011111100010 0
b100 4
b110011011000101 !
b110011011000101 .
b110011011000101 3
1%
#17720000
0%
#17725000
b1110111 /
b11101111110001 0
b101 4
b111011111100010 !
b111011111100010 .
b111011111100010 3
1%
#17730000
0%
#17735000
b11000100 /
b110001001111000 0
b110 4
b11101111110001 !
b11101111110001 .
b11101111110001 3
1%
#17740000
0%
#17745000
b1100010 /
b11000100111100 0
b111 4
b110001001111000 !
b110001001111000 .
b110001001111000 3
1%
#17750000
0%
#17755000
b110001 /
b1100010011110 0
b10 6
b11000100111100 !
b11000100111100 .
b11000100111100 3
1%
#17760000
0%
#17765000
0#
b0 6
1"
1%
#17770000
b10010100 *
0%
#17775000
0"
1%
#17780000
b10001101 7
0%
#17785000
1%
#17790000
1)
b1110010 '
b1110010 -
b11100 &
b11100 ,
0%
#17795000
b0 /
b111001 0
1#
b1 6
b0 4
b11100 5
b1110010 !
b1110010 .
b1110010 3
1%
#17800000
0)
0%
#17805000
b11100 /
b111000011100 0
b1 4
b111001 !
b111001 .
b111001 3
1%
#17810000
0%
#17815000
b1110 /
b11100001110 0
b10 4
b111000011100 !
b111000011100 .
b111000011100 3
1%
#17820000
0%
#17825000
b111 /
b1110000111 0
b11 4
b11100001110 !
b11100001110 .
b11100001110 3
1%
#17830000
0%
#17835000
b11111 /
b111111000011 0
b100 4
b1110000111 !
b1110000111 .
b1110000111 3
1%
#17840000
0%
#17845000
b101011 /
b1010111100001 0
b101 4
b111111000011 !
b111111000011 .
b111111000011 3
1%
#17850000
0%
#17855000
b110001 /
b1100011110000 0
b110 4
b1010111100001 !
b1010111100001 .
b1010111100001 3
1%
#17860000
0%
#17865000
b11000 /
b110001111000 0
b111 4
b1100011110000 !
b1100011110000 .
b1100011110000 3
1%
#17870000
0%
#17875000
b1100 /
b11000111100 0
b10 6
b110001111000 !
b110001111000 .
b110001111000 3
1%
#17880000
0%
#17885000
0#
b0 6
1"
1%
#17890000
b10010101 *
0%
#17895000
0"
1%
#17900000
b10001110 7
0%
#17905000
1%
#17910000
1)
b10010101 '
b10010101 -
b1010000 &
b1010000 ,
0%
#17915000
b1010000 /
b10100001001010 0
1#
b1 6
b0 4
b1010000 5
b10010101 !
b10010101 .
b10010101 3
1%
#17920000
0)
0%
#17925000
b101000 /
b1010000100101 0
b1 4
b10100001001010 !
b10100001001010 .
b10100001001010 3
1%
#17930000
0%
#17935000
b1100100 /
b11001000010010 0
b10 4
b1010000100101 !
b1010000100101 .
b1010000100101 3
1%
#17940000
0%
#17945000
b110010 /
b1100100001001 0
b11 4
b11001000010010 !
b11001000010010 .
b11001000010010 3
1%
#17950000
0%
#17955000
b1101001 /
b11010010000100 0
b100 4
b1100100001001 !
b1100100001001 .
b1100100001001 3
1%
#17960000
0%
#17965000
b110100 /
b1101001000010 0
b101 4
b11010010000100 !
b11010010000100 .
b11010010000100 3
1%
#17970000
0%
#17975000
b11010 /
b110100100001 0
b110 4
b1101001000010 !
b1101001000010 .
b1101001000010 3
1%
#17980000
0%
#17985000
b1011101 /
b10111010010000 0
b111 4
b110100100001 !
b110100100001 .
b110100100001 3
1%
#17990000
0%
#17995000
b101110 /
b1011101001000 0
b10 6
b10111010010000 !
b10111010010000 .
b10111010010000 3
1%
#18000000
0%
#18005000
0#
b0 6
1"
1%
#18010000
b10010110 *
0%
#18015000
0"
1%
#18020000
b10001111 7
0%
#18025000
1%
#18030000
1)
b11100100 '
b11100100 -
b11000000 &
b11000000 ,
0%
#18035000
b0 /
b1110010 0
1#
b1 6
b0 4
b11000000 5
b11100100 !
b11100100 .
b11100100 3
1%
#18040000
0)
0%
#18045000
b111001 0
b1 4
b1110010 !
b1110010 .
b1110010 3
1%
#18050000
0%
#18055000
b11000000 /
b110000000011100 0
b10 4
b111001 !
b111001 .
b111001 3
1%
#18060000
0%
#18065000
b1100000 /
b11000000001110 0
b11 4
b110000000011100 !
b110000000011100 .
b110000000011100 3
1%
#18070000
0%
#18075000
b110000 /
b1100000000111 0
b100 4
b11000000001110 !
b11000000001110 .
b11000000001110 3
1%
#18080000
0%
#18085000
b11011000 /
b110110000000011 0
b101 4
b1100000000111 !
b1100000000111 .
b1100000000111 3
1%
#18090000
0%
#18095000
b100101100 /
b1001011000000001 0
b110 4
b110110000000011 !
b110110000000011 .
b110110000000011 3
1%
#18100000
0%
#18105000
b101010110 /
b1010101100000000 0
b111 4
b1001011000000001 !
b1001011000000001 .
b1001011000000001 3
1%
#18110000
0%
#18115000
b101010110000000 0
b10101011 /
b10 6
b1010101100000000 !
b1010101100000000 .
b1010101100000000 3
1%
#18120000
0%
#18125000
0#
b0 6
1"
1%
#18130000
b10010111 *
0%
#18135000
0"
1%
#18140000
b10010000 7
0%
#18145000
1%
#18150000
1)
b11010000 '
b11010000 -
b10010011 &
b10010011 ,
0%
#18155000
b0 /
b1101000 0
1#
b1 6
b0 4
b10010011 5
b11010000 !
b11010000 .
b11010000 3
1%
#18160000
0)
0%
#18165000
b110100 0
b1 4
b1101000 !
b1101000 .
b1101000 3
1%
#18170000
0%
#18175000
b11010 0
b10 4
b110100 !
b110100 .
b110100 3
1%
#18180000
0%
#18185000
b1101 0
b11 4
b11010 !
b11010 .
b11010 3
1%
#18190000
0%
#18195000
b10010011 /
b100100110000110 0
b100 4
b1101 !
b1101 .
b1101 3
1%
#18200000
0%
#18205000
b1001001 /
b10010011000011 0
b101 4
b100100110000110 !
b100100110000110 .
b100100110000110 3
1%
#18210000
0%
#18215000
b10110111 /
b101101111100001 0
b110 4
b10010011000011 !
b10010011000011 .
b10010011000011 3
1%
#18220000
0%
#18225000
b11101110 /
b111011101110000 0
b111 4
b101101111100001 !
b101101111100001 .
b101101111100001 3
1%
#18230000
0%
#18235000
b1110111 /
b11101110111000 0
b10 6
b111011101110000 !
b111011101110000 .
b111011101110000 3
1%
#18240000
0%
#18245000
0#
b0 6
1"
1%
#18250000
b10011000 *
0%
#18255000
0"
1%
#18260000
b10010001 7
0%
#18265000
1%
#18270000
1)
b10 '
b10 -
b1111 &
b1111 ,
0%
#18275000
b0 /
b1 0
1#
b1 6
b0 4
b1111 5
b10 !
b10 .
b10 3
1%
#18280000
0)
0%
#18285000
b1111 /
b11110000000 0
b1 4
b1 !
b1 .
b1 3
1%
#18290000
0%
#18295000
b111 /
b1111000000 0
b10 4
b11110000000 !
b11110000000 .
b11110000000 3
1%
#18300000
0%
#18305000
b11 /
b111100000 0
b11 4
b1111000000 !
b1111000000 .
b1111000000 3
1%
#18310000
0%
#18315000
b1 /
b11110000 0
b100 4
b111100000 !
b111100000 .
b111100000 3
1%
#18320000
0%
#18325000
b0 /
b1111000 0
b101 4
b11110000 !
b11110000 .
b11110000 3
1%
#18330000
0%
#18335000
b111100 0
b110 4
b1111000 !
b1111000 .
b1111000 3
1%
#18340000
0%
#18345000
b11110 0
b111 4
b111100 !
b111100 .
b111100 3
1%
#18350000
0%
#18355000
b1111 0
b10 6
b11110 !
b11110 .
b11110 3
1%
#18360000
0%
#18365000
0#
b0 6
1"
1%
#18370000
b10011001 *
0%
#18375000
0"
1%
#18380000
b10010010 7
0%
#18385000
1%
#18390000
1)
b1001011 '
b1001011 -
b10101100 &
b10101100 ,
0%
#18395000
b10101100 /
b101011000100101 0
1#
b1 6
b0 4
b10101100 5
b1001011 !
b1001011 .
b1001011 3
1%
#18400000
0)
0%
#18405000
b100000010 /
b1000000100010010 0
b1 4
b101011000100101 !
b101011000100101 .
b101011000100101 3
1%
#18410000
0%
#18415000
b10000001 /
b100000010001001 0
b10 4
b1000000100010010 !
b1000000100010010 .
b1000000100010010 3
1%
#18420000
0%
#18425000
b11101100 /
b111011001000100 0
b11 4
b100000010001001 !
b100000010001001 .
b100000010001001 3
1%
#18430000
0%
#18435000
b1110110 /
b11101100100010 0
b100 4
b111011001000100 !
b111011001000100 .
b111011001000100 3
1%
#18440000
0%
#18445000
b111011 /
b1110110010001 0
b101 4
b11101100100010 !
b11101100100010 .
b11101100100010 3
1%
#18450000
0%
#18455000
b11001001 /
b110010011001000 0
b110 4
b1110110010001 !
b1110110010001 .
b1110110010001 3
1%
#18460000
0%
#18465000
b1100100 /
b11001001100100 0
b111 4
b110010011001000 !
b110010011001000 .
b110010011001000 3
1%
#18470000
0%
#18475000
b110010 /
b1100100110010 0
b10 6
b11001001100100 !
b11001001100100 .
b11001001100100 3
1%
#18480000
0%
#18485000
0#
b0 6
1"
1%
#18490000
b10011010 *
0%
#18495000
0"
1%
#18500000
b10010011 7
0%
#18505000
1%
#18510000
1)
b1001 '
b1001 -
b10001010 &
b10001010 ,
0%
#18515000
b10001010 /
b100010100000100 0
1#
b1 6
b0 4
b10001010 5
b1001 !
b1001 .
b1001 3
1%
#18520000
0)
0%
#18525000
b1000101 /
b10001010000010 0
b1 4
b100010100000100 !
b100010100000100 .
b100010100000100 3
1%
#18530000
0%
#18535000
b100010 /
b1000101000001 0
b10 4
b10001010000010 !
b10001010000010 .
b10001010000010 3
1%
#18540000
0%
#18545000
b10011011 /
b100110110100000 0
b11 4
b1000101000001 !
b1000101000001 .
b1000101000001 3
1%
#18550000
0%
#18555000
b1001101 /
b10011011010000 0
b100 4
b100110110100000 !
b100110110100000 .
b100110110100000 3
1%
#18560000
0%
#18565000
b100110 /
b1001101101000 0
b101 4
b10011011010000 !
b10011011010000 .
b10011011010000 3
1%
#18570000
0%
#18575000
b10011 /
b100110110100 0
b110 4
b1001101101000 !
b1001101101000 .
b1001101101000 3
1%
#18580000
0%
#18585000
b1001 /
b10011011010 0
b111 4
b100110110100 !
b100110110100 .
b100110110100 3
1%
#18590000
0%
#18595000
b100 /
b1001101101 0
b10 6
b10011011010 !
b10011011010 .
b10011011010 3
1%
#18600000
0%
#18605000
0#
b0 6
1"
1%
#18610000
b10011011 *
0%
#18615000
0"
1%
#18620000
b10010100 7
0%
#18625000
1%
#18630000
1)
b1011000 '
b1011000 -
b1001011 &
b1001011 ,
0%
#18635000
b0 /
b101100 0
1#
b1 6
b0 4
b1001011 5
b1011000 !
b1011000 .
b1011000 3
1%
#18640000
0)
0%
#18645000
b10110 0
b1 4
b101100 !
b101100 .
b101100 3
1%
#18650000
0%
#18655000
b1011 0
b10 4
b10110 !
b10110 .
b10110 3
1%
#18660000
0%
#18665000
b1001011 /
b10010110000101 0
b11 4
b1011 !
b1011 .
b1011 3
1%
#18670000
0%
#18675000
b1110000 /
b11100001000010 0
b100 4
b10010110000101 !
b10010110000101 .
b10010110000101 3
1%
#18680000
0%
#18685000
b111000 /
b1110000100001 0
b101 4
b11100001000010 !
b11100001000010 .
b11100001000010 3
1%
#18690000
0%
#18695000
b1100111 /
b11001110010000 0
b110 4
b1110000100001 !
b1110000100001 .
b1110000100001 3
1%
#18700000
0%
#18705000
b110011 /
b1100111001000 0
b111 4
b11001110010000 !
b11001110010000 .
b11001110010000 3
1%
#18710000
0%
#18715000
b11001 /
b110011100100 0
b10 6
b1100111001000 !
b1100111001000 .
b1100111001000 3
1%
#18720000
0%
#18725000
0#
b0 6
1"
1%
#18730000
b10011100 *
0%
#18735000
0"
1%
#18740000
b10010101 7
0%
#18745000
1%
#18750000
1)
b1110110 '
b1110110 -
b10101010 &
b10101010 ,
0%
#18755000
b0 /
b111011 0
1#
b1 6
b0 4
b10101010 5
b1110110 !
b1110110 .
b1110110 3
1%
#18760000
0)
0%
#18765000
b10101010 /
b101010100011101 0
b1 4
b111011 !
b111011 .
b111011 3
1%
#18770000
0%
#18775000
b11111111 /
b111111110001110 0
b10 4
b101010100011101 !
b101010100011101 .
b101010100011101 3
1%
#18780000
0%
#18785000
b1111111 /
b11111111000111 0
b11 4
b111111110001110 !
b111111110001110 .
b111111110001110 3
1%
#18790000
0%
#18795000
b11101001 /
b111010011100011 0
b100 4
b11111111000111 !
b11111111000111 .
b11111111000111 3
1%
#18800000
0%
#18805000
b100011110 /
b1000111101110001 0
b101 4
b111010011100011 !
b111010011100011 .
b111010011100011 3
1%
#18810000
0%
#18815000
b100111001 /
b1001110010111000 0
b110 4
b1000111101110001 !
b1000111101110001 .
b1000111101110001 3
1%
#18820000
0%
#18825000
b10011100 /
b100111001011100 0
b111 4
b1001110010111000 !
b1001110010111000 .
b1001110010111000 3
1%
#18830000
0%
#18835000
b1001110 /
b10011100101110 0
b10 6
b100111001011100 !
b100111001011100 .
b100111001011100 3
1%
#18840000
0%
#18845000
0#
b0 6
1"
1%
#18850000
b10011101 *
0%
#18855000
0"
1%
#18860000
b10010110 7
0%
#18865000
1%
#18870000
1)
b11111010 '
b11111010 -
b10010101 &
b10010101 ,
0%
#18875000
b0 /
b1111101 0
1#
b1 6
b0 4
b10010101 5
b11111010 !
b11111010 .
b11111010 3
1%
#18880000
0)
0%
#18885000
b10010101 /
b100101010111110 0
b1 4
b1111101 !
b1111101 .
b1111101 3
1%
#18890000
0%
#18895000
b1001010 /
b10010101011111 0
b10 4
b100101010111110 !
b100101010111110 .
b100101010111110 3
1%
#18900000
0%
#18905000
b10111010 /
b101110100101111 0
b11 4
b10010101011111 !
b10010101011111 .
b10010101011111 3
1%
#18910000
0%
#18915000
b11110010 /
b111100100010111 0
b100 4
b101110100101111 !
b101110100101111 .
b101110100101111 3
1%
#18920000
0%
#18925000
b100001110 /
b1000011100001011 0
b101 4
b111100100010111 !
b111100100010111 .
b111100100010111 3
1%
#18930000
0%
#18935000
b100011100 /
b1000111000000101 0
b110 4
b1000011100001011 !
b1000011100001011 .
b1000011100001011 3
1%
#18940000
0%
#18945000
b100100011 /
b1001000110000010 0
b111 4
b1000111000000101 !
b1000111000000101 .
b1000111000000101 3
1%
#18950000
0%
#18955000
b10010001 /
b100100011000001 0
b10 6
b1001000110000010 !
b1001000110000010 .
b1001000110000010 3
1%
#18960000
0%
#18965000
0#
b0 6
1"
1%
#18970000
b10011110 *
0%
#18975000
0"
1%
#18980000
b10010111 7
0%
#18985000
1%
#18990000
1)
b10011 '
b10011 -
b11010110 &
b11010110 ,
0%
#18995000
b11010110 /
b110101100001001 0
1#
b1 6
b0 4
b11010110 5
b10011 !
b10011 .
b10011 3
1%
#19000000
0)
0%
#19005000
b101000001 /
b1010000010000100 0
b1 4
b110101100001001 !
b110101100001001 .
b110101100001001 3
1%
#19010000
0%
#19015000
b10100000 /
b101000001000010 0
b10 4
b1010000010000100 !
b1010000010000100 .
b1010000010000100 3
1%
#19020000
0%
#19025000
b1010000 /
b10100000100001 0
b11 4
b101000001000010 !
b101000001000010 .
b101000001000010 3
1%
#19030000
0%
#19035000
b11111110 /
b111111100010000 0
b100 4
b10100000100001 !
b10100000100001 .
b10100000100001 3
1%
#19040000
0%
#19045000
b1111111 /
b11111110001000 0
b101 4
b111111100010000 !
b111111100010000 .
b111111100010000 3
1%
#19050000
0%
#19055000
b111111 /
b1111111000100 0
b110 4
b11111110001000 !
b11111110001000 .
b11111110001000 3
1%
#19060000
0%
#19065000
b11111 /
b111111100010 0
b111 4
b1111111000100 !
b1111111000100 .
b1111111000100 3
1%
#19070000
0%
#19075000
b1111 /
b11111110001 0
b10 6
b111111100010 !
b111111100010 .
b111111100010 3
1%
#19080000
0%
#19085000
0#
b0 6
1"
1%
#19090000
b10011111 *
0%
#19095000
0"
1%
#19100000
b10011000 7
0%
#19105000
1%
#19110000
1)
b1010011 '
b1010011 -
b11000010 &
b11000010 ,
0%
#19115000
b11000010 /
b110000100101001 0
1#
b1 6
b0 4
b11000010 5
b1010011 !
b1010011 .
b1010011 3
1%
#19120000
0)
0%
#19125000
b100100011 /
b1001000110010100 0
b1 4
b110000100101001 !
b110000100101001 .
b110000100101001 3
1%
#19130000
0%
#19135000
b10010001 /
b100100011001010 0
b10 4
b1001000110010100 !
b1001000110010100 .
b1001000110010100 3
1%
#19140000
0%
#19145000
b1001000 /
b10010001100101 0
b11 4
b100100011001010 !
b100100011001010 .
b100100011001010 3
1%
#19150000
0%
#19155000
b11100110 /
b111001100110010 0
b100 4
b10010001100101 !
b10010001100101 .
b10010001100101 3
1%
#19160000
0%
#19165000
b1110011 /
b11100110011001 0
b101 4
b111001100110010 !
b111001100110010 .
b111001100110010 3
1%
#19170000
0%
#19175000
b11111011 /
b111110111001100 0
b110 4
b11100110011001 !
b11100110011001 .
b11100110011001 3
1%
#19180000
0%
#19185000
b1111101 /
b11111011100110 0
b111 4
b111110111001100 !
b111110111001100 .
b111110111001100 3
1%
#19190000
0%
#19195000
b111110 /
b1111101110011 0
b10 6
b11111011100110 !
b11111011100110 .
b11111011100110 3
1%
#19200000
0%
#19205000
0#
b0 6
1"
1%
#19210000
b10100000 *
0%
#19215000
0"
1%
#19220000
b10011001 7
0%
#19225000
1%
#19230000
1)
b1011100 '
b1011100 -
b1110011 &
b1110011 ,
0%
#19235000
b0 /
b101110 0
1#
b1 6
b0 4
b1110011 5
b1011100 !
b1011100 .
b1011100 3
1%
#19240000
0)
0%
#19245000
b10111 0
b1 4
b101110 !
b101110 .
b101110 3
1%
#19250000
0%
#19255000
b1110011 /
b11100110001011 0
b10 4
b10111 !
b10111 .
b10111 3
1%
#19260000
0%
#19265000
b10101100 /
b101011001000101 0
b11 4
b11100110001011 !
b11100110001011 .
b11100110001011 3
1%
#19270000
0%
#19275000
b11001001 /
b110010010100010 0
b100 4
b101011001000101 !
b101011001000101 .
b101011001000101 3
1%
#19280000
0%
#19285000
b1100100 /
b11001001010001 0
b101 4
b110010010100010 !
b110010010100010 .
b110010010100010 3
1%
#19290000
0%
#19295000
b10100101 /
b101001010101000 0
b110 4
b11001001010001 !
b11001001010001 .
b11001001010001 3
1%
#19300000
0%
#19305000
b1010010 /
b10100101010100 0
b111 4
b101001010101000 !
b101001010101000 .
b101001010101000 3
1%
#19310000
0%
#19315000
b101001 /
b1010010101010 0
b10 6
b10100101010100 !
b10100101010100 .
b10100101010100 3
1%
#19320000
0%
#19325000
0#
b0 6
1"
1%
#19330000
b10100001 *
0%
#19335000
0"
1%
#19340000
b10011010 7
0%
#19345000
1%
#19350000
1)
b11101101 '
b11101101 -
b100100 &
b100100 ,
0%
#19355000
b100100 /
b1001001110110 0
1#
b1 6
b0 4
b100100 5
b11101101 !
b11101101 .
b11101101 3
1%
#19360000
0)
0%
#19365000
b10010 /
b100100111011 0
b1 4
b1001001110110 !
b1001001110110 .
b1001001110110 3
1%
#19370000
0%
#19375000
b101101 /
b1011010011101 0
b10 4
b100100111011 !
b100100111011 .
b100100111011 3
1%
#19380000
0%
#19385000
b111010 /
b1110101001110 0
b11 4
b1011010011101 !
b1011010011101 .
b1011010011101 3
1%
#19390000
0%
#19395000
b11101 /
b111010100111 0
b100 4
b1110101001110 !
b1110101001110 .
b1110101001110 3
1%
#19400000
0%
#19405000
b110010 /
b1100101010011 0
b101 4
b111010100111 !
b111010100111 .
b111010100111 3
1%
#19410000
0%
#19415000
b111101 /
b1111010101001 0
b110 4
b1100101010011 !
b1100101010011 .
b1100101010011 3
1%
#19420000
0%
#19425000
b1000010 /
b10000101010100 0
b111 4
b1111010101001 !
b1111010101001 .
b1111010101001 3
1%
#19430000
0%
#19435000
b100001 /
b1000010101010 0
b10 6
b10000101010100 !
b10000101010100 .
b10000101010100 3
1%
#19440000
0%
#19445000
0#
b0 6
1"
1%
#19450000
b10100010 *
0%
#19455000
0"
1%
#19460000
b10011011 7
0%
#19465000
1%
#19470000
1)
b10101000 '
b10101000 -
b11100100 &
b11100100 ,
0%
#19475000
b0 /
b1010100 0
1#
b1 6
b0 4
b11100100 5
b10101000 !
b10101000 .
b10101000 3
1%
#19480000
0)
0%
#19485000
b101010 0
b1 4
b1010100 !
b1010100 .
b1010100 3
1%
#19490000
0%
#19495000
b10101 0
b10 4
b101010 !
b101010 .
b101010 3
1%
#19500000
0%
#19505000
b11100100 /
b111001000001010 0
b11 4
b10101 !
b10101 .
b10101 3
1%
#19510000
0%
#19515000
b1110010 /
b11100100000101 0
b100 4
b111001000001010 !
b111001000001010 .
b111001000001010 3
1%
#19520000
0%
#19525000
b100011101 /
b1000111010000010 0
b101 4
b11100100000101 !
b11100100000101 .
b11100100000101 3
1%
#19530000
0%
#19535000
b10001110 /
b100011101000001 0
b110 4
b1000111010000010 !
b1000111010000010 .
b1000111010000010 3
1%
#19540000
0%
#19545000
b100101011 /
b1001010110100000 0
b111 4
b100011101000001 !
b100011101000001 .
b100011101000001 3
1%
#19550000
0%
#19555000
b10010101 /
b100101011010000 0
b10 6
b1001010110100000 !
b1001010110100000 .
b1001010110100000 3
1%
#19560000
0%
#19565000
0#
b0 6
1"
1%
#19570000
b10100011 *
0%
#19575000
0"
1%
#19580000
b10011100 7
0%
#19585000
1%
#19590000
1)
b10010101 '
b10010101 -
b1010000 &
b1010000 ,
0%
#19595000
b1010000 /
b10100001001010 0
1#
b1 6
b0 4
b1010000 5
b10010101 !
b10010101 .
b10010101 3
1%
#19600000
0)
0%
#19605000
b101000 /
b1010000100101 0
b1 4
b10100001001010 !
b10100001001010 .
b10100001001010 3
1%
#19610000
0%
#19615000
b1100100 /
b11001000010010 0
b10 4
b1010000100101 !
b1010000100101 .
b1010000100101 3
1%
#19620000
0%
#19625000
b110010 /
b1100100001001 0
b11 4
b11001000010010 !
b11001000010010 .
b11001000010010 3
1%
#19630000
0%
#19635000
b1101001 /
b11010010000100 0
b100 4
b1100100001001 !
b1100100001001 .
b1100100001001 3
1%
#19640000
0%
#19645000
b110100 /
b1101001000010 0
b101 4
b11010010000100 !
b11010010000100 .
b11010010000100 3
1%
#19650000
0%
#19655000
b11010 /
b110100100001 0
b110 4
b1101001000010 !
b1101001000010 .
b1101001000010 3
1%
#19660000
0%
#19665000
b1011101 /
b10111010010000 0
b111 4
b110100100001 !
b110100100001 .
b110100100001 3
1%
#19670000
0%
#19675000
b101110 /
b1011101001000 0
b10 6
b10111010010000 !
b10111010010000 .
b10111010010000 3
1%
#19680000
0%
#19685000
0#
b0 6
1"
1%
#19690000
b10100100 *
0%
#19695000
0"
1%
#19700000
b10011101 7
0%
#19705000
1%
#19710000
1)
b100010 '
b100010 -
b11111101 &
b11111101 ,
0%
#19715000
b0 /
b10001 0
1#
b1 6
b0 4
b11111101 5
b100010 !
b100010 .
b100010 3
1%
#19720000
0)
0%
#19725000
b11111101 /
b111111010001000 0
b1 4
b10001 !
b10001 .
b10001 3
1%
#19730000
0%
#19735000
b1111110 /
b11111101000100 0
b10 4
b111111010001000 !
b111111010001000 .
b111111010001000 3
1%
#19740000
0%
#19745000
b111111 /
b1111110100010 0
b11 4
b11111101000100 !
b11111101000100 .
b11111101000100 3
1%
#19750000
0%
#19755000
b11111 /
b111111010001 0
b100 4
b1111110100010 !
b1111110100010 .
b1111110100010 3
1%
#19760000
0%
#19765000
b100001100 /
b1000011001101000 0
b101 4
b111111010001 !
b111111010001 .
b111111010001 3
1%
#19770000
0%
#19775000
b10000110 /
b100001100110100 0
b110 4
b1000011001101000 !
b1000011001101000 .
b1000011001101000 3
1%
#19780000
0%
#19785000
b1000011 /
b10000110011010 0
b111 4
b100001100110100 !
b100001100110100 .
b100001100110100 3
1%
#19790000
0%
#19795000
b100001 /
b1000011001101 0
b10 6
b10000110011010 !
b10000110011010 .
b10000110011010 3
1%
#19800000
0%
#19805000
0#
b0 6
1"
1%
#19810000
b10100101 *
0%
#19815000
0"
1%
#19820000
b10011110 7
0%
#19825000
1%
#19830000
1)
b111110 '
b111110 -
b11000001 &
b11000001 ,
0%
#19835000
b0 /
b11111 0
1#
b1 6
b0 4
b11000001 5
b111110 !
b111110 .
b111110 3
1%
#19840000
0)
0%
#19845000
b11000001 /
b110000010001111 0
b1 4
b11111 !
b11111 .
b11111 3
1%
#19850000
0%
#19855000
b100100001 /
b1001000011000111 0
b10 4
b110000010001111 !
b110000010001111 .
b110000010001111 3
1%
#19860000
0%
#19865000
b101010001 /
b1010100011100011 0
b11 4
b1001000011000111 !
b1001000011000111 .
b1001000011000111 3
1%
#19870000
0%
#19875000
b101101001 /
b1011010011110001 0
b100 4
b1010100011100011 !
b1010100011100011 .
b1010100011100011 3
1%
#19880000
0%
#19885000
b101110101 /
b1011101011111000 0
b101 4
b1011010011110001 !
b1011010011110001 .
b1011010011110001 3
1%
#19890000
0%
#19895000
b10111010 /
b101110101111100 0
b110 4
b1011101011111000 !
b1011101011111000 .
b1011101011111000 3
1%
#19900000
0%
#19905000
b1011101 /
b10111010111110 0
b111 4
b101110101111100 !
b101110101111100 .
b101110101111100 3
1%
#19910000
0%
#19915000
b101110 /
b1011101011111 0
b10 6
b10111010111110 !
b10111010111110 .
b10111010111110 3
1%
#19920000
0%
#19925000
0#
b0 6
1"
1%
#19930000
b10100110 *
0%
#19935000
0"
1%
#19940000
b10011111 7
0%
#19945000
1%
#19950000
1)
b1111111 '
b1111111 -
b111001 &
b111001 ,
0%
#19955000
b111001 /
b1110010111111 0
1#
b1 6
b0 4
b111001 5
b1111111 !
b1111111 .
b1111111 3
1%
#19960000
0)
0%
#19965000
b1010101 /
b10101011011111 0
b1 4
b1110010111111 !
b1110010111111 .
b1110010111111 3
1%
#19970000
0%
#19975000
b1100011 /
b11000111101111 0
b10 4
b10101011011111 !
b10101011011111 .
b10101011011111 3
1%
#19980000
0%
#19985000
b1101010 /
b11010101110111 0
b11 4
b11000111101111 !
b11000111101111 .
b11000111101111 3
1%
#19990000
0%
#19995000
b1101110 /
b11011100111011 0
b100 4
b11010101110111 !
b11010101110111 .
b11010101110111 3
1%
#20000000
0%
#20005000
b1110000 /
b11100000011101 0
b101 4
b11011100111011 !
b11011100111011 .
b11011100111011 3
1%
#20010000
0%
#20015000
b1110001 /
b11100010001110 0
b110 4
b11100000011101 !
b11100000011101 .
b11100000011101 3
1%
#20020000
0%
#20025000
b111000 /
b1110001000111 0
b111 4
b11100010001110 !
b11100010001110 .
b11100010001110 3
1%
#20030000
0%
#20035000
b1010101 /
b10101010100011 0
b10 6
b1110001000111 !
b1110001000111 .
b1110001000111 3
1%
#20040000
0%
#20045000
0#
b0 6
1"
1%
#20050000
b10100111 *
0%
#20055000
0"
1%
#20060000
b10100000 7
0%
#20065000
1%
#20070000
1)
b110111 '
b110111 -
b110100 &
b110100 ,
0%
#20075000
b110100 /
b1101000011011 0
1#
b1 6
b0 4
b110100 5
b110111 !
b110111 .
b110111 3
1%
#20080000
0)
0%
#20085000
b1001110 /
b10011100001101 0
b1 4
b1101000011011 !
b1101000011011 .
b1101000011011 3
1%
#20090000
0%
#20095000
b1011011 /
b10110110000110 0
b10 4
b10011100001101 !
b10011100001101 .
b10011100001101 3
1%
#20100000
0%
#20105000
b101101 /
b1011011000011 0
b11 4
b10110110000110 !
b10110110000110 .
b10110110000110 3
1%
#20110000
0%
#20115000
b1001010 /
b10010101100001 0
b100 4
b1011011000011 !
b1011011000011 .
b1011011000011 3
1%
#20120000
0%
#20125000
b1011001 /
b10110010110000 0
b101 4
b10010101100001 !
b10010101100001 .
b10010101100001 3
1%
#20130000
0%
#20135000
b101100 /
b1011001011000 0
b110 4
b10110010110000 !
b10110010110000 .
b10110010110000 3
1%
#20140000
0%
#20145000
b10110 /
b101100101100 0
b111 4
b1011001011000 !
b1011001011000 .
b1011001011000 3
1%
#20150000
0%
#20155000
b1011 /
b10110010110 0
b10 6
b101100101100 !
b101100101100 .
b101100101100 3
1%
#20160000
0%
#20165000
0#
b0 6
1"
1%
#20170000
b10101000 *
0%
#20175000
0"
1%
#20180000
b10100001 7
0%
#20185000
1%
#20190000
1)
b11111000 '
b11111000 -
b11000011 &
b11000011 ,
0%
#20195000
b0 /
b1111100 0
1#
b1 6
b0 4
b11000011 5
b11111000 !
b11111000 .
b11111000 3
1%
#20200000
0)
0%
#20205000
b111110 0
b1 4
b1111100 !
b1111100 .
b1111100 3
1%
#20210000
0%
#20215000
b11111 0
b10 4
b111110 !
b111110 .
b111110 3
1%
#20220000
0%
#20225000
b11000011 /
b110000110001111 0
b11 4
b11111 !
b11111 .
b11111 3
1%
#20230000
0%
#20235000
b100100100 /
b1001001001000111 0
b100 4
b110000110001111 !
b110000110001111 .
b110000110001111 3
1%
#20240000
0%
#20245000
b101010101 /
b1010101010100011 0
b101 4
b1001001001000111 !
b1001001001000111 .
b1001001001000111 3
1%
#20250000
0%
#20255000
b101101101 /
b1011011011010001 0
b110 4
b1010101010100011 !
b1010101010100011 .
b1010101010100011 3
1%
#20260000
0%
#20265000
b101111001 /
b1011110011101000 0
b111 4
b1011011011010001 !
b1011011011010001 .
b1011011011010001 3
1%
#20270000
0%
#20275000
b10111100 /
b101111001110100 0
b10 6
b1011110011101000 !
b1011110011101000 .
b1011110011101000 3
1%
#20280000
0%
#20285000
0#
b0 6
1"
1%
#20290000
b10101001 *
0%
#20295000
0"
1%
#20300000
b10100010 7
0%
#20305000
1%
#20310000
1)
b10100000 '
b10100000 -
b10011100 &
b10011100 ,
0%
#20315000
b0 /
b1010000 0
1#
b1 6
b0 4
b10011100 5
b10100000 !
b10100000 .
b10100000 3
1%
#20320000
0)
0%
#20325000
b101000 0
b1 4
b1010000 !
b1010000 .
b1010000 3
1%
#20330000
0%
#20335000
b10100 0
b10 4
b101000 !
b101000 .
b101000 3
1%
#20340000
0%
#20345000
b1010 0
b11 4
b10100 !
b10100 .
b10100 3
1%
#20350000
0%
#20355000
b101 0
b100 4
b1010 !
b1010 .
b1010 3
1%
#20360000
0%
#20365000
b10011100 /
b100111000000010 0
b101 4
b101 !
b101 .
b101 3
1%
#20370000
0%
#20375000
b1001110 /
b10011100000001 0
b110 4
b100111000000010 !
b100111000000010 .
b100111000000010 3
1%
#20380000
0%
#20385000
b11000011 /
b110000110000000 0
b111 4
b10011100000001 !
b10011100000001 .
b10011100000001 3
1%
#20390000
0%
#20395000
b1100001 /
b11000011000000 0
b10 6
b110000110000000 !
b110000110000000 .
b110000110000000 3
1%
#20400000
0%
#20405000
0#
b0 6
1"
1%
#20410000
b10101010 *
0%
#20415000
0"
1%
#20420000
b10100011 7
0%
#20425000
1%
#20430000
1)
b11111011 '
b11111011 -
b10100 &
b10100 ,
0%
#20435000
b10100 /
b101001111101 0
1#
b1 6
b0 4
b10100 5
b11111011 !
b11111011 .
b11111011 3
1%
#20440000
0)
0%
#20445000
b11110 /
b111100111110 0
b1 4
b101001111101 !
b101001111101 .
b101001111101 3
1%
#20450000
0%
#20455000
b1111 /
b11110011111 0
b10 4
b111100111110 !
b111100111110 .
b111100111110 3
1%
#20460000
0%
#20465000
b11011 /
b110111001111 0
b11 4
b11110011111 !
b11110011111 .
b11110011111 3
1%
#20470000
0%
#20475000
b100001 /
b1000011100111 0
b100 4
b110111001111 !
b110111001111 .
b110111001111 3
1%
#20480000
0%
#20485000
b100100 /
b1001001110011 0
b101 4
b1000011100111 !
b1000011100111 .
b1000011100111 3
1%
#20490000
0%
#20495000
b100110 /
b1001100111001 0
b110 4
b1001001110011 !
b1001001110011 .
b1001001110011 3
1%
#20500000
0%
#20505000
b100111 /
b1001110011100 0
b111 4
b1001100111001 !
b1001100111001 .
b1001100111001 3
1%
#20510000
0%
#20515000
b10011 /
b100111001110 0
b10 6
b1001110011100 !
b1001110011100 .
b1001110011100 3
1%
#20520000
0%
#20525000
0#
b0 6
1"
1%
#20530000
b10101011 *
0%
#20535000
0"
1%
#20540000
b10100100 7
0%
#20545000
1%
#20550000
1)
b11100000 '
b11100000 -
b1100010 &
b1100010 ,
0%
#20555000
b0 /
b1110000 0
1#
b1 6
b0 4
b1100010 5
b11100000 !
b11100000 .
b11100000 3
1%
#20560000
0)
0%
#20565000
b111000 0
b1 4
b1110000 !
b1110000 .
b1110000 3
1%
#20570000
0%
#20575000
b11100 0
b10 4
b111000 !
b111000 .
b111000 3
1%
#20580000
0%
#20585000
b1110 0
b11 4
b11100 !
b11100 .
b11100 3
1%
#20590000
0%
#20595000
b111 0
b100 4
b1110 !
b1110 .
b1110 3
1%
#20600000
0%
#20605000
b1100010 /
b11000100000011 0
b101 4
b111 !
b111 .
b111 3
1%
#20610000
0%
#20615000
b10010011 /
b100100110000001 0
b110 4
b11000100000011 !
b11000100000011 .
b11000100000011 3
1%
#20620000
0%
#20625000
b10101011 /
b101010111000000 0
b111 4
b100100110000001 !
b100100110000001 .
b100100110000001 3
1%
#20630000
0%
#20635000
b1010101 /
b10101011100000 0
b10 6
b101010111000000 !
b101010111000000 .
b101010111000000 3
1%
#20640000
0%
#20645000
0#
b0 6
1"
1%
#20650000
b10101100 *
0%
#20655000
0"
1%
#20660000
b10100101 7
0%
#20665000
1%
#20670000
1)
b10011100 '
b10011100 -
b10111010 &
b10111010 ,
0%
#20675000
b0 /
b1001110 0
1#
b1 6
b0 4
b10111010 5
b10011100 !
b10011100 .
b10011100 3
1%
#20680000
0)
0%
#20685000
b100111 0
b1 4
b1001110 !
b1001110 .
b1001110 3
1%
#20690000
0%
#20695000
b10111010 /
b101110100010011 0
b10 4
b100111 !
b100111 .
b100111 3
1%
#20700000
0%
#20705000
b100010111 /
b1000101110001001 0
b11 4
b101110100010011 !
b101110100010011 .
b101110100010011 3
1%
#20710000
0%
#20715000
b101000101 /
b1010001011000100 0
b100 4
b1000101110001001 !
b1000101110001001 .
b1000101110001001 3
1%
#20720000
0%
#20725000
b10100010 /
b101000101100010 0
b101 4
b1010001011000100 !
b1010001011000100 .
b1010001011000100 3
1%
#20730000
0%
#20735000
b1010001 /
b10100010110001 0
b110 4
b101000101100010 !
b101000101100010 .
b101000101100010 3
1%
#20740000
0%
#20745000
b11100010 /
b111000101011000 0
b111 4
b10100010110001 !
b10100010110001 .
b10100010110001 3
1%
#20750000
0%
#20755000
b1110001 /
b11100010101100 0
b10 6
b111000101011000 !
b111000101011000 .
b111000101011000 3
1%
#20760000
0%
#20765000
0#
b0 6
1"
1%
#20770000
b10101101 *
0%
#20775000
0"
1%
#20780000
b10100110 7
0%
#20785000
1%
#20790000
1)
b10011110 '
b10011110 -
b1011000 &
b1011000 ,
0%
#20795000
b0 /
b1001111 0
1#
b1 6
b0 4
b1011000 5
b10011110 !
b10011110 .
b10011110 3
1%
#20800000
0)
0%
#20805000
b1011000 /
b10110000100111 0
b1 4
b1001111 !
b1001111 .
b1001111 3
1%
#20810000
0%
#20815000
b10000100 /
b100001000010011 0
b10 4
b10110000100111 !
b10110000100111 .
b10110000100111 3
1%
#20820000
0%
#20825000
b10011010 /
b100110100001001 0
b11 4
b100001000010011 !
b100001000010011 .
b100001000010011 3
1%
#20830000
0%
#20835000
b10100101 /
b101001010000100 0
b100 4
b100110100001001 !
b100110100001001 .
b100110100001001 3
1%
#20840000
0%
#20845000
b1010010 /
b10100101000010 0
b101 4
b101001010000100 !
b101001010000100 .
b101001010000100 3
1%
#20850000
0%
#20855000
b101001 /
b1010010100001 0
b110 4
b10100101000010 !
b10100101000010 .
b10100101000010 3
1%
#20860000
0%
#20865000
b1101100 /
b11011001010000 0
b111 4
b1010010100001 !
b1010010100001 .
b1010010100001 3
1%
#20870000
0%
#20875000
b110110 /
b1101100101000 0
b10 6
b11011001010000 !
b11011001010000 .
b11011001010000 3
1%
#20880000
0%
#20885000
0#
b0 6
1"
1%
#20890000
b10101110 *
0%
#20895000
0"
1%
#20900000
b10100111 7
0%
#20905000
1%
#20910000
1)
b10110001 '
b10110001 -
b10010101 &
b10010101 ,
0%
#20915000
b10010101 /
b100101011011000 0
1#
b1 6
b0 4
b10010101 5
b10110001 !
b10110001 .
b10110001 3
1%
#20920000
0)
0%
#20925000
b1001010 /
b10010101101100 0
b1 4
b100101011011000 !
b100101011011000 .
b100101011011000 3
1%
#20930000
0%
#20935000
b100101 /
b1001010110110 0
b10 4
b10010101101100 !
b10010101101100 .
b10010101101100 3
1%
#20940000
0%
#20945000
b10010 /
b100101011011 0
b11 4
b1001010110110 !
b1001010110110 .
b1001010110110 3
1%
#20950000
0%
#20955000
b10011110 /
b100111100101101 0
b100 4
b100101011011 !
b100101011011 .
b100101011011 3
1%
#20960000
0%
#20965000
b11100100 /
b111001000010110 0
b101 4
b100111100101101 !
b100111100101101 .
b100111100101101 3
1%
#20970000
0%
#20975000
b1110010 /
b11100100001011 0
b110 4
b111001000010110 !
b111001000010110 .
b111001000010110 3
1%
#20980000
0%
#20985000
b11001110 /
b110011100000101 0
b111 4
b11100100001011 !
b11100100001011 .
b11100100001011 3
1%
#20990000
0%
#20995000
b11111100 /
b111111000000010 0
b10 6
b110011100000101 !
b110011100000101 .
b110011100000101 3
1%
#21000000
0%
#21005000
0#
b0 6
1"
1%
#21010000
b10101111 *
0%
#21015000
0"
1%
#21020000
b10101000 7
0%
#21025000
1%
#21030000
1)
b1110000 '
b1110000 -
b10001010 &
b10001010 ,
0%
#21035000
b0 /
b111000 0
1#
b1 6
b0 4
b10001010 5
b1110000 !
b1110000 .
b1110000 3
1%
#21040000
0)
0%
#21045000
b11100 0
b1 4
b111000 !
b111000 .
b111000 3
1%
#21050000
0%
#21055000
b1110 0
b10 4
b11100 !
b11100 .
b11100 3
1%
#21060000
0%
#21065000
b111 0
b11 4
b1110 !
b1110 .
b1110 3
1%
#21070000
0%
#21075000
b10001010 /
b100010100000011 0
b100 4
b111 !
b111 .
b111 3
1%
#21080000
0%
#21085000
b11001111 /
b110011110000001 0
b101 4
b100010100000011 !
b100010100000011 .
b100010100000011 3
1%
#21090000
0%
#21095000
b11110001 /
b111100011000000 0
b110 4
b110011110000001 !
b110011110000001 .
b110011110000001 3
1%
#21100000
0%
#21105000
b1111000 /
b11110001100000 0
b111 4
b111100011000000 !
b111100011000000 .
b111100011000000 3
1%
#21110000
0%
#21115000
b111100 /
b1111000110000 0
b10 6
b11110001100000 !
b11110001100000 .
b11110001100000 3
1%
#21120000
0%
#21125000
0#
b0 6
1"
1%
#21130000
b10110000 *
0%
#21135000
0"
1%
#21140000
b10101001 7
0%
#21145000
1%
#21150000
1)
b100001 '
b100001 -
b10001011 &
b10001011 ,
0%
#21155000
b10001011 /
b100010110010000 0
1#
b1 6
b0 4
b10001011 5
b100001 !
b100001 .
b100001 3
1%
#21160000
0)
0%
#21165000
b1000101 /
b10001011001000 0
b1 4
b100010110010000 !
b100010110010000 .
b100010110010000 3
1%
#21170000
0%
#21175000
b100010 /
b1000101100100 0
b10 4
b10001011001000 !
b10001011001000 .
b10001011001000 3
1%
#21180000
0%
#21185000
b10001 /
b100010110010 0
b11 4
b1000101100100 !
b1000101100100 .
b1000101100100 3
1%
#21190000
0%
#21195000
b1000 /
b10001011001 0
b100 4
b100010110010 !
b100010110010 .
b100010110010 3
1%
#21200000
0%
#21205000
b10001111 /
b100011110101100 0
b101 4
b10001011001 !
b10001011001 .
b10001011001 3
1%
#21210000
0%
#21215000
b1000111 /
b10001111010110 0
b110 4
b100011110101100 !
b100011110101100 .
b100011110101100 3
1%
#21220000
0%
#21225000
b100011 /
b1000111101011 0
b111 4
b10001111010110 !
b10001111010110 .
b10001111010110 3
1%
#21230000
0%
#21235000
b10011100 /
b100111001110101 0
b10 6
b1000111101011 !
b1000111101011 .
b1000111101011 3
1%
#21240000
0%
#21245000
0#
b0 6
1"
1%
#21250000
b10110001 *
0%
#21255000
0"
1%
#21260000
b10101010 7
0%
#21265000
1%
#21270000
1)
b1000011 '
b1000011 -
b11100100 &
b11100100 ,
0%
#21275000
b11100100 /
b111001000100001 0
1#
b1 6
b0 4
b11100100 5
b1000011 !
b1000011 .
b1000011 3
1%
#21280000
0)
0%
#21285000
b101010110 /
b1010101100010000 0
b1 4
b111001000100001 !
b111001000100001 .
b111001000100001 3
1%
#21290000
0%
#21295000
b10101011 /
b101010110001000 0
b10 4
b1010101100010000 !
b1010101100010000 .
b1010101100010000 3
1%
#21300000
0%
#21305000
b1010101 /
b10101011000100 0
b11 4
b101010110001000 !
b101010110001000 .
b101010110001000 3
1%
#21310000
0%
#21315000
b101010 /
b1010101100010 0
b100 4
b10101011000100 !
b10101011000100 .
b10101011000100 3
1%
#21320000
0%
#21325000
b10101 /
b101010110001 0
b101 4
b1010101100010 !
b1010101100010 .
b1010101100010 3
1%
#21330000
0%
#21335000
b11101110 /
b111011101011000 0
b110 4
b101010110001 !
b101010110001 .
b101010110001 3
1%
#21340000
0%
#21345000
b1110111 /
b11101110101100 0
b111 4
b111011101011000 !
b111011101011000 .
b111011101011000 3
1%
#21350000
0%
#21355000
b111011 /
b1110111010110 0
b10 6
b11101110101100 !
b11101110101100 .
b11101110101100 3
1%
#21360000
0%
#21365000
0#
b0 6
1"
1%
#21370000
b10110010 *
0%
#21375000
0"
1%
#21380000
b10101011 7
0%
#21385000
1%
#21390000
1)
b11100000 '
b11100000 -
b10010010 &
b10010010 ,
0%
#21395000
b0 /
b1110000 0
1#
b1 6
b0 4
b10010010 5
b11100000 !
b11100000 .
b11100000 3
1%
#21400000
0)
0%
#21405000
b111000 0
b1 4
b1110000 !
b1110000 .
b1110000 3
1%
#21410000
0%
#21415000
b11100 0
b10 4
b111000 !
b111000 .
b111000 3
1%
#21420000
0%
#21425000
b1110 0
b11 4
b11100 !
b11100 .
b11100 3
1%
#21430000
0%
#21435000
b111 0
b100 4
b1110 !
b1110 .
b1110 3
1%
#21440000
0%
#21445000
b10010010 /
b100100100000011 0
b101 4
b111 !
b111 .
b111 3
1%
#21450000
0%
#21455000
b11011011 /
b110110110000001 0
b110 4
b100100100000011 !
b100100100000011 .
b100100100000011 3
1%
#21460000
0%
#21465000
b11111111 /
b111111111000000 0
b111 4
b110110110000001 !
b110110110000001 .
b110110110000001 3
1%
#21470000
0%
#21475000
b1111111 /
b11111111100000 0
b10 6
b111111111000000 !
b111111111000000 .
b111111111000000 3
1%
#21480000
0%
#21485000
0#
b0 6
1"
1%
#21490000
b10110011 *
0%
#21495000
0"
1%
#21500000
b10101100 7
0%
#21505000
1%
#21510000
1)
b101101 '
b101101 -
b1000110 &
b1000110 ,
0%
#21515000
b1000110 /
b10001100010110 0
1#
b1 6
b0 4
b1000110 5
b101101 !
b101101 .
b101101 3
1%
#21520000
0)
0%
#21525000
b100011 /
b1000110001011 0
b1 4
b10001100010110 !
b10001100010110 .
b10001100010110 3
1%
#21530000
0%
#21535000
b1010111 /
b10101111000101 0
b10 4
b1000110001011 !
b1000110001011 .
b1000110001011 3
1%
#21540000
0%
#21545000
b1110001 /
b11100011100010 0
b11 4
b10101111000101 !
b10101111000101 .
b10101111000101 3
1%
#21550000
0%
#21555000
b111000 /
b1110001110001 0
b100 4
b11100011100010 !
b11100011100010 .
b11100011100010 3
1%
#21560000
0%
#21565000
b1100010 /
b11000100111000 0
b101 4
b1110001110001 !
b1110001110001 .
b1110001110001 3
1%
#21570000
0%
#21575000
b110001 /
b1100010011100 0
b110 4
b11000100111000 !
b11000100111000 .
b11000100111000 3
1%
#21580000
0%
#21585000
b11000 /
b110001001110 0
b111 4
b1100010011100 !
b1100010011100 .
b1100010011100 3
1%
#21590000
0%
#21595000
b1100 /
b11000100111 0
b10 6
b110001001110 !
b110001001110 .
b110001001110 3
1%
#21600000
0%
#21605000
0#
b0 6
1"
1%
#21610000
b10110100 *
0%
#21615000
0"
1%
#21620000
b10101101 7
0%
#21625000
1%
#21630000
1)
b10010110 '
b10010110 -
b10000011 &
b10000011 ,
0%
#21635000
b0 /
b1001011 0
1#
b1 6
b0 4
b10000011 5
b10010110 !
b10010110 .
b10010110 3
1%
#21640000
0)
0%
#21645000
b10000011 /
b100000110100101 0
b1 4
b1001011 !
b1001011 .
b1001011 3
1%
#21650000
0%
#21655000
b11000100 /
b110001001010010 0
b10 4
b100000110100101 !
b100000110100101 .
b100000110100101 3
1%
#21660000
0%
#21665000
b1100010 /
b11000100101001 0
b11 4
b110001001010010 !
b110001001010010 .
b110001001010010 3
1%
#21670000
0%
#21675000
b10110100 /
b101101000010100 0
b100 4
b11000100101001 !
b11000100101001 .
b11000100101001 3
1%
#21680000
0%
#21685000
b1011010 /
b10110100001010 0
b101 4
b101101000010100 !
b101101000010100 .
b101101000010100 3
1%
#21690000
0%
#21695000
b101101 /
b1011010000101 0
b110 4
b10110100001010 !
b10110100001010 .
b10110100001010 3
1%
#21700000
0%
#21705000
b10011001 /
b100110011000010 0
b111 4
b1011010000101 !
b1011010000101 .
b1011010000101 3
1%
#21710000
0%
#21715000
b1001100 /
b10011001100001 0
b10 6
b100110011000010 !
b100110011000010 .
b100110011000010 3
1%
#21720000
0%
#21725000
0#
b0 6
1"
1%
#21730000
b10110101 *
0%
#21735000
0"
1%
#21740000
b10101110 7
0%
#21745000
1%
#21750000
1)
b111000 '
b111000 -
b10000110 &
b10000110 ,
0%
#21755000
b0 /
b11100 0
1#
b1 6
b0 4
b10000110 5
b111000 !
b111000 .
b111000 3
1%
#21760000
0)
0%
#21765000
b1110 0
b1 4
b11100 !
b11100 .
b11100 3
1%
#21770000
0%
#21775000
b111 0
b10 4
b1110 !
b1110 .
b1110 3
1%
#21780000
0%
#21785000
b10000110 /
b100001100000011 0
b11 4
b111 !
b111 .
b111 3
1%
#21790000
0%
#21795000
b11001001 /
b110010010000001 0
b100 4
b100001100000011 !
b100001100000011 .
b100001100000011 3
1%
#21800000
0%
#21805000
b11101010 /
b111010101000000 0
b101 4
b110010010000001 !
b110010010000001 .
b110010010000001 3
1%
#21810000
0%
#21815000
b1110101 /
b11101010100000 0
b110 4
b111010101000000 !
b111010101000000 .
b111010101000000 3
1%
#21820000
0%
#21825000
b111010 /
b1110101010000 0
b111 4
b11101010100000 !
b11101010100000 .
b11101010100000 3
1%
#21830000
0%
#21835000
b11101 /
b111010101000 0
b10 6
b1110101010000 !
b1110101010000 .
b1110101010000 3
1%
#21840000
0%
#21845000
0#
b0 6
1"
1%
#21850000
b10110110 *
0%
#21855000
0"
1%
#21860000
b10101111 7
0%
#21865000
1%
#21870000
1)
b11011011 '
b11011011 -
b11101 &
b11101 ,
0%
#21875000
b11101 /
b111011101101 0
1#
b1 6
b0 4
b11101 5
b11011011 !
b11011011 .
b11011011 3
1%
#21880000
0)
0%
#21885000
b101011 /
b1010111110110 0
b1 4
b111011101101 !
b111011101101 .
b111011101101 3
1%
#21890000
0%
#21895000
b10101 /
b101011111011 0
b10 4
b1010111110110 !
b1010111110110 .
b1010111110110 3
1%
#21900000
0%
#21905000
b100111 /
b1001111111101 0
b11 4
b101011111011 !
b101011111011 .
b101011111011 3
1%
#21910000
0%
#21915000
b110000 /
b1100001111110 0
b100 4
b1001111111101 !
b1001111111101 .
b1001111111101 3
1%
#21920000
0%
#21925000
b11000 /
b110000111111 0
b101 4
b1100001111110 !
b1100001111110 .
b1100001111110 3
1%
#21930000
0%
#21935000
b101001 /
b1010010011111 0
b110 4
b110000111111 !
b110000111111 .
b110000111111 3
1%
#21940000
0%
#21945000
b110001 /
b1100011001111 0
b111 4
b1010010011111 !
b1010010011111 .
b1010010011111 3
1%
#21950000
0%
#21955000
b110101 /
b1101011100111 0
b10 6
b1100011001111 !
b1100011001111 .
b1100011001111 3
1%
#21960000
0%
#21965000
0#
b0 6
1"
1%
#21970000
b10110111 *
0%
#21975000
0"
1%
#21980000
b10110000 7
0%
#21985000
1%
#21990000
1)
b1001111 '
b1001111 -
b1111011 &
b1111011 ,
0%
#21995000
b1111011 /
b11110110100111 0
1#
b1 6
b0 4
b1111011 5
b1001111 !
b1001111 .
b1001111 3
1%
#22000000
0)
0%
#22005000
b10111000 /
b101110001010011 0
b1 4
b11110110100111 !
b11110110100111 .
b11110110100111 3
1%
#22010000
0%
#22015000
b11010111 /
b110101110101001 0
b10 4
b101110001010011 !
b101110001010011 .
b101110001010011 3
1%
#22020000
0%
#22025000
b11100110 /
b111001101010100 0
b11 4
b110101110101001 !
b110101110101001 .
b110101110101001 3
1%
#22030000
0%
#22035000
b1110011 /
b11100110101010 0
b100 4
b111001101010100 !
b111001101010100 .
b111001101010100 3
1%
#22040000
0%
#22045000
b111001 /
b1110011010101 0
b101 4
b11100110101010 !
b11100110101010 .
b11100110101010 3
1%
#22050000
0%
#22055000
b10010111 /
b100101111101010 0
b110 4
b1110011010101 !
b1110011010101 .
b1110011010101 3
1%
#22060000
0%
#22065000
b1001011 /
b10010111110101 0
b111 4
b100101111101010 !
b100101111101010 .
b100101111101010 3
1%
#22070000
0%
#22075000
b10100000 /
b101000001111010 0
b10 6
b10010111110101 !
b10010111110101 .
b10010111110101 3
1%
#22080000
0%
#22085000
0#
b0 6
1"
1%
#22090000
b10111000 *
0%
#22095000
0"
1%
#22100000
b10110001 7
0%
#22105000
1%
#22110000
1)
b10101010 '
b10101010 -
b101110 &
b101110 ,
0%
#22115000
b0 /
b1010101 0
1#
b1 6
b0 4
b101110 5
b10101010 !
b10101010 .
b10101010 3
1%
#22120000
0)
0%
#22125000
b101110 /
b1011100101010 0
b1 4
b1010101 !
b1010101 .
b1010101 3
1%
#22130000
0%
#22135000
b10111 /
b101110010101 0
b10 4
b1011100101010 !
b1011100101010 .
b1011100101010 3
1%
#22140000
0%
#22145000
b111001 /
b1110011001010 0
b11 4
b101110010101 !
b101110010101 .
b101110010101 3
1%
#22150000
0%
#22155000
b11100 /
b111001100101 0
b100 4
b1110011001010 !
b1110011001010 .
b1110011001010 3
1%
#22160000
0%
#22165000
b111100 /
b1111000110010 0
b101 4
b111001100101 !
b111001100101 .
b111001100101 3
1%
#22170000
0%
#22175000
b11110 /
b111100011001 0
b110 4
b1111000110010 !
b1111000110010 .
b1111000110010 3
1%
#22180000
0%
#22185000
b111101 /
b1111010001100 0
b111 4
b111100011001 !
b111100011001 .
b111100011001 3
1%
#22190000
0%
#22195000
b11110 /
b111101000110 0
b10 6
b1111010001100 !
b1111010001100 .
b1111010001100 3
1%
#22200000
0%
#22205000
0#
b0 6
1"
1%
#22210000
b10111001 *
0%
#22215000
0"
1%
#22220000
b10110010 7
0%
#22225000
1%
#22230000
1)
b1010000 '
b1010000 -
b10000 &
b10000 ,
0%
#22235000
b0 /
b101000 0
1#
b1 6
b0 4
b10000 5
b1010000 !
b1010000 .
b1010000 3
1%
#22240000
0)
0%
#22245000
b10100 0
b1 4
b101000 !
b101000 .
b101000 3
1%
#22250000
0%
#22255000
b1010 0
b10 4
b10100 !
b10100 .
b10100 3
1%
#22260000
0%
#22265000
b101 0
b11 4
b1010 !
b1010 .
b1010 3
1%
#22270000
0%
#22275000
b10000 /
b100000000010 0
b100 4
b101 !
b101 .
b101 3
1%
#22280000
0%
#22285000
b1000 /
b10000000001 0
b101 4
b100000000010 !
b100000000010 .
b100000000010 3
1%
#22290000
0%
#22295000
b10100 /
b101000000000 0
b110 4
b10000000001 !
b10000000001 .
b10000000001 3
1%
#22300000
0%
#22305000
b10100000000 0
b1010 /
b111 4
b101000000000 !
b101000000000 .
b101000000000 3
1%
#22310000
0%
#22315000
b1010000000 0
b101 /
b10 6
b10100000000 !
b10100000000 .
b10100000000 3
1%
#22320000
0%
#22325000
0#
b0 6
1"
1%
#22330000
b10111010 *
0%
#22335000
0"
1%
#22340000
b10110011 7
0%
#22345000
1%
#22350000
1)
b1011010 '
b1011010 -
b10111001 &
b10111001 ,
0%
#22355000
b0 /
b101101 0
1#
b1 6
b0 4
b10111001 5
b1011010 !
b1011010 .
b1011010 3
1%
#22360000
0)
0%
#22365000
b10111001 /
b101110010010110 0
b1 4
b101101 !
b101101 .
b101101 3
1%
#22370000
0%
#22375000
b1011100 /
b10111001001011 0
b10 4
b101110010010110 !
b101110010010110 .
b101110010010110 3
1%
#22380000
0%
#22385000
b11100111 /
b111001110100101 0
b11 4
b10111001001011 !
b10111001001011 .
b10111001001011 3
1%
#22390000
0%
#22395000
b100101100 /
b1001011001010010 0
b100 4
b111001110100101 !
b111001110100101 .
b111001110100101 3
1%
#22400000
0%
#22405000
b10010110 /
b100101100101001 0
b101 4
b1001011001010010 !
b1001011001010010 .
b1001011001010010 3
1%
#22410000
0%
#22415000
b100000100 /
b1000001000010100 0
b110 4
b100101100101001 !
b100101100101001 .
b100101100101001 3
1%
#22420000
0%
#22425000
b10000010 /
b100000100001010 0
b111 4
b1000001000010100 !
b1000001000010100 .
b1000001000010100 3
1%
#22430000
0%
#22435000
b1000001 /
b10000010000101 0
b10 6
b100000100001010 !
b100000100001010 .
b100000100001010 3
1%
#22440000
0%
#22445000
0#
b0 6
1"
1%
#22450000
b10111011 *
0%
#22455000
0"
1%
#22460000
b10110100 7
0%
#22465000
1%
#22470000
1)
b110 '
b110 -
b11101110 &
b11101110 ,
0%
#22475000
b0 /
b11 0
1#
b1 6
b0 4
b11101110 5
b110 !
b110 .
b110 3
1%
#22480000
0)
0%
#22485000
b11101110 /
b111011100000001 0
b1 4
b11 !
b11 .
b11 3
1%
#22490000
0%
#22495000
b101100101 /
b1011001010000000 0
b10 4
b111011100000001 !
b111011100000001 .
b111011100000001 3
1%
#22500000
0%
#22505000
b10110010 /
b101100101000000 0
b11 4
b1011001010000000 !
b1011001010000000 .
b1011001010000000 3
1%
#22510000
0%
#22515000
b1011001 /
b10110010100000 0
b100 4
b101100101000000 !
b101100101000000 .
b101100101000000 3
1%
#22520000
0%
#22525000
b101100 /
b1011001010000 0
b101 4
b10110010100000 !
b10110010100000 .
b10110010100000 3
1%
#22530000
0%
#22535000
b10110 /
b101100101000 0
b110 4
b1011001010000 !
b1011001010000 .
b1011001010000 3
1%
#22540000
0%
#22545000
b1011 /
b10110010100 0
b111 4
b101100101000 !
b101100101000 .
b101100101000 3
1%
#22550000
0%
#22555000
b101 /
b1011001010 0
b10 6
b10110010100 !
b10110010100 .
b10110010100 3
1%
#22560000
0%
#22565000
0#
b0 6
1"
1%
#22570000
b10111100 *
0%
#22575000
0"
1%
#22580000
b10110101 7
0%
#22585000
1%
#22590000
1)
b111100 '
b111100 -
b10100101 &
b10100101 ,
0%
#22595000
b0 /
b11110 0
1#
b1 6
b0 4
b10100101 5
b111100 !
b111100 .
b111100 3
1%
#22600000
0)
0%
#22605000
b1111 0
b1 4
b11110 !
b11110 .
b11110 3
1%
#22610000
0%
#22615000
b10100101 /
b101001010000111 0
b10 4
b1111 !
b1111 .
b1111 3
1%
#22620000
0%
#22625000
b11110111 /
b111101111000011 0
b11 4
b101001010000111 !
b101001010000111 .
b101001010000111 3
1%
#22630000
0%
#22635000
b100100000 /
b1001000001100001 0
b100 4
b111101111000011 !
b111101111000011 .
b111101111000011 3
1%
#22640000
0%
#22645000
b100110101 /
b1001101010110000 0
b101 4
b1001000001100001 !
b1001000001100001 .
b1001000001100001 3
1%
#22650000
0%
#22655000
b10011010 /
b100110101011000 0
b110 4
b1001101010110000 !
b1001101010110000 .
b1001101010110000 3
1%
#22660000
0%
#22665000
b1001101 /
b10011010101100 0
b111 4
b100110101011000 !
b100110101011000 .
b100110101011000 3
1%
#22670000
0%
#22675000
b100110 /
b1001101010110 0
b10 6
b10011010101100 !
b10011010101100 .
b10011010101100 3
1%
#22680000
0%
#22685000
0#
b0 6
1"
1%
#22690000
b10111101 *
0%
#22695000
0"
1%
#22700000
b10110110 7
0%
#22705000
1%
#22710000
1)
b1111110 '
b1111110 -
b1001111 &
b1001111 ,
0%
#22715000
b0 /
b111111 0
1#
b1 6
b0 4
b1001111 5
b1111110 !
b1111110 .
b1111110 3
1%
#22720000
0)
0%
#22725000
b1001111 /
b10011110011111 0
b1 4
b111111 !
b111111 .
b111111 3
1%
#22730000
0%
#22735000
b1110110 /
b11101101001111 0
b10 4
b10011110011111 !
b10011110011111 .
b10011110011111 3
1%
#22740000
0%
#22745000
b10001010 /
b100010100100111 0
b11 4
b11101101001111 !
b11101101001111 .
b11101101001111 3
1%
#22750000
0%
#22755000
b10010100 /
b100101000010011 0
b100 4
b100010100100111 !
b100010100100111 .
b100010100100111 3
1%
#22760000
0%
#22765000
b10011001 /
b100110010001001 0
b101 4
b100101000010011 !
b100101000010011 .
b100101000010011 3
1%
#22770000
0%
#22775000
b10011011 /
b100110111000100 0
b110 4
b100110010001001 !
b100110010001001 .
b100110010001001 3
1%
#22780000
0%
#22785000
b1001101 /
b10011011100010 0
b111 4
b100110111000100 !
b100110111000100 .
b100110111000100 3
1%
#22790000
0%
#22795000
b100110 /
b1001101110001 0
b10 6
b10011011100010 !
b10011011100010 .
b10011011100010 3
1%
#22800000
0%
#22805000
0#
b0 6
1"
1%
#22810000
b10111110 *
0%
#22815000
0"
1%
#22820000
b10110111 7
0%
#22825000
1%
#22830000
1)
b11000111 '
b11000111 -
b111101 &
b111101 ,
0%
#22835000
b111101 /
b1111011100011 0
1#
b1 6
b0 4
b111101 5
b11000111 !
b11000111 .
b11000111 3
1%
#22840000
0)
0%
#22845000
b1011011 /
b10110111110001 0
b1 4
b1111011100011 !
b1111011100011 .
b1111011100011 3
1%
#22850000
0%
#22855000
b1101010 /
b11010101111000 0
b10 4
b10110111110001 !
b10110111110001 .
b10110111110001 3
1%
#22860000
0%
#22865000
b110101 /
b1101010111100 0
b11 4
b11010101111000 !
b11010101111000 .
b11010101111000 3
1%
#22870000
0%
#22875000
b11010 /
b110101011110 0
b100 4
b1101010111100 !
b1101010111100 .
b1101010111100 3
1%
#22880000
0%
#22885000
b1101 /
b11010101111 0
b101 4
b110101011110 !
b110101011110 .
b110101011110 3
1%
#22890000
0%
#22895000
b1000011 /
b10000111010111 0
b110 4
b11010101111 !
b11010101111 .
b11010101111 3
1%
#22900000
0%
#22905000
b1011110 /
b10111101101011 0
b111 4
b10000111010111 !
b10000111010111 .
b10000111010111 3
1%
#22910000
0%
#22915000
b1101100 /
b11011000110101 0
b10 6
b10111101101011 !
b10111101101011 .
b10111101101011 3
1%
#22920000
0%
#22925000
0#
b0 6
1"
1%
#22930000
b10111111 *
0%
#22935000
0"
1%
#22940000
b10111000 7
0%
#22945000
1%
#22950000
1)
b11110001 '
b11110001 -
b1 &
b1 ,
0%
#22955000
b1 /
b11111000 0
1#
b1 6
b0 4
b1 5
b11110001 !
b11110001 .
b11110001 3
1%
#22960000
0)
0%
#22965000
b0 /
b1111100 0
b1 4
b11111000 !
b11111000 .
b11111000 3
1%
#22970000
0%
#22975000
b111110 0
b10 4
b1111100 !
b1111100 .
b1111100 3
1%
#22980000
0%
#22985000
b11111 0
b11 4
b111110 !
b111110 .
b111110 3
1%
#22990000
0%
#22995000
b1 /
b10001111 0
b100 4
b11111 !
b11111 .
b11111 3
1%
#23000000
0%
#23005000
b11000111 0
b101 4
b10001111 !
b10001111 .
b10001111 3
1%
#23010000
0%
#23015000
b11100011 0
b110 4
b11000111 !
b11000111 .
b11000111 3
1%
#23020000
0%
#23025000
b11110001 0
b111 4
b11100011 !
b11100011 .
b11100011 3
1%
#23030000
0%
#23035000
b11111000 0
b10 6
b11110001 !
b11110001 .
b11110001 3
1%
#23040000
0%
#23045000
0#
b0 6
1"
1%
#23050000
b11000000 *
0%
#23055000
0"
1%
#23060000
b10111001 7
0%
#23065000
1%
#23070000
1)
b11011000 '
b11011000 -
b10001110 &
b10001110 ,
0%
#23075000
b0 /
b1101100 0
1#
b1 6
b0 4
b10001110 5
b11011000 !
b11011000 .
b11011000 3
1%
#23080000
0)
0%
#23085000
b110110 0
b1 4
b1101100 !
b1101100 .
b1101100 3
1%
#23090000
0%
#23095000
b11011 0
b10 4
b110110 !
b110110 .
b110110 3
1%
#23100000
0%
#23105000
b10001110 /
b100011100001101 0
b11 4
b11011 !
b11011 .
b11011 3
1%
#23110000
0%
#23115000
b11010101 /
b110101010000110 0
b100 4
b100011100001101 !
b100011100001101 .
b100011100001101 3
1%
#23120000
0%
#23125000
b1101010 /
b11010101000011 0
b101 4
b110101010000110 !
b110101010000110 .
b110101010000110 3
1%
#23130000
0%
#23135000
b11000011 /
b110000110100001 0
b110 4
b11010101000011 !
b11010101000011 .
b11010101000011 3
1%
#23140000
0%
#23145000
b11101111 /
b111011111010000 0
b111 4
b110000110100001 !
b110000110100001 .
b110000110100001 3
1%
#23150000
0%
#23155000
b1110111 /
b11101111101000 0
b10 6
b111011111010000 !
b111011111010000 .
b111011111010000 3
1%
#23160000
0%
#23165000
0#
b0 6
1"
1%
#23170000
b11000001 *
0%
#23175000
0"
1%
#23180000
b10111010 7
0%
#23185000
1%
#23190000
1)
b1001010 '
b1001010 -
b10100010 &
b10100010 ,
0%
#23195000
b0 /
b100101 0
1#
b1 6
b0 4
b10100010 5
b1001010 !
b1001010 .
b1001010 3
1%
#23200000
0)
0%
#23205000
b10100010 /
b101000100010010 0
b1 4
b100101 !
b100101 .
b100101 3
1%
#23210000
0%
#23215000
b1010001 /
b10100010001001 0
b10 4
b101000100010010 !
b101000100010010 .
b101000100010010 3
1%
#23220000
0%
#23225000
b11001010 /
b110010101000100 0
b11 4
b10100010001001 !
b10100010001001 .
b10100010001001 3
1%
#23230000
0%
#23235000
b1100101 /
b11001010100010 0
b100 4
b110010101000100 !
b110010101000100 .
b110010101000100 3
1%
#23240000
0%
#23245000
b110010 /
b1100101010001 0
b101 4
b11001010100010 !
b11001010100010 .
b11001010100010 3
1%
#23250000
0%
#23255000
b10111011 /
b101110110101000 0
b110 4
b1100101010001 !
b1100101010001 .
b1100101010001 3
1%
#23260000
0%
#23265000
b1011101 /
b10111011010100 0
b111 4
b101110110101000 !
b101110110101000 .
b101110110101000 3
1%
#23270000
0%
#23275000
b101110 /
b1011101101010 0
b10 6
b10111011010100 !
b10111011010100 .
b10111011010100 3
1%
#23280000
0%
#23285000
0#
b0 6
1"
1%
#23290000
b11000010 *
0%
#23295000
0"
1%
#23300000
b10111011 7
0%
#23305000
1%
#23310000
1)
b1110110 '
b1110110 -
b1110000 &
b1110000 ,
0%
#23315000
b0 /
b111011 0
1#
b1 6
b0 4
b1110000 5
b1110110 !
b1110110 .
b1110110 3
1%
#23320000
0)
0%
#23325000
b1110000 /
b11100000011101 0
b1 4
b111011 !
b111011 .
b111011 3
1%
#23330000
0%
#23335000
b10101000 /
b101010000001110 0
b10 4
b11100000011101 !
b11100000011101 .
b11100000011101 3
1%
#23340000
0%
#23345000
b1010100 /
b10101000000111 0
b11 4
b101010000001110 !
b101010000001110 .
b101010000001110 3
1%
#23350000
0%
#23355000
b10011010 /
b100110100000011 0
b100 4
b10101000000111 !
b10101000000111 .
b10101000000111 3
1%
#23360000
0%
#23365000
b10111101 /
b101111010000001 0
b101 4
b100110100000011 !
b100110100000011 .
b100110100000011 3
1%
#23370000
0%
#23375000
b11001110 /
b110011101000000 0
b110 4
b101111010000001 !
b101111010000001 .
b101111010000001 3
1%
#23380000
0%
#23385000
b1100111 /
b11001110100000 0
b111 4
b110011101000000 !
b110011101000000 .
b110011101000000 3
1%
#23390000
0%
#23395000
b110011 /
b1100111010000 0
b10 6
b11001110100000 !
b11001110100000 .
b11001110100000 3
1%
#23400000
0%
#23405000
0#
b0 6
1"
1%
#23410000
b11000011 *
0%
#23415000
0"
1%
#23420000
b10111100 7
0%
#23425000
1%
#23430000
1)
b11111100 '
b11111100 -
b10101001 &
b10101001 ,
0%
#23435000
b0 /
b1111110 0
1#
b1 6
b0 4
b10101001 5
b11111100 !
b11111100 .
b11111100 3
1%
#23440000
0)
0%
#23445000
b111111 0
b1 4
b1111110 !
b1111110 .
b1111110 3
1%
#23450000
0%
#23455000
b10101001 /
b101010010011111 0
b10 4
b111111 !
b111111 .
b111111 3
1%
#23460000
0%
#23465000
b11111101 /
b111111011001111 0
b11 4
b101010010011111 !
b101010010011111 .
b101010010011111 3
1%
#23470000
0%
#23475000
b100100111 /
b1001001111100111 0
b100 4
b111111011001111 !
b111111011001111 .
b111111011001111 3
1%
#23480000
0%
#23485000
b100111100 /
b1001111001110011 0
b101 4
b1001001111100111 !
b1001001111100111 .
b1001001111100111 3
1%
#23490000
0%
#23495000
b101000111 /
b1010001110111001 0
b110 4
b1001111001110011 !
b1001111001110011 .
b1001111001110011 3
1%
#23500000
0%
#23505000
b101001100 /
b1010011001011100 0
b111 4
b1010001110111001 !
b1010001110111001 .
b1010001110111001 3
1%
#23510000
0%
#23515000
b10100110 /
b101001100101110 0
b10 6
b1010011001011100 !
b1010011001011100 .
b1010011001011100 3
1%
#23520000
0%
#23525000
0#
b0 6
1"
1%
#23530000
b11000100 *
0%
#23535000
0"
1%
#23540000
b10111101 7
0%
#23545000
1%
#23550000
1)
b101001 '
b101001 -
b11000110 &
b11000110 ,
0%
#23555000
b11000110 /
b110001100010100 0
1#
b1 6
b0 4
b11000110 5
b101001 !
b101001 .
b101001 3
1%
#23560000
0)
0%
#23565000
b1100011 /
b11000110001010 0
b1 4
b110001100010100 !
b110001100010100 .
b110001100010100 3
1%
#23570000
0%
#23575000
b110001 /
b1100011000101 0
b10 4
b11000110001010 !
b11000110001010 .
b11000110001010 3
1%
#23580000
0%
#23585000
b11011110 /
b110111101100010 0
b11 4
b1100011000101 !
b1100011000101 .
b1100011000101 3
1%
#23590000
0%
#23595000
b1101111 /
b11011110110001 0
b100 4
b110111101100010 !
b110111101100010 .
b110111101100010 3
1%
#23600000
0%
#23605000
b11111101 /
b111111011011000 0
b101 4
b11011110110001 !
b11011110110001 .
b11011110110001 3
1%
#23610000
0%
#23615000
b1111110 /
b11111101101100 0
b110 4
b111111011011000 !
b111111011011000 .
b111111011011000 3
1%
#23620000
0%
#23625000
b111111 /
b1111110110110 0
b111 4
b11111101101100 !
b11111101101100 .
b11111101101100 3
1%
#23630000
0%
#23635000
b11111 /
b111111011011 0
b10 6
b1111110110110 !
b1111110110110 .
b1111110110110 3
1%
#23640000
0%
#23645000
0#
b0 6
1"
1%
#23650000
b11000101 *
0%
#23655000
0"
1%
#23660000
b10111110 7
0%
#23665000
1%
#23670000
1)
b10100011 '
b10100011 -
b11000010 &
b11000010 ,
0%
#23675000
b11000010 /
b110000101010001 0
1#
b1 6
b0 4
b11000010 5
b10100011 !
b10100011 .
b10100011 3
1%
#23680000
0)
0%
#23685000
b100100011 /
b1001000110101000 0
b1 4
b110000101010001 !
b110000101010001 .
b110000101010001 3
1%
#23690000
0%
#23695000
b10010001 /
b100100011010100 0
b10 4
b1001000110101000 !
b1001000110101000 .
b1001000110101000 3
1%
#23700000
0%
#23705000
b1001000 /
b10010001101010 0
b11 4
b100100011010100 !
b100100011010100 .
b100100011010100 3
1%
#23710000
0%
#23715000
b100100 /
b1001000110101 0
b100 4
b10010001101010 !
b10010001101010 .
b10010001101010 3
1%
#23720000
0%
#23725000
b11010100 /
b110101000011010 0
b101 4
b1001000110101 !
b1001000110101 .
b1001000110101 3
1%
#23730000
0%
#23735000
b1101010 /
b11010100001101 0
b110 4
b110101000011010 !
b110101000011010 .
b110101000011010 3
1%
#23740000
0%
#23745000
b11110111 /
b111101110000110 0
b111 4
b11010100001101 !
b11010100001101 .
b11010100001101 3
1%
#23750000
0%
#23755000
b1111011 /
b11110111000011 0
b10 6
b111101110000110 !
b111101110000110 .
b111101110000110 3
1%
#23760000
0%
#23765000
0#
b0 6
1"
1%
#23770000
b11000110 *
0%
#23775000
0"
1%
#23780000
b10111111 7
0%
#23785000
1%
#23790000
1)
b11001000 '
b11001000 -
b1000110 &
b1000110 ,
0%
#23795000
b0 /
b1100100 0
1#
b1 6
b0 4
b1000110 5
b11001000 !
b11001000 .
b11001000 3
1%
#23800000
0)
0%
#23805000
b110010 0
b1 4
b1100100 !
b1100100 .
b1100100 3
1%
#23810000
0%
#23815000
b11001 0
b10 4
b110010 !
b110010 .
b110010 3
1%
#23820000
0%
#23825000
b1000110 /
b10001100001100 0
b11 4
b11001 !
b11001 .
b11001 3
1%
#23830000
0%
#23835000
b100011 /
b1000110000110 0
b100 4
b10001100001100 !
b10001100001100 .
b10001100001100 3
1%
#23840000
0%
#23845000
b10001 /
b100011000011 0
b101 4
b1000110000110 !
b1000110000110 .
b1000110000110 3
1%
#23850000
0%
#23855000
b1001110 /
b10011101100001 0
b110 4
b100011000011 !
b100011000011 .
b100011000011 3
1%
#23860000
0%
#23865000
b1101101 /
b11011010110000 0
b111 4
b10011101100001 !
b10011101100001 .
b10011101100001 3
1%
#23870000
0%
#23875000
b110110 /
b1101101011000 0
b10 6
b11011010110000 !
b11011010110000 .
b11011010110000 3
1%
#23880000
0%
#23885000
0#
b0 6
1"
1%
#23890000
b11000111 *
0%
#23895000
0"
1%
#23900000
b11000000 7
0%
#23905000
1%
#23910000
1)
b10110101 '
b10110101 -
b10001011 &
b10001011 ,
0%
#23915000
b10001011 /
b100010111011010 0
1#
b1 6
b0 4
b10001011 5
b10110101 !
b10110101 .
b10110101 3
1%
#23920000
0)
0%
#23925000
b1000101 /
b10001011101101 0
b1 4
b100010111011010 !
b100010111011010 .
b100010111011010 3
1%
#23930000
0%
#23935000
b10101101 /
b101011011110110 0
b10 4
b10001011101101 !
b10001011101101 .
b10001011101101 3
1%
#23940000
0%
#23945000
b1010110 /
b10101101111011 0
b11 4
b101011011110110 !
b101011011110110 .
b101011011110110 3
1%
#23950000
0%
#23955000
b10110110 /
b101101100111101 0
b100 4
b10101101111011 !
b10101101111011 .
b10101101111011 3
1%
#23960000
0%
#23965000
b11100110 /
b111001100011110 0
b101 4
b101101100111101 !
b101101100111101 .
b101101100111101 3
1%
#23970000
0%
#23975000
b1110011 /
b11100110001111 0
b110 4
b111001100011110 !
b111001100011110 .
b111001100011110 3
1%
#23980000
0%
#23985000
b11000100 /
b110001001000111 0
b111 4
b11100110001111 !
b11100110001111 .
b11100110001111 3
1%
#23990000
0%
#23995000
b11101101 /
b111011010100011 0
b10 6
b110001001000111 !
b110001001000111 .
b110001001000111 3
1%
#24000000
0%
#24005000
0#
b0 6
1"
1%
#24010000
b11001000 *
0%
#24015000
0"
1%
#24020000
b11000001 7
0%
#24025000
1%
#24030000
1)
b1010101 '
b1010101 -
b11000010 &
b11000010 ,
0%
#24035000
b11000010 /
b110000100101010 0
1#
b1 6
b0 4
b11000010 5
b1010101 !
b1010101 .
b1010101 3
1%
#24040000
0)
0%
#24045000
b1100001 /
b11000010010101 0
b1 4
b110000100101010 !
b110000100101010 .
b110000100101010 3
1%
#24050000
0%
#24055000
b11110010 /
b111100101001010 0
b10 4
b11000010010101 !
b11000010010101 .
b11000010010101 3
1%
#24060000
0%
#24065000
b1111001 /
b11110010100101 0
b11 4
b111100101001010 !
b111100101001010 .
b111100101001010 3
1%
#24070000
0%
#24075000
b11111110 /
b111111101010010 0
b100 4
b11110010100101 !
b11110010100101 .
b11110010100101 3
1%
#24080000
0%
#24085000
b1111111 /
b11111110101001 0
b101 4
b111111101010010 !
b111111101010010 .
b111111101010010 3
1%
#24090000
0%
#24095000
b100000001 /
b1000000011010100 0
b110 4
b11111110101001 !
b11111110101001 .
b11111110101001 3
1%
#24100000
0%
#24105000
b10000000 /
b100000001101010 0
b111 4
b1000000011010100 !
b1000000011010100 .
b1000000011010100 3
1%
#24110000
0%
#24115000
b1000000 /
b10000000110101 0
b10 6
b100000001101010 !
b100000001101010 .
b100000001101010 3
1%
#24120000
0%
#24125000
0#
b0 6
1"
1%
#24130000
b11001001 *
0%
#24135000
0"
1%
#24140000
b11000010 7
0%
#24145000
1%
#24150000
1)
b110000 '
b110000 -
b10111110 &
b10111110 ,
0%
#24155000
b0 /
b11000 0
1#
b1 6
b0 4
b10111110 5
b110000 !
b110000 .
b110000 3
1%
#24160000
0)
0%
#24165000
b1100 0
b1 4
b11000 !
b11000 .
b11000 3
1%
#24170000
0%
#24175000
b110 0
b10 4
b1100 !
b1100 .
b1100 3
1%
#24180000
0%
#24185000
b11 0
b11 4
b110 !
b110 .
b110 3
1%
#24190000
0%
#24195000
b10111110 /
b101111100000001 0
b100 4
b11 !
b11 .
b11 3
1%
#24200000
0%
#24205000
b100011101 /
b1000111010000000 0
b101 4
b101111100000001 !
b101111100000001 .
b101111100000001 3
1%
#24210000
0%
#24215000
b10001110 /
b100011101000000 0
b110 4
b1000111010000000 !
b1000111010000000 .
b1000111010000000 3
1%
#24220000
0%
#24225000
b1000111 /
b10001110100000 0
b111 4
b100011101000000 !
b100011101000000 .
b100011101000000 3
1%
#24230000
0%
#24235000
b100011 /
b1000111010000 0
b10 6
b10001110100000 !
b10001110100000 .
b10001110100000 3
1%
#24240000
0%
#24245000
0#
b0 6
1"
1%
#24250000
b11001010 *
0%
#24255000
0"
1%
#24260000
b11000011 7
0%
#24265000
1%
#24270000
1)
b1000101 '
b1000101 -
b11011101 &
b11011101 ,
0%
#24275000
b11011101 /
b110111010100010 0
1#
b1 6
b0 4
b11011101 5
b1000101 !
b1000101 .
b1000101 3
1%
#24280000
0)
0%
#24285000
b1101110 /
b11011101010001 0
b1 4
b110111010100010 !
b110111010100010 .
b110111010100010 3
1%
#24290000
0%
#24295000
b100010100 /
b1000101000101000 0
b10 4
b11011101010001 !
b11011101010001 .
b11011101010001 3
1%
#24300000
0%
#24305000
b10001010 /
b100010100010100 0
b11 4
b1000101000101000 !
b1000101000101000 .
b1000101000101000 3
1%
#24310000
0%
#24315000
b1000101 /
b10001010001010 0
b100 4
b100010100010100 !
b100010100010100 .
b100010100010100 3
1%
#24320000
0%
#24325000
b100010 /
b1000101000101 0
b101 4
b10001010001010 !
b10001010001010 .
b10001010001010 3
1%
#24330000
0%
#24335000
b11101110 /
b111011100100010 0
b110 4
b1000101000101 !
b1000101000101 .
b1000101000101 3
1%
#24340000
0%
#24345000
b1110111 /
b11101110010001 0
b111 4
b111011100100010 !
b111011100100010 .
b111011100100010 3
1%
#24350000
0%
#24355000
b100011000 /
b1000110001001000 0
b10 6
b11101110010001 !
b11101110010001 .
b11101110010001 3
1%
#24360000
0%
#24365000
0#
b0 6
1"
1%
#24370000
b11001011 *
0%
#24375000
0"
1%
#24380000
b11000100 7
0%
#24385000
1%
#24390000
1)
b10010 '
b10010 -
b1010011 &
b1010011 ,
0%
#24395000
b0 /
b1001 0
1#
b1 6
b0 4
b1010011 5
b10010 !
b10010 .
b10010 3
1%
#24400000
0)
0%
#24405000
b1010011 /
b10100110000100 0
b1 4
b1001 !
b1001 .
b1001 3
1%
#24410000
0%
#24415000
b101001 /
b1010011000010 0
b10 4
b10100110000100 !
b10100110000100 .
b10100110000100 3
1%
#24420000
0%
#24425000
b10100 /
b101001100001 0
b11 4
b1010011000010 !
b1010011000010 .
b1010011000010 3
1%
#24430000
0%
#24435000
b1011101 /
b10111010110000 0
b100 4
b101001100001 !
b101001100001 .
b101001100001 3
1%
#24440000
0%
#24445000
b101110 /
b1011101011000 0
b101 4
b10111010110000 !
b10111010110000 .
b10111010110000 3
1%
#24450000
0%
#24455000
b10111 /
b101110101100 0
b110 4
b1011101011000 !
b1011101011000 .
b1011101011000 3
1%
#24460000
0%
#24465000
b1011 /
b10111010110 0
b111 4
b101110101100 !
b101110101100 .
b101110101100 3
1%
#24470000
0%
#24475000
b101 /
b1011101011 0
b10 6
b10111010110 !
b10111010110 .
b10111010110 3
1%
#24480000
0%
#24485000
0#
b0 6
1"
1%
#24490000
b11001100 *
0%
#24495000
0"
1%
#24500000
b11000101 7
0%
#24505000
1%
#24510000
1)
b1010001 '
b1010001 -
b10011001 &
b10011001 ,
0%
#24515000
b10011001 /
b100110010101000 0
1#
b1 6
b0 4
b10011001 5
b1010001 !
b1010001 .
b1010001 3
1%
#24520000
0)
0%
#24525000
b1001100 /
b10011001010100 0
b1 4
b100110010101000 !
b100110010101000 .
b100110010101000 3
1%
#24530000
0%
#24535000
b100110 /
b1001100101010 0
b10 4
b10011001010100 !
b10011001010100 .
b10011001010100 3
1%
#24540000
0%
#24545000
b10011 /
b100110010101 0
b11 4
b1001100101010 !
b1001100101010 .
b1001100101010 3
1%
#24550000
0%
#24555000
b10100010 /
b101000101001010 0
b100 4
b100110010101 !
b100110010101 .
b100110010101 3
1%
#24560000
0%
#24565000
b1010001 /
b10100010100101 0
b101 4
b101000101001010 !
b101000101001010 .
b101000101001010 3
1%
#24570000
0%
#24575000
b11000001 /
b110000011010010 0
b110 4
b10100010100101 !
b10100010100101 .
b10100010100101 3
1%
#24580000
0%
#24585000
b1100000 /
b11000001101001 0
b111 4
b110000011010010 !
b110000011010010 .
b110000011010010 3
1%
#24590000
0%
#24595000
b11001001 /
b110010010110100 0
b10 6
b11000001101001 !
b11000001101001 .
b11000001101001 3
1%
#24600000
0%
#24605000
0#
b0 6
1"
1%
#24610000
b11001101 *
0%
#24615000
0"
1%
#24620000
b11000110 7
0%
#24625000
1%
#24630000
1)
b1010 '
b1010 -
b100100 &
b100100 ,
0%
#24635000
b0 /
b101 0
1#
b1 6
b0 4
b100100 5
b1010 !
b1010 .
b1010 3
1%
#24640000
0)
0%
#24645000
b100100 /
b1001000000010 0
b1 4
b101 !
b101 .
b101 3
1%
#24650000
0%
#24655000
b10010 /
b100100000001 0
b10 4
b1001000000010 !
b1001000000010 .
b1001000000010 3
1%
#24660000
0%
#24665000
b101101 /
b1011010000000 0
b11 4
b100100000001 !
b100100000001 .
b100100000001 3
1%
#24670000
0%
#24675000
b10110 /
b101101000000 0
b100 4
b1011010000000 !
b1011010000000 .
b1011010000000 3
1%
#24680000
0%
#24685000
b1011 /
b10110100000 0
b101 4
b101101000000 !
b101101000000 .
b101101000000 3
1%
#24690000
0%
#24695000
b101 /
b1011010000 0
b110 4
b10110100000 !
b10110100000 .
b10110100000 3
1%
#24700000
0%
#24705000
b10 /
b101101000 0
b111 4
b1011010000 !
b1011010000 .
b1011010000 3
1%
#24710000
0%
#24715000
b1 /
b10110100 0
b10 6
b101101000 !
b101101000 .
b101101000 3
1%
#24720000
0%
#24725000
0#
b0 6
1"
1%
#24730000
b11001110 *
0%
#24735000
0"
1%
#24740000
b11000111 7
0%
#24745000
1%
#24750000
1)
b10100101 '
b10100101 -
b11110 &
b11110 ,
0%
#24755000
b11110 /
b111101010010 0
1#
b1 6
b0 4
b11110 5
b10100101 !
b10100101 .
b10100101 3
1%
#24760000
0)
0%
#24765000
b1111 /
b11110101001 0
b1 4
b111101010010 !
b111101010010 .
b111101010010 3
1%
#24770000
0%
#24775000
b100101 /
b1001011010100 0
b10 4
b11110101001 !
b11110101001 .
b11110101001 3
1%
#24780000
0%
#24785000
b10010 /
b100101101010 0
b11 4
b1001011010100 !
b1001011010100 .
b1001011010100 3
1%
#24790000
0%
#24795000
b1001 /
b10010110101 0
b100 4
b100101101010 !
b100101101010 .
b100101101010 3
1%
#24800000
0%
#24805000
b100010 /
b1000101011010 0
b101 4
b10010110101 !
b10010110101 .
b10010110101 3
1%
#24810000
0%
#24815000
b10001 /
b100010101101 0
b110 4
b1000101011010 !
b1000101011010 .
b1000101011010 3
1%
#24820000
0%
#24825000
b100110 /
b1001101010110 0
b111 4
b100010101101 !
b100010101101 .
b100010101101 3
1%
#24830000
0%
#24835000
b10011 /
b100110101011 0
b10 6
b1001101010110 !
b1001101010110 .
b1001101010110 3
1%
#24840000
0%
#24845000
0#
b0 6
1"
1%
#24850000
b11001111 *
0%
#24855000
0"
1%
#24860000
b11001000 7
0%
#24865000
1%
#24870000
0%
#24875000
1%
#24880000
0%
