$date
	Wed Jul  1 19:38:01 2026
$end
$version
	Icarus Verilog
$end
$timescale
	1ps
$end
$scope module tb_async_fifo $end
$var wire 8 ! rdata [7:0] $end
$var wire 1 " full $end
$var wire 1 # empty $end
$var parameter 32 $ DEPTH $end
$var parameter 32 % WIDTH $end
$var reg 1 & rd_clk $end
$var reg 1 ' rd_en $end
$var reg 1 ( rd_rst_n $end
$var reg 8 ) wdata [7:0] $end
$var reg 1 * wr_clk $end
$var reg 1 + wr_en $end
$var reg 1 , wr_rst_n $end
$var integer 32 - checks [31:0] $end
$var integer 32 . errors [31:0] $end
$scope module dut $end
$var wire 1 & rd_clk $end
$var wire 1 ' rd_en $end
$var wire 1 ( rd_rst_n $end
$var wire 8 / rdata [7:0] $end
$var wire 5 0 rgray_next [4:0] $end
$var wire 8 1 wdata [7:0] $end
$var wire 5 2 wgray_next [4:0] $end
$var wire 1 * wr_clk $end
$var wire 1 + wr_en $end
$var wire 1 , wr_rst_n $end
$var wire 5 3 wbin_next [4:0] $end
$var wire 5 4 rbin_next [4:0] $end
$var parameter 32 5 AW $end
$var parameter 32 6 DEPTH $end
$var parameter 32 7 WIDTH $end
$var reg 1 # empty $end
$var reg 1 " full $end
$var reg 5 8 rbin [4:0] $end
$var reg 5 9 rgray [4:0] $end
$var reg 5 : rq1_wgray [4:0] $end
$var reg 5 ; rq2_wgray [4:0] $end
$var reg 5 < wbin [4:0] $end
$var reg 5 = wgray [4:0] $end
$var reg 5 > wq1_rgray [4:0] $end
$var reg 5 ? wq2_rgray [4:0] $end
$upscope $end
$scope begin $ivl_for_loop0 $end
$var integer 32 @ i [31:0] $end
$upscope $end
$scope begin $ivl_for_loop1 $end
$var integer 32 A i [31:0] $end
$upscope $end
$scope begin $ivl_for_loop2 $end
$var integer 32 B i [31:0] $end
$upscope $end
$scope begin $unm_blk_19 $end
$var reg 8 C exp [7:0] $end
$upscope $end
$upscope $end
$enddefinitions $end
$comment Show the parameter values. $end
$dumpall
b1000 7
b10000 6
b100 5
b1000 %
b10000 $
$end
#0
$dumpvars
bx C
b0 B
b0 A
b0 @
b0 ?
b0 >
b0 =
b0 <
b0 ;
b0 :
b0 9
b0 8
b0 4
b0 3
b0 2
b0 1
b0 0
bx /
b0 .
b0 -
0,
0+
0*
b0 )
0(
0'
0&
1#
0"
bx !
$end
#3500
1*
#5500
1&
#7000
0*
#10500
1*
#11000
0&
#14000
0*
#16500
1&
#17500
1*
#21000
0*
#22000
0&
#24500
1,
1*
#27500
1&
#28000
b1 2
b1 3
b1 @
1+
0*
#31500
b11 2
b0 !
b0 /
b1 =
b10 3
b1 <
1*
#33000
0&
#35000
b10 @
b1 )
b1 1
0*
#38500
b10 2
b11 =
b11 3
b10 <
b1 :
1(
1*
1&
#42000
b11 @
b10 )
b10 1
0*
#44000
0&
#45500
b110 2
b10 =
b100 3
b11 <
1*
#49000
b100 @
b11 )
b11 1
0*
#49500
b1 ;
b10 :
1&
#52500
b111 2
b110 =
b101 3
b100 <
1*
#55000
0&
#56000
b101 @
b100 )
b100 1
0*
#59500
b101 2
b111 =
b110 3
b101 <
1*
#60500
b10 ;
b111 :
0#
1&
#63000
b111 2
b101 3
b110 @
b101 )
b101 1
0+
0*
#66000
0&
#66500
1*
#70000
b101 2
b110 3
b111 @
b110 )
b110 1
1+
0*
#71500
b111 ;
1&
#73500
b100 2
b101 =
b111 3
b110 <
1*
#77000
b1000 @
b111 )
b111 1
0*
0&
#80500
b1100 2
b100 =
b1000 3
b111 <
1*
#82500
b100 :
1&
#84000
b1001 @
b1000 )
b1000 1
0*
#87500
b1101 2
b1100 =
b1001 3
b1000 <
1*
#88000
0&
#91000
b1010 @
b1001 )
b1001 1
0*
#93500
b100 ;
b1100 :
1&
#94500
b1111 2
b1101 =
b1010 3
b1001 <
1*
#98000
b1101 2
b1001 3
b1011 @
b1010 )
b1010 1
0+
0*
#99000
0&
#101500
1*
#104500
b1100 ;
b1101 :
1&
#105000
b1111 2
b1010 3
b1100 @
b1011 )
b1011 1
1+
0*
#108500
b1110 2
b1111 =
b1011 3
b1010 <
1*
#110000
0&
#112000
b1111 2
b1010 3
b1101 @
b1100 )
b1100 1
0+
0*
#115500
b1101 ;
b1111 :
1*
1&
#119000
b1110 @
b1101 )
b1101 1
0*
#121000
0&
#122500
1*
#126000
b1111 @
b1110 )
b1110 1
0*
#126500
b1111 ;
1&
#129500
1*
#132000
0&
#133000
b1110 2
b1011 3
b10000 @
b1111 )
b1111 1
1+
0*
#136500
b1010 2
b1110 =
b1100 3
b1011 <
1*
#137500
b1110 :
1&
#140000
b10001 @
b10000 )
b10000 1
0*
#143000
0&
#143500
b1011 2
b1010 =
b1101 3
b1100 <
1*
#147000
b10010 @
b10001 )
b10001 1
0*
#148500
b1110 ;
b1010 :
1&
#150500
b1001 2
b1011 =
b1110 3
b1101 <
1*
#154000
b1011 2
b1101 3
b10011 @
b10010 )
b10010 1
0+
0*
0&
#157500
1*
#159500
b1010 ;
b1011 :
1&
#161000
b1001 2
b1110 3
b10100 @
b10011 )
b10011 1
1+
0*
#164500
b1000 2
b1001 =
b1111 3
b1110 <
1*
#165000
0&
#168000
b10101 @
b10100 )
b10100 1
0*
#170500
b1011 ;
b1001 :
1&
#171500
b11000 2
b1000 =
b10000 3
b1111 <
1*
#175000
b1000 2
b1111 3
b10110 @
b10101 )
b10101 1
0+
0*
#176000
0&
#178500
1*
#181500
b1001 ;
b1000 :
1&
#182000
b10111 @
b10110 )
b10110 1
0*
#185500
1*
#187000
0&
#189000
b11000 2
b10000 3
b11000 @
b10111 )
b10111 1
1+
0*
#192500
b11000 2
1"
b11000 =
b10000 3
b10000 <
b1000 ;
1*
1&
#196000
b11001 @
b11000 )
b11000 1
0*
#198000
0&
#199500
1*
#203000
b11010 @
b11001 )
b11001 1
0*
#203500
b11000 :
1&
#206500
1*
#209000
0&
#210000
b11011 @
b11010 )
b11010 1
0*
#213500
1*
#214500
b11000 ;
1&
#217000
b11100 @
b11011 )
b11011 1
0*
#220000
0&
#220500
1*
#224000
b11101 @
b11100 )
b11100 1
0*
#225500
1&
#227500
1*
#231000
b11110 @
b11101 )
b11101 1
0*
0&
#234500
1*
#236500
1&
#238000
b11111 @
b11110 )
b11110 1
0*
#241500
1*
#242000
0&
#245000
b100000 @
b11111 )
b11111 1
0*
#247500
1&
#248500
1*
#252000
b100001 @
b100000 )
b100000 1
0*
#253000
0&
#255500
1*
#258500
1&
#259000
b100010 @
b100001 )
b100001 1
0*
#262500
1*
#264000
b1 A
0&
#266000
b100011 @
b100010 )
b100010 1
0*
#269500
1*
1&
#273000
b100100 @
b100011 )
b100011 1
0*
#275000
b1 0
b1 4
b10 A
1'
0&
#276500
1*
#280000
b100101 @
b100100 )
b100100 1
0*
#280500
b11 0
b1 !
b1 /
b1 9
b10 4
b1 8
b0 C
b1 -
1&
#283500
b1 >
1*
#286000
b11 A
0&
#287000
b100110 @
b100101 )
b100101 1
0+
0*
#290500
b1 ?
1*
#291500
b10 0
b10 !
b10 /
b11 9
b11 4
b10 8
b1 C
b10 -
1&
#294000
b100111 @
b100110 )
b100110 1
1+
0*
#297000
b100 A
0&
#297500
b11001 2
b10001 3
0"
b11 >
1*
#301000
b101000 @
b100111 )
b100111 1
0*
#302500
b110 0
b11 !
b11 /
b10 9
b100 4
b11 8
b10 C
b11 -
1&
#304500
b11001 2
b11 ?
b10 >
1"
b11001 =
b10001 3
b10001 <
1*
#308000
b101001 @
b101000 )
b101000 1
b101 A
0*
0&
#311500
b11011 2
b10010 3
0"
b10 ?
1*
#313500
b111 0
b100 !
b100 /
b110 9
b101 4
b100 8
b11001 :
b11 C
b100 -
1&
#315000
b101010 @
b101001 )
b101001 1
0*
#318500
b11010 2
b110 >
b11011 =
b10011 3
b10010 <
1*
#319000
b110 A
0&
#322000
b101011 @
b101010 )
b101010 1
0*
#324500
b101 0
b110 !
b110 /
b11001 ;
b11011 :
b111 9
b110 4
b101 8
b100 C
b101 -
1&
#325500
b11010 2
1"
b11010 =
b10011 3
b10011 <
b110 ?
b111 >
1*
#329000
b101100 @
b101011 )
b101011 1
0*
#330000
b111 0
b101 4
b111 A
0'
0&
#332500
b11110 2
b10100 3
b111 ?
0"
1*
#335500
b11011 ;
b11010 :
1&
#336000
b11010 2
b10011 3
b101101 @
b101100 )
b101100 1
0+
0*
#339500
1*
#341000
b1000 A
0&
#343000
b11110 2
b10100 3
b101110 @
b101101 )
b101101 1
1+
0*
#346500
b11111 2
b11110 =
b10101 3
b10100 <
b11010 ;
1*
1&
#350000
b11110 2
b10100 3
b101111 @
b101110 )
b101110 1
0+
0*
#352000
b101 0
b110 4
b1001 A
1'
0&
#353500
1*
#357000
b110000 @
b101111 )
b101111 1
0*
#357500
b100 0
b111 !
b111 /
b101 9
b111 4
b110 8
b11110 :
b110 C
b110 -
1&
#360500
b101 >
1*
#363000
b101 0
b110 4
b1010 A
0'
0&
#364000
b110001 @
b110000 )
b110000 1
0*
#367500
b101 ?
1*
#368500
b11110 ;
1&
#371000
b110010 @
b110001 )
b110001 1
0*
#374000
b100 0
b111 4
b1011 A
1'
0&
#374500
1*
#378000
b11111 2
b10101 3
b110011 @
b110010 )
b110010 1
1+
0*
#379500
b1100 0
b1000 !
b1000 /
b100 9
b1000 4
b111 8
b111 C
b111 -
1&
#381500
b11101 2
b11111 =
b10110 3
b10101 <
b100 >
1*
#385000
b110100 @
b110011 )
b110011 1
b1100 A
0*
0&
#388500
b11101 2
b100 ?
1"
b11101 =
b10110 3
b10110 <
1*
#390500
b1101 0
b1001 !
b1001 /
b11101 :
b1100 9
b1001 4
b1000 8
b1000 C
b1000 -
1&
#392000
b110101 @
b110100 )
b110100 1
0+
0*
#395500
0"
b1100 >
1*
#396000
b1100 0
b1000 4
b1101 A
0'
0&
#399000
b11100 2
b10111 3
b110110 @
b110101 )
b110101 1
1+
0*
#401500
b11101 ;
1&
#402500
b11100 2
b1100 ?
1"
b11100 =
b10111 3
b10111 <
1*
#406000
b110111 @
b110110 )
b110110 1
0*
#407000
b1101 0
b1001 4
b1110 A
1'
0&
#409500
b10100 2
b11000 3
0"
1*
#412500
b1111 0
b1011 !
b1011 /
b11100 :
b1101 9
b1010 4
b1001 8
b1001 C
b1001 -
1&
#413000
b111000 @
b110111 )
b110111 1
0*
#416500
b10100 2
b1101 >
1"
b10100 =
b11000 3
b11000 <
1*
#418000
b1101 0
b1001 4
b1111 A
0'
0&
#420000
b111001 @
b111000 )
b111000 1
0+
0*
#423500
b1101 ?
b11100 ;
b10100 :
1*
1&
#427000
b111010 @
b111001 )
b111001 1
1+
0*
#429000
b10000 A
0&
#430500
b10101 2
b11001 3
0"
1*
#434000
b10100 2
b11000 3
b111011 @
b111010 )
b111010 1
0+
0*
#434500
b10100 ;
1&
#437500
1*
#440000
b10001 A
0&
#441000
b111100 @
b111011 )
b111011 1
0*
#444500
1*
#445500
1&
#448000
b10101 2
b11001 3
b111101 @
b111100 )
b111100 1
1+
0*
#451000
b1111 0
b1010 4
b10010 A
1'
0&
#451500
b10101 2
1"
b10101 =
b11001 3
b11001 <
1*
#455000
b111110 @
b111101 )
b111101 1
0*
#456500
b1110 0
b1111 !
b1111 /
b10101 :
b1111 9
b1011 4
b1010 8
b1011 C
b1010 -
1&
#458500
b1111 >
1*
#462000
b111111 @
b111110 )
b111110 1
0+
b10011 A
0*
0&
#465500
b1111 ?
1*
#467500
b1010 0
b10000 !
b10000 /
b1110 9
b1100 4
b1011 8
b10101 ;
b1111 C
b1011 -
1&
#469000
b1000000 @
b111111 )
b111111 1
1+
0*
#472500
b10111 2
b11010 3
b1110 >
0"
1*
#473000
b10100 A
0&
#476000
b1000001 @
b1000000 )
b1000000 1
0*
#478500
b1011 0
b10001 !
b10001 /
b1010 9
b1101 4
b1100 8
b10000 C
b1100 -
1&
#479500
b10111 2
1"
b10111 =
b11010 3
b11010 <
b1110 ?
b1010 >
1*
#483000
b1000010 @
b1000001 )
b1000001 1
0*
#484000
b1010 0
b1100 4
b10101 A
0'
0&
#486500
b10110 2
b11011 3
b1010 ?
0"
1*
#489500
b10111 :
1&
#490000
b1000011 @
b1000010 )
b1000010 1
0*
#493500
b10010 2
b10110 =
b11100 3
b11011 <
1*
#495000
b1011 0
b1101 4
b10110 A
1'
0&
#497000
b10110 2
b11011 3
b1000100 @
b1000011 )
b1000011 1
0+
0*
#500500
b1001 0
b10011 !
b10011 /
b10111 ;
b10110 :
b1011 9
b1110 4
b1101 8
b10001 C
b1101 -
1*
1&
#504000
b10010 2
b11100 3
b1000101 @
b1000100 )
b1000100 1
1+
0*
#506000
b1011 0
b1101 4
b10111 A
0'
0&
#507500
b10010 2
1"
b10010 =
b11100 3
b11100 <
b1011 >
1*
#511000
b1000110 @
b1000101 )
b1000101 1
0*
#511500
b10110 ;
b10010 :
1&
#514500
b1011 ?
1*
#517000
b1001 0
b1110 4
b11000 A
1'
0&
#518000
b1000111 @
b1000110 )
b1000110 1
0+
0*
#521500
0"
1*
#522500
b1000 0
b10100 !
b10100 /
b10010 ;
b1001 9
b1111 4
b1110 8
b10011 C
b1110 -
1&
#525000
b10011 2
b11101 3
b1001000 @
b1000111 )
b1000111 1
1+
0*
#528000
b11001 A
0&
#528500
b10011 2
b1001 >
1"
b10011 =
b11101 3
b11101 <
1*
#532000
b1001001 @
b1001000 )
b1001000 1
0*
#533500
b11000 0
b10111 !
b10111 /
b1000 9
b10000 4
b1111 8
b10011 :
b10100 C
b1111 -
1&
#535500
b1001 ?
b1000 >
1*
#539000
b1000 0
b1111 4
b1001010 @
b1001001 )
b1001001 1
b11010 A
0'
0*
0&
#542500
b10001 2
b11110 3
b1000 ?
0"
1*
#544500
b10011 ;
1&
#546000
b1001011 @
b1001010 )
b1001010 1
0*
#549500
b10000 2
b10001 =
b11111 3
b11110 <
1*
#550000
b11011 A
0&
#553000
b1001100 @
b1001011 )
b1001011 1
0*
#555500
b10001 :
1&
#556500
b10000 2
1"
b10000 =
b11111 3
b11111 <
1*
#560000
b1001101 @
b1001100 )
b1001100 1
0*
#561000
b11100 A
0&
#563500
1*
#566500
b10001 ;
b10000 :
1&
#567000
b1001110 @
b1001101 )
b1001101 1
0*
#570500
1*
#572000
b11000 0
b10000 4
b11101 A
1'
0&
#574000
b1001111 @
b1001110 )
b1001110 1
0*
#577500
b11001 0
b100111 !
b100111 /
b11000 9
b10001 4
b10000 8
b10000 ;
b10111 C
b10000 -
1*
1&
#581000
b1010000 @
b1001111 )
b1001111 1
0+
0*
#583000
b11110 A
0&
#584500
b11000 >
1*
#588000
b1010001 @
b1010000 )
b1010000 1
0*
#588500
b11011 0
b101001 !
b101001 /
b11001 9
b10010 4
b10001 8
b100111 C
b10001 -
1&
#591500
b11000 ?
b11001 >
1*
#594000
b11111 A
0&
#595000
b1010010 @
b1010001 )
b1010001 1
1+
0*
#598500
b0 2
b0 3
b11001 ?
0"
1*
#599500
b11010 0
b101010 !
b101010 /
b11011 9
b10011 4
b10010 8
b101001 C
b10010 -
1&
#602000
b1010011 @
b1010010 )
b1010010 1
0*
#605000
b100000 A
0&
#605500
b1 2
b0 =
b1 3
b0 <
b11011 >
1*
#609000
b1010100 @
b1010011 )
b1010011 1
0*
#610500
b11110 0
b101101 !
b101101 /
b0 :
b11010 9
b10100 4
b10011 8
b101010 C
b10011 -
1&
#612500
b1 2
b11011 ?
b11010 >
1"
b1 =
b1 3
b1 <
1*
#616000
b11010 0
b10011 4
b1010101 @
b1010100 )
b1010100 1
b100001 A
0'
0*
0&
#619500
b11 2
b10 3
0"
b11010 ?
1*
#621500
b0 ;
b1 :
1&
#623000
b1010110 @
b1010101 )
b1010101 1
0*
#626500
b10 2
b11 =
b11 3
b10 <
1*
#627000
b100010 A
0&
#630000
b1010111 @
b1010110 )
b1010110 1
0*
#632500
b1 ;
b11 :
1&
#633500
b10 2
1"
b10 =
b11 3
b11 <
1*
#637000
b1011000 @
b1010111 )
b1010111 1
0*
#638000
b11110 0
b10100 4
b100011 A
1'
0&
#640500
1*
#643500
b11111 0
b110010 !
b110010 /
b11110 9
b10101 4
b10100 8
b11 ;
b10 :
b101101 C
b10100 -
1&
#644000
b1011001 @
b1011000 )
b1011000 1
0*
#647500
b11110 >
1*
#649000
b100100 A
0&
#651000
b1011010 @
b1011001 )
b1011001 1
0*
#654500
b11101 0
b110011 !
b110011 /
b11110 ?
b10 ;
b11111 9
b10110 4
b10101 8
b110010 C
b10101 -
1*
1&
#658000
b1011011 @
b1011010 )
b1011010 1
0+
0*
#660000
b11111 0
b10101 4
b100101 A
0'
0&
#661500
0"
b11111 >
1*
#665000
b110 2
b100 3
b1011100 @
b1011011 )
b1011011 1
1+
0*
#665500
1&
#668500
b110 2
b11111 ?
1"
b110 =
b100 3
b100 <
1*
#671000
b11101 0
b10110 4
b100110 A
1'
0&
#672000
b1011101 @
b1011100 )
b1011100 1
0+
0*
#675500
0"
1*
#676500
b11100 0
b110101 !
b110101 /
b110 :
b11101 9
b10111 4
b10110 8
b110011 C
b10110 -
1&
#679000
b111 2
b101 3
b1011110 @
b1011101 )
b1011101 1
1+
0*
#682000
b11101 0
b10110 4
b100111 A
0'
0&
#682500
b111 2
b11101 >
1"
b111 =
b101 3
b101 <
1*
#686000
b1011111 @
b1011110 )
b1011110 1
0*
#687500
b110 ;
b111 :
1&
#689500
b11101 ?
1*
#693000
b11100 0
b10111 4
b1100000 @
b1011111 )
b1011111 1
b101000 A
1'
0*
0&
#696500
b101 2
b110 3
0"
1*
#698500
b10100 0
b110111 !
b110111 /
b111 ;
b11100 9
b11000 4
b10111 8
b110101 C
b10111 -
1&
#700000
b1100001 @
b1100000 )
b1100000 1
0*
#703500
b101 2
1"
b101 =
b110 3
b110 <
b11100 >
1*
#704000
b11100 0
b10111 4
b101001 A
0'
0&
#707000
b1100010 @
b1100001 )
b1100001 1
0*
#709500
b101 :
1&
#710500
b11100 ?
1*
#714000
b1100011 @
b1100010 )
b1100010 1
0*
#715000
b101010 A
0&
#717500
b100 2
b111 3
0"
1*
#720500
b101 ;
1&
#721000
b1100100 @
b1100011 )
b1100011 1
0*
#724500
b100 2
1"
b100 =
b111 3
b111 <
1*
#726000
b101011 A
0&
#728000
b1100101 @
b1100100 )
b1100100 1
0*
#731500
b100 :
1*
1&
#735000
b1100110 @
b1100101 )
b1100101 1
0+
0*
#737000
b101100 A
0&
#738500
1*
#742000
b1100111 @
b1100110 )
b1100110 1
1+
0*
#742500
b100 ;
1&
#745500
1*
#748000
b10100 0
b11000 4
b101101 A
1'
0&
#749000
b1101000 @
b1100111 )
b1100111 1
0+
0*
#752500
1*
#753500
b10101 0
b111100 !
b111100 /
b10100 9
b11001 4
b11000 8
b110111 C
b11000 -
1&
#756000
b1101001 @
b1101000 )
b1101000 1
1+
0*
#759000
b10100 0
b11000 4
b101110 A
0'
0&
#759500
b10100 >
1*
#763000
b1101010 @
b1101001 )
b1101001 1
0*
#764500
1&
#766500
b10100 ?
1*
#770000
b10101 0
b11001 4
b1101011 @
b1101010 )
b1101010 1
0+
b101111 A
1'
0*
0&
#773500
0"
1*
#775500
b10111 0
b1000000 !
b1000000 /
b10101 9
b11010 4
b11001 8
b111100 C
b11001 -
1&
#777000
b1101100 @
b1101011 )
b1101011 1
0*
#780500
b10101 >
1*
#781000
b10101 0
b11001 4
b110000 A
0'
0&
#784000
b1100 2
b1000 3
b1101101 @
b1101100 )
b1101100 1
1+
0*
#786500
1&
#787500
b1100 2
1"
b1100 =
b1000 3
b1000 <
b10101 ?
1*
#791000
b1101110 @
b1101101 )
b1101101 1
0*
#792000
b110001 A
0&
#794500
b1101 2
b1001 3
0"
1*
#797500
b1100 :
1&
#798000
b1100 2
b1000 3
b1101111 @
b1101110 )
b1101110 1
0+
0*
#801500
1*
#803000
b10111 0
b11010 4
b110010 A
1'
0&
#805000
b1110000 @
b1101111 )
b1101111 1
0*
#808500
b10110 0
b1000010 !
b1000010 /
b1100 ;
b10111 9
b11011 4
b11010 8
b1000000 C
b11010 -
1*
1&
#812000
b1101 2
b1001 3
b1110001 @
b1110000 )
b1110000 1
1+
0*
#814000
b110011 A
0&
#815500
b1101 2
1"
b1101 =
b1001 3
b1001 <
b10111 >
1*
#819000
b1110010 @
b1110001 )
b1110001 1
0*
#819500
b10010 0
b1000100 !
b1000100 /
b10110 9
b11100 4
b11011 8
b1101 :
b1000010 C
b11011 -
1&
#822500
b10111 ?
b10110 >
1*
#825000
b110100 A
0&
#826000
b1110011 @
b1110010 )
b1110010 1
0*
#829500
b1111 2
b1010 3
0"
b10110 ?
1*
#830500
b10011 0
b1000111 !
b1000111 /
b1101 ;
b10010 9
b11101 4
b11100 8
b1000100 C
b11100 -
1&
#833000
b1110100 @
b1110011 )
b1110011 1
0*
#836000
b110101 A
0&
#836500
b1110 2
b10010 >
b1111 =
b1011 3
b1010 <
1*
#840000
b1110101 @
b1110100 )
b1110100 1
0*
#841500
b10001 0
b1001010 !
b1001010 /
b10011 9
b11110 4
b11101 8
b1111 :
b1000111 C
b11101 -
1&
#843500
b1110 2
1"
b1110 =
b1011 3
b1011 <
b10010 ?
b10011 >
1*
#847000
b1110110 @
b1110101 )
b1110101 1
0+
b110110 A
0*
0&
#850500
b10011 ?
0"
1*
#852500
b10000 0
b1001011 !
b1001011 /
b1111 ;
b1110 :
b10001 9
b11111 4
b11110 8
b1001010 C
b11110 -
1&
#854000
b1010 2
b1100 3
b1110111 @
b1110110 )
b1110110 1
1+
0*
#857500
b1011 2
b1010 =
b1101 3
b1100 <
b10001 >
1*
#858000
b110111 A
0&
#861000
b1010 2
b1100 3
b1111000 @
b1110111 )
b1110111 1
0+
0*
#863500
b0 0
b1010010 !
b1010010 /
b10000 9
b0 4
b11111 8
b1110 ;
b1010 :
b1001011 C
b11111 -
1&
#864500
b10001 ?
b10000 >
1*
#868000
b1011 2
b1101 3
b1111001 @
b1111000 )
b1111000 1
1+
0*
#869000
b111000 A
0&
#871500
b1001 2
b1011 =
b1110 3
b1101 <
b10000 ?
1*
#874500
b1 0
b1010011 !
b1010011 /
b1010 ;
b1011 :
b0 9
b1 4
b0 8
b1010010 C
b100000 -
1&
#875000
b1011 2
b1101 3
b1111010 @
b1111001 )
b1111001 1
0+
0*
#878500
b0 >
1*
#880000
b0 0
b0 4
b111001 A
0'
0&
#882000
b1111011 @
b1111010 )
b1111010 1
0*
#885500
b0 ?
b1011 ;
1*
1&
#889000
b1111100 @
b1111011 )
b1111011 1
0*
#891000
b1 0
b1 4
b111010 A
1'
0&
#892500
1*
#896000
b1001 2
b1110 3
b1111101 @
b1111100 )
b1111100 1
1+
0*
#896500
b11 0
b1010101 !
b1010101 /
b1 9
b10 4
b1 8
b1010011 C
b100001 -
1&
#899500
b1000 2
b1001 =
b1111 3
b1110 <
b1 >
1*
#902000
b1 0
b1 4
b111011 A
0'
0&
#903000
b1001 2
b1110 3
b1111110 @
b1111101 )
b1111101 1
0+
0*
#906500
b1 ?
1*
#907500
b1001 :
1&
#910000
b1111111 @
b1111110 )
b1111110 1
0*
#913000
b11 0
b10 4
b111100 A
1'
0&
#913500
1*
#917000
b1000 2
b1111 3
b10000000 @
b1111111 )
b1111111 1
1+
0*
#918500
b10 0
b1010110 !
b1010110 /
b1001 ;
b11 9
b11 4
b10 8
b1010101 C
b100010 -
1&
#920500
b11000 2
b11 >
b1000 =
b10000 3
b1111 <
1*
#924000
b1000 2
b11 0
b1111 3
b10 4
b10000001 @
b10000000 )
b10000000 1
0+
b111101 A
0'
0*
0&
#927500
b11 ?
1*
#929500
b1000 :
1&
#931000
b10000010 @
b10000001 )
b10000001 1
0*
#934500
1*
#935000
b111110 A
0&
#938000
b10000011 @
b10000010 )
b10000010 1
0*
#940500
b1000 ;
1&
#941500
1*
#945000
b11000 2
b10000 3
b10000100 @
b10000011 )
b10000011 1
1+
0*
#946000
b10 0
b11 4
b111111 A
1'
0&
#948500
b11001 2
b11000 =
b10001 3
b10000 <
1*
#951500
b110 0
b1011011 !
b1011011 /
b10 9
b100 4
b11 8
b11000 :
b1010110 C
b100011 -
1&
#952000
b11000 2
b10000 3
b10000101 @
b10000100 )
b10000100 1
0+
0*
#955500
b10 >
1*
#957000
b1000000 A
0&
#959000
b11001 2
b10001 3
b10000110 @
b10000101 )
b10000101 1
1+
0*
#962500
b11011 2
b111 0
b1011101 !
b1011101 /
b10 ?
b11001 =
b10010 3
b10001 <
b11000 ;
b110 9
b101 4
b100 8
b1011011 C
b100100 -
1*
1&
#966000
b10000111 @
b10000110 )
b10000110 1
0*
#968000
b1000001 A
0&
#969500
b11010 2
b11011 =
b10011 3
b10010 <
b110 >
1*
#973000
b11011 2
b10010 3
b10001000 @
b10000111 )
b10000111 1
0+
0*
#973500
b101 0
b1100000 !
b1100000 /
b111 9
b110 4
b101 8
b11011 :
b1011101 C
b100101 -
1&
#976500
b110 ?
b111 >
1*
#979000
b1000010 A
0&
#980000
b10001001 @
b10001000 )
b10001000 1
0*
#983500
b111 ?
1*
#984500
b100 0
b1100011 !
b1100011 /
b11011 ;
b101 9
b111 4
b110 8
b1100000 C
b100110 -
1&
#987000
b11010 2
b10011 3
b10001010 @
b10001001 )
b10001001 1
1+
0*
#990000
b1000011 A
0&
#990500
b11110 2
b101 >
b11010 =
b10100 3
b10011 <
1*
#994000
b11010 2
b10011 3
b10001011 @
b10001010 )
b10001010 1
0+
0*
#995500
b1100 0
b1101100 !
b1101100 /
b100 9
b1000 4
b111 8
b11010 :
b1100011 C
b100111 -
1&
#997500
b101 ?
b100 >
1*
#1001000
b11110 2
b10100 3
b10001100 @
b10001011 )
b10001011 1
1+
b1000100 A
0*
0&
#1004500
b11111 2
b100 ?
b11110 =
b10101 3
b10100 <
1*
#1006500
b1101 0
b1110000 !
b1110000 /
b11010 ;
b11110 :
b1100 9
b1001 4
b1000 8
b1101100 C
b101000 -
1&
#1008000
b10001101 @
b10001100 )
b10001100 1
0*
#1011500
b11101 2
b11111 =
b10110 3
b10101 <
b1100 >
1*
#1012000
b1000101 A
0&
#1015000
b10001110 @
b10001101 )
b10001101 1
0*
#1017500
b1111 0
b1110011 !
b1110011 /
b1101 9
b1010 4
b1001 8
b11110 ;
b11111 :
b1110000 C
b101001 -
1&
#1018500
b11100 2
b1100 ?
b1101 >
b11101 =
b10111 3
b10110 <
1*
#1022000
b10001111 @
b10001110 )
b10001110 1
0*
#1023000
b1101 0
b1001 4
b1000110 A
0'
0&
#1025500
b10100 2
b11100 =
b11000 3
b10111 <
b1101 ?
1*
#1028500
b11111 ;
b11100 :
1&
#1029000
b10010000 @
b10001111 )
b10001111 1
0*
#1032500
b10101 2
b10100 =
b11001 3
b11000 <
1*
#1034000
b1000111 A
0&
#1036000
b10010001 @
b10010000 )
b10010000 1
0*
#1039500
b10101 2
1"
b10101 =
b11001 3
b11001 <
b11100 ;
b10100 :
1*
1&
#1043000
b10010010 @
b10010001 )
b10010001 1
0*
#1045000
b1111 0
b1010 4
b1001000 A
1'
0&
#1046500
1*
#1050000
b10010011 @
b10010010 )
b10010010 1
0*
#1050500
b1110 0
b1110100 !
b1110100 /
b10100 ;
b10101 :
b1111 9
b1011 4
b1010 8
b1110011 C
b101010 -
1&
#1053500
b1111 >
1*
#1056000
b1001001 A
0&
#1057000
b10010100 @
b10010011 )
b10010011 1
0*
#1060500
b1111 ?
1*
#1061500
b1010 0
b1110110 !
b1110110 /
b1110 9
b1100 4
b1011 8
b10101 ;
b1110100 C
b101011 -
1&
#1064000
b10010101 @
b10010100 )
b10010100 1
0*
#1067000
b1110 0
b1011 4
b1001010 A
0'
0&
#1067500
b10111 2
b11010 3
0"
b1110 >
1*
#1071000
b10010110 @
b10010101 )
b10010101 1
0*
#1072500
1&
#1074500
b10111 2
b1110 ?
1"
b10111 =
b11010 3
b11010 <
1*
#1078000
b1010 0
b1100 4
b10010111 @
b10010110 )
b10010110 1
0+
b1001011 A
1'
0*
0&
#1081500
0"
1*
#1083500
b1011 0
b1111000 !
b1111000 /
b1010 9
b1101 4
b1100 8
b10111 :
b1110110 C
b101100 -
1&
#1085000
b10011000 @
b10010111 )
b10010111 1
0*
#1088500
b1010 >
1*
#1089000
b1001100 A
0&
#1092000
b10011001 @
b10011000 )
b10011000 1
0*
#1094500
b1001 0
b1111100 !
b1111100 /
b10111 ;
b1011 9
b1110 4
b1101 8
b1111000 C
b101101 -
1&
#1095500
b1010 ?
b1011 >
1*
#1099000
b10110 2
b11011 3
b10011010 @
b10011001 )
b10011001 1
1+
0*
#1100000
b1011 0
b1101 4
b1001101 A
0'
0&
#1102500
b10010 2
b1011 ?
b10110 =
b11100 3
b11011 <
1*
#1105500
b10110 :
1&
#1106000
b10110 2
b11011 3
b10011011 @
b10011010 )
b10011010 1
0+
0*
#1109500
1*
#1111000
b1001110 A
0&
#1113000
b10011100 @
b10011011 )
b10011011 1
0*
#1116500
b10110 ;
1*
1&
#1120000
b10011101 @
b10011100 )
b10011100 1
0*
#1122000
b1001 0
b1110 4
b1001111 A
1'
0&
#1123500
1*
#1127000
b10011110 @
b10011101 )
b10011101 1
0*
#1127500
b1000 0
b1111111 !
b1111111 /
b1001 9
b1111 4
b1110 8
b1111100 C
b101110 -
1&
#1130500
b1001 >
1*
#1133000
b1010000 A
0&
#1134000
b10011111 @
b10011110 )
b10011110 1
0*
#1137500
b1001 ?
1*
#1138500
b11000 0
b10000011 !
b10000011 /
b1000 9
b10000 4
b1111 8
b1111111 C
b101111 -
1&
#1141000
b10010 2
b11100 3
b10100000 @
b10011111 )
b10011111 1
1+
0*
#1144000
b1010001 A
0&
#1144500
b10011 2
b1000 >
b10010 =
b11101 3
b11100 <
1*
#1148000
b10100001 @
b10100000 )
b10100000 1
0*
#1149500
b11001 0
b10000101 !
b10000101 /
b11000 9
b10001 4
b10000 8
b10010 :
b10000011 C
b110000 -
1&
#1151500
b10001 2
b10011 =
b11110 3
b11101 <
b1000 ?
b11000 >
1*
#1155000
b11000 0
b10000 4
b10100010 @
b10100001 )
b10100001 1
b1010010 A
0'
0*
0&
#1158500
b10000 2
b11000 ?
b10001 =
b11111 3
b11110 <
1*
#1160500
b10010 ;
b10001 :
1&
#1162000
b10001 2
b11110 3
b10100011 @
b10100010 )
b10100010 1
0+
0*
#1165500
1*
#1166000
b1010011 A
0&
#1169000
b10000 2
b11111 3
b10100100 @
b10100011 )
b10100011 1
1+
0*
#1171500
b10001 ;
1&
#1172500
b0 2
b10000 =
b0 3
b11111 <
1*
#1176000
b10000 2
b11111 3
b10100101 @
b10100100 )
b10100100 1
0+
0*
#1177000
b11001 0
b10001 4
b1010100 A
1'
0&
#1179500
1*
#1182500
b11011 0
b10000110 !
b10000110 /
b10000 :
b11001 9
b10010 4
b10001 8
b10000101 C
b110001 -
1&
#1183000
b0 2
b0 3
b10100110 @
b10100101 )
b10100101 1
1+
0*
#1186500
b0 2
b11001 >
1"
b0 =
b0 3
b0 <
1*
#1188000
b1010101 A
0&
#1190000
b10100111 @
b10100110 )
b10100110 1
0+
0*
#1193500
b11010 0
b10001001 !
b10001001 /
b11001 ?
b11011 9
b10011 4
b10010 8
b10000 ;
b0 :
b10000110 C
b110010 -
1*
1&
#1197000
b10101000 @
b10100111 )
b10100111 1
1+
0*
#1199000
b1010110 A
0&
#1200500
b1 2
b1 3
b11011 >
0"
1*
#1204000
b10101001 @
b10101000 )
b10101000 1
0*
#1204500
b11110 0
b10001011 !
b10001011 /
b0 ;
b11010 9
b10100 4
b10011 8
b10001001 C
b110011 -
1&
#1207500
b1 2
1"
b1 =
b1 3
b1 <
b11011 ?
b11010 >
1*
#1210000
b11010 0
b10011 4
b1010111 A
0'
0&
#1211000
b10101010 @
b10101001 )
b10101001 1
0+
0*
#1214500
b11010 ?
0"
1*
#1215500
b1 :
1&
#1218000
b11 2
b10 3
b10101011 @
b10101010 )
b10101010 1
1+
0*
#1221000
b1011000 A
0&
#1221500
b10 2
b11 =
b11 3
b10 <
1*
#1225000
b11 2
b10 3
b10101100 @
b10101011 )
b10101011 1
0+
0*
#1226500
b1 ;
b11 :
1&
#1228500
1*
#1232000
b10 2
b11110 0
b11 3
b10100 4
b10101101 @
b10101100 )
b10101100 1
1+
b1011001 A
1'
0*
0&
#1235500
b10 2
1"
b10 =
b11 3
b11 <
1*
#1237500
b11111 0
b10001100 !
b10001100 /
b11110 9
b10101 4
b10100 8
b11 ;
b10 :
b10001011 C
b110100 -
1&
#1239000
b10101110 @
b10101101 )
b10101101 1
0*
#1242500
b11110 >
1*
#1243000
b1011010 A
0&
#1246000
b10101111 @
b10101110 )
b10101110 1
0*
#1248500
b11101 0
b10001101 !
b10001101 /
b10 ;
b11111 9
b10110 4
b10101 8
b10001100 C
b110101 -
1&
#1249500
b11110 ?
b11111 >
1*
#1253000
b10110000 @
b10101111 )
b10101111 1
0*
#1254000
b11111 0
b10101 4
b1011011 A
0'
0&
#1256500
b110 2
b100 3
b11111 ?
0"
1*
#1259500
1&
#1260000
b10110001 @
b10110000 )
b10110000 1
0*
#1263500
b111 2
b110 =
b101 3
b100 <
1*
#1265000
b1011100 A
0&
#1267000
b10110010 @
b10110001 )
b10110001 1
0*
#1270500
b111 2
1"
b111 =
b101 3
b101 <
b110 :
1*
1&
#1274000
b10110011 @
b10110010 )
b10110010 1
0*
#1276000
b11101 0
b10110 4
b1011101 A
1'
0&
#1277500
1*
#1281000
b10110100 @
b10110011 )
b10110011 1
0+
0*
#1281500
b11100 0
b10001110 !
b10001110 /
b11101 9
b10111 4
b10110 8
b110 ;
b111 :
b10001101 C
b110110 -
1&
#1284500
b11101 >
1*
#1287000
b11101 0
b10110 4
b1011110 A
0'
0&
#1288000
b10110101 @
b10110100 )
b10110100 1
1+
0*
#1291500
b11101 ?
1*
#1292500
b111 ;
1&
#1295000
b10110110 @
b10110101 )
b10110101 1
0*
#1298000
b11100 0
b10111 4
b1011111 A
1'
0&
#1298500
b101 2
b110 3
0"
1*
#1302000
b10110111 @
b10110110 )
b10110110 1
0*
#1303500
b10100 0
b10001111 !
b10001111 /
b11100 9
b11000 4
b10111 8
b10001110 C
b110111 -
1&
#1305500
b101 2
1"
b101 =
b110 3
b110 <
b11100 >
1*
#1309000
b11100 0
b10111 4
b10111000 @
b10110111 )
b10110111 1
b1100000 A
0'
0*
0&
#1312500
b11100 ?
1*
#1314500
b101 :
1&
#1316000
b10111001 @
b10111000 )
b10111000 1
0*
#1319500
b100 2
b111 3
0"
1*
#1320000
b10100 0
b11000 4
b1100001 A
1'
0&
#1323000
b10111010 @
b10111001 )
b10111001 1
0*
#1325500
b10101 0
b10010000 !
b10010000 /
b10100 9
b11001 4
b11000 8
b101 ;
b10001111 C
b111000 -
1&
#1326500
b100 2
b10100 >
1"
b100 =
b111 3
b111 <
1*
#1330000
b10111011 @
b10111010 )
b10111010 1
0*
#1331000
b1100010 A
0&
#1333500
b10100 ?
1*
#1336500
b10111 0
b10010101 !
b10010101 /
b100 :
b10101 9
b11010 4
b11001 8
b10010000 C
b111001 -
1&
#1337000
b10111100 @
b10111011 )
b10111011 1
0*
#1340500
b1100 2
b1000 3
b10101 >
0"
1*
#1342000
b10101 0
b11001 4
b1100011 A
0'
0&
#1344000
b100 2
b111 3
b10111101 @
b10111100 )
b10111100 1
0+
0*
#1347500
b10101 ?
b100 ;
1*
1&
#1351000
b1100 2
b1000 3
b10111110 @
b10111101 )
b10111101 1
1+
0*
#1353000
b1100100 A
0&
#1354500
b1101 2
b1100 =
b1001 3
b1000 <
1*
#1358000
b10111111 @
b10111110 )
b10111110 1
0*
#1358500
b1100 :
1&
#1361500
b1101 2
1"
b1101 =
b1001 3
b1001 <
1*
#1364000
b10111 0
b11010 4
b1100101 A
1'
0&
#1365000
b11000000 @
b10111111 )
b10111111 1
0*
#1368500
1*
#1369500
b10110 0
b10011001 !
b10011001 /
b10111 9
b11011 4
b11010 8
b1100 ;
b1101 :
b10010101 C
b111010 -
1&
#1372000
b11000001 @
b11000000 )
b11000000 1
0*
#1375000
b1100110 A
0&
#1375500
b10111 >
1*
#1379000
b11000010 @
b11000001 )
b11000001 1
0*
#1380500
b10010 0
b10011111 !
b10011111 /
b1101 ;
b10110 9
b11100 4
b11011 8
b10011001 C
b111011 -
1&
#1382500
b10111 ?
b10110 >
1*
#1386000
b11000011 @
b11000010 )
b11000010 1
b1100111 A
0*
0&
#1389500
b1111 2
b1010 3
0"
b10110 ?
1*
#1391500
b10011 0
b10100000 !
b10100000 /
b10010 9
b11101 4
b11100 8
b10011111 C
b111100 -
1&
#1393000
b11000100 @
b11000011 )
b11000011 1
0*
#1396500
b1110 2
b10010 >
b1111 =
b1011 3
b1010 <
1*
#1397000
b1101000 A
0&
#1400000
b11000101 @
b11000100 )
b11000100 1
0*
#1402500
b10001 0
b10100001 !
b10100001 /
b1111 :
b10011 9
b11110 4
b11101 8
b10100000 C
b111101 -
1&
#1403500
b1110 2
1"
b1110 =
b1011 3
b1011 <
b10010 ?
b10011 >
1*
#1407000
b11000110 @
b11000101 )
b11000101 1
0+
0*
#1408000
b10011 0
b11101 4
b1101001 A
0'
0&
#1410500
b10011 ?
0"
1*
#1413500
b1111 ;
b1110 :
1&
#1414000
b1010 2
b1100 3
b11000111 @
b11000110 )
b11000110 1
1+
0*
#1417500
b1011 2
b1010 =
b1101 3
b1100 <
1*
#1419000
b1101010 A
0&
#1421000
b11001000 @
b11000111 )
b11000111 1
0*
#1424500
b1011 2
1"
b1011 =
b1101 3
b1101 <
b1110 ;
b1010 :
1*
1&
#1428000
b11001001 @
b11001000 )
b11001000 1
0*
#1430000
b10001 0
b11110 4
b1101011 A
1'
0&
#1431500
1*
#1435000
b11001010 @
b11001001 )
b11001001 1
0*
#1435500
b10000 0
b10100011 !
b10100011 /
b10001 9
b11111 4
b11110 8
b1010 ;
b1011 :
b10100001 C
b111110 -
1&
#1438500
b10001 >
1*
#1441000
b10001 0
b11110 4
b1101100 A
0'
0&
#1442000
b11001011 @
b11001010 )
b11001010 1
0+
0*
#1445500
b10001 ?
1*
#1446500
b1011 ;
1&
#1449000
b11001100 @
b11001011 )
b11001011 1
1+
0*
#1452000
b10000 0
b11111 4
b1101101 A
1'
0&
#1452500
b1001 2
b1110 3
0"
1*
#1456000
b11001101 @
b11001100 )
b11001100 1
0*
#1457500
b0 0
b10100101 !
b10100101 /
b10000 9
b0 4
b11111 8
b10100011 C
b111111 -
1&
#1459500
b1001 2
1"
b1001 =
b1110 3
b1110 <
b10000 >
1*
#1463000
b10000 0
b11111 4
b11001110 @
b11001101 )
b11001101 1
b1101110 A
0'
0*
0&
#1466500
b10000 ?
1*
#1468500
b1001 :
1&
#1470000
b11001111 @
b11001110 )
b11001110 1
0+
0*
#1473500
0"
1*
#1474000
b0 0
b0 4
b1101111 A
1'
0&
#1477000
b1000 2
b1111 3
b11010000 @
b11001111 )
b11001111 1
1+
0*
#1479500
b1 0
b10101000 !
b10101000 /
b0 9
b1 4
b0 8
b1001 ;
b10100101 C
b1000000 -
1&
#1480500
b1000 2
b0 >
1"
b1000 =
b1111 3
b1111 <
1*
#1484000
b11010001 @
b11010000 )
b11010000 1
0*
#1485000
b1110000 A
0&
#1487500
b0 ?
1*
#1490500
b11 0
b10101010 !
b10101010 /
b1000 :
b1 9
b10 4
b1 8
b10101000 C
b1000001 -
1&
#1491000
b11010010 @
b11010001 )
b11010001 1
0*
#1494500
b11000 2
b10000 3
b1 >
0"
1*
#1496000
b1 0
b1 4
b1110001 A
0'
0&
#1498000
b1000 2
b1111 3
b11010011 @
b11010010 )
b11010010 1
0+
0*
#1501500
b1 ?
b1000 ;
1*
1&
#1505000
b11000 2
b10000 3
b11010100 @
b11010011 )
b11010011 1
1+
0*
#1507000
b1110010 A
0&
#1508500
b11001 2
b11000 =
b10001 3
b10000 <
1*
#1512000
b11010101 @
b11010100 )
b11010100 1
0*
#1512500
b11000 :
1&
#1515500
b11001 2
1"
b11001 =
b10001 3
b10001 <
1*
#1518000
b1110011 A
0&
#1519000
b11010110 @
b11010101 )
b11010101 1
0*
#1522500
1*
#1523500
b11000 ;
b11001 :
1&
#1526000
b11010111 @
b11010110 )
b11010110 1
0+
0*
#1529000
b1110100 A
0&
#1529500
1*
#1533000
b11011000 @
b11010111 )
b11010111 1
1+
0*
#1534500
b11001 ;
1&
#1536500
1*
#1540000
b11 0
b10 4
b11011001 @
b11011000 )
b11011000 1
b1110101 A
1'
0*
0&
#1543500
1*
#1545500
b10 0
b10101100 !
b10101100 /
b11 9
b11 4
b10 8
b10101010 C
b1000010 -
1&
#1547000
b11011010 @
b11011001 )
b11011001 1
0*
#1550500
b11 >
1*
#1551000
b11 0
b10 4
b1110110 A
0'
0&
#1554000
b11011011 @
b11011010 )
b11011010 1
0*
#1556500
1&
#1557500
b11 ?
1*
#1561000
b11011100 @
b11011011 )
b11011011 1
0*
#1562000
b10 0
b11 4
b1110111 A
1'
0&
#1564500
b11011 2
b10010 3
0"
1*
#1567500
b110 0
b10110000 !
b10110000 /
b10 9
b100 4
b11 8
b10101100 C
b1000011 -
1&
#1568000
b11011101 @
b11011100 )
b11011100 1
0*
#1571500
b11011 2
1"
b11011 =
b10010 3
b10010 <
b10 >
1*
#1573000
b10 0
b11 4
b1111000 A
0'
0&
#1575000
b11011110 @
b11011101 )
b11011101 1
0*
#1578500
b10 ?
b11011 :
1*
1&
#1582000
b11011111 @
b11011110 )
b11011110 1
0*
#1584000
b1111001 A
0&
#1585500
b11010 2
b10011 3
0"
1*
#1589000
b11100000 @
b11011111 )
b11011111 1
0*
#1589500
b11011 ;
1&
#1592500
b11010 2
1"
b11010 =
b10011 3
b10011 <
1*
#1595000
b110 0
b100 4
b1111010 A
1'
0&
#1596000
b11100001 @
b11100000 )
b11100000 1
0*
#1599500
1*
#1600500
b111 0
b10110001 !
b10110001 /
b11010 :
b110 9
b101 4
b100 8
b10110000 C
b1000100 -
1&
#1603000
b11100010 @
b11100001 )
b11100001 1
0*
#1606000
b1111011 A
0&
#1606500
b110 >
1*
#1610000
b11100011 @
b11100010 )
b11100010 1
0*
#1611500
b101 0
b10110110 !
b10110110 /
b111 9
b110 4
b101 8
b11010 ;
b10110001 C
b1000101 -
1&
#1613500
b110 ?
b111 >
1*
#1617000
b11100100 @
b11100011 )
b11100011 1
0+
b1111100 A
0*
0&
#1620500
b111 ?
0"
1*
#1622500
b100 0
b10111001 !
b10111001 /
b101 9
b111 4
b110 8
b10110110 C
b1000110 -
1&
#1624000
b11110 2
b10100 3
b11100101 @
b11100100 )
b11100100 1
1+
0*
#1627500
b11111 2
b11110 =
b10101 3
b10100 <
b101 >
1*
#1628000
b1111101 A
0&
#1631000
b11100110 @
b11100101 )
b11100101 1
0*
#1633500
b1100 0
b10111101 !
b10111101 /
b100 9
b1000 4
b111 8
b11110 :
b10111001 C
b1000111 -
1&
#1634500
b11111 2
b101 ?
b100 >
1"
b11111 =
b10101 3
b10101 <
1*
#1638000
b11100111 @
b11100110 )
b11100110 1
0*
#1639000
b1111110 A
0&
#1641500
b11101 2
b10110 3
0"
b100 ?
1*
#1644500
b1101 0
b10111110 !
b10111110 /
b11110 ;
b11111 :
b1100 9
b1001 4
b1000 8
b10111101 C
b1001000 -
1&
#1645000
b11101000 @
b11100111 )
b11100111 1
0*
#1648500
b11100 2
b1100 >
b11101 =
b10111 3
b10110 <
1*
#1650000
b1100 0
b1000 4
b1111111 A
0'
0&
#1652000
b11101001 @
b11101000 )
b11101000 1
0*
#1655500
b11100 2
1"
b11100 =
b10111 3
b10111 <
b1100 ?
b11111 ;
b11101 :
1*
1&
#1659000
b11101010 @
b11101001 )
b11101001 1
0+
0*
#1661000
b1101 0
b1001 4
b10000000 A
1'
0&
#1662500
0"
1*
#1666000
b10100 2
b11000 3
b11101011 @
b11101010 )
b11101010 1
1+
0*
#1666500
b1111 0
b11000011 !
b11000011 /
b11101 ;
b11100 :
b1101 9
b1010 4
b1001 8
b10111110 C
b1001001 -
1&
#1669500
b10100 2
1"
b10100 =
b11000 3
b11000 <
b1101 >
1*
#1672000
b10000001 A
0&
#1673000
b11101100 @
b11101011 )
b11101011 1
0*
#1676500
b1101 ?
1*
#1677500
b1110 0
b11000100 !
b11000100 /
b1111 9
b1011 4
b1010 8
b11100 ;
b10100 :
b11000011 C
b1001010 -
1&
#1680000
b11101101 @
b11101100 )
b11101100 1
0*
#1683000
b10000010 A
0&
#1683500
b10101 2
b11001 3
0"
b1111 >
1*
#1687000
b10100 2
b11000 3
b11101110 @
b11101101 )
b11101101 1
0+
0*
#1688500
b1010 0
b11000110 !
b11000110 /
b10100 ;
b1110 9
b1100 4
b1011 8
b11000100 C
b1001011 -
1&
#1690500
b1111 ?
b1110 >
1*
#1694000
b11101111 @
b11101110 )
b11101110 1
b10000011 A
0*
0&
#1697500
b1110 ?
1*
#1699500
b1011 0
b11000111 !
b11000111 /
b1010 9
b1101 4
b1100 8
b11000110 C
b1001100 -
1&
#1701000
b10101 2
b11001 3
b11110000 @
b11101111 )
b11101111 1
1+
0*
#1704500
b10111 2
b1010 >
b10101 =
b11010 3
b11001 <
1*
#1705000
b1010 0
b1100 4
b10000100 A
0'
0&
#1708000
b11110001 @
b11110000 )
b11110000 1
0*
#1710500
b10101 :
1&
#1711500
b10110 2
b10111 =
b11011 3
b11010 <
b1010 ?
1*
#1715000
b11110010 @
b11110001 )
b11110001 1
0*
#1716000
b1011 0
b1101 4
b10000101 A
1'
0&
#1718500
b10010 2
b10110 =
b11100 3
b11011 <
1*
#1721500
b1001 0
b11001100 !
b11001100 /
b1011 9
b1110 4
b1101 8
b10101 ;
b10110 :
b11000111 C
b1001101 -
1&
#1722000
b11110011 @
b11110010 )
b11110010 1
0*
#1725500
b10010 2
1"
b10010 =
b11100 3
b11100 <
b1011 >
1*
#1727000
b1011 0
b1101 4
b10000110 A
0'
0&
#1729000
b11110100 @
b11110011 )
b11110011 1
0+
0*
#1732500
b1011 ?
b10110 ;
b10010 :
1*
1&
#1736000
b11110101 @
b11110100 )
b11110100 1
0*
#1738000
b1001 0
b1110 4
b10000111 A
1'
0&
#1739500
0"
1*
#1743000
b11110110 @
b11110101 )
b11110101 1
0*
#1743500
b1000 0
b11001111 !
b11001111 /
b1001 9
b1111 4
b1110 8
b10010 ;
b11001100 C
b1001110 -
1&
#1746500
b1001 >
1*
#1749000
b1001 0
b1110 4
b10001000 A
0'
0&
#1750000
b10011 2
b11101 3
b11110111 @
b11110110 )
b11110110 1
1+
0*
#1753500
b10011 2
1"
b10011 =
b11101 3
b11101 <
b1001 ?
1*
#1754500
b10011 :
1&
#1757000
b11111000 @
b11110111 )
b11110111 1
0+
0*
#1760000
b1000 0
b1111 4
b10001001 A
1'
0&
#1760500
0"
1*
#1764000
b11111001 @
b11111000 )
b11111000 1
0*
#1765500
b11000 0
b11010011 !
b11010011 /
b1000 9
b10000 4
b1111 8
b10011 ;
b11001111 C
b1001111 -
1&
#1767500
b1000 >
1*
#1771000
b10001 2
b1000 0
b11110 3
b1111 4
b11111010 @
b11111001 )
b11111001 1
1+
b10001010 A
0'
0*
0&
#1774500
b10001 2
b1000 ?
1"
b10001 =
b11110 3
b11110 <
1*
#1776500
b10001 :
1&
#1778000
b11111011 @
b11111010 )
b11111010 1
0+
0*
#1781500
0"
1*
#1782000
b11000 0
b10000 4
b10001011 A
1'
0&
#1785000
b11111100 @
b11111011 )
b11111011 1
0*
#1787500
b11001 0
b11010100 !
b11010100 /
b11000 9
b10001 4
b10000 8
b10001 ;
b11010011 C
b1010000 -
1&
#1788500
b11000 >
1*
#1792000
b10000 2
b11111 3
b11111101 @
b11111100 )
b11111100 1
1+
0*
#1793000
b10001100 A
0&
#1795500
b10000 2
1"
b10000 =
b11111 3
b11111 <
b11000 ?
1*
#1798500
b11011 0
b11011100 !
b11011100 /
b10000 :
b11001 9
b10010 4
b10001 8
b11010100 C
b1010001 -
1&
#1799000
b11111110 @
b11111101 )
b11111101 1
0*
#1802500
b0 2
b0 3
b11001 >
0"
1*
#1804000
b10001101 A
0&
#1806000
b11111111 @
b11111110 )
b11111110 1
0*
#1809500
b0 2
b11010 0
b11011111 !
b11011111 /
1"
b0 =
b0 3
b0 <
b11001 ?
b11011 9
b10011 4
b10010 8
b10000 ;
b11011100 C
b1010010 -
1*
1&
#1813000
b100000000 @
b11111111 )
b11111111 1
0*
#1815000
b10001110 A
0&
#1816500
b1 2
b1 3
b11011 >
0"
1*
#1820000
b100000001 @
b0 )
b0 1
0*
#1820500
b11110 0
b11100100 !
b11100100 /
b0 :
b11010 9
b10100 4
b10011 8
b11011111 C
b1010011 -
1&
#1823500
b1 2
1"
b1 =
b1 3
b1 <
b11011 ?
b11010 >
1*
#1826000
b11010 0
b10011 4
b10001111 A
0'
0&
#1827000
b100000010 @
b1 )
b1 1
0*
#1830500
b11 2
b10 3
b11010 ?
0"
1*
#1831500
b0 ;
b1 :
1&
#1834000
b100000011 @
b10 )
b10 1
0*
#1837000
b10010000 A
0&
#1837500
b10 2
b11 =
b11 3
b10 <
1*
#1841000
b100000100 @
b11 )
b11 1
0*
#1842500
b1 ;
b11 :
1&
#1844500
b10 2
1"
b10 =
b11 3
b11 <
1*
#1848000
b11110 0
b10100 4
b100000101 @
b100 )
b100 1
0+
b10010001 A
1'
0*
0&
#1851500
1*
#1853500
b11111 0
b11100101 !
b11100101 /
b11110 9
b10101 4
b10100 8
b11 ;
b10 :
b11100100 C
b1010100 -
1&
#1855000
b100000110 @
b101 )
b101 1
1+
0*
#1858500
b11110 >
1*
#1859000
b11110 0
b10100 4
b10010010 A
0'
0&
#1862000
b100000111 @
b110 )
b110 1
0*
#1864500
b10 ;
1&
#1865500
b11110 ?
1*
#1869000
b100001000 @
b111 )
b111 1
0*
#1870000
b11111 0
b10101 4
b10010011 A
1'
0&
#1872500
b110 2
b100 3
0"
1*
#1875500
b11101 0
b11100111 !
b11100111 /
b11111 9
b10110 4
b10101 8
b11100101 C
b1010101 -
1&
#1876000
b10 2
b11 3
b100001001 @
b1000 )
b1000 1
0+
0*
#1879500
b11111 >
1*
#1881000
b10010100 A
0&
#1883000
b100001010 @
b1001 )
b1001 1
0*
#1886500
b11100 0
b11101000 !
b11101000 /
b11111 ?
b11101 9
b10111 4
b10110 8
b11100111 C
b1010110 -
1*
1&
#1890000
b100001011 @
b1010 )
b1010 1
0*
#1892000
b10010101 A
0&
#1893500
b11101 >
1*
#1897000
b100001100 @
b1011 )
b1011 1
0*
#1897500
b10100 0
b11101010 !
b11101010 /
b11100 9
b11000 4
b10111 8
b11101000 C
b1010111 -
1&
#1900500
b11101 ?
b11100 >
1*
#1903000
b11100 0
b10111 4
b10010110 A
0'
0&
#1904000
b110 2
b100 3
b100001101 @
b1100 )
b1100 1
1+
0*
#1907500
b111 2
b110 =
b101 3
b100 <
b11100 ?
1*
#1908500
b110 :
1&
#1911000
b100001110 @
b1101 )
b1101 1
0*
#1914000
b10100 0
b11000 4
b10010111 A
1'
0&
#1914500
b101 2
b111 =
b110 3
b101 <
1*
#1918000
b111 2
b101 3
b100001111 @
b1110 )
b1110 1
0+
0*
#1919500
b10101 0
b11101111 !
b11101111 /
b10100 9
b11001 4
b11000 8
b110 ;
b111 :
b11101010 C
b1011000 -
1&
#1921500
b10100 >
1*
#1925000
b10100 0
b11000 4
b100010000 @
b1111 )
b1111 1
b10011000 A
0'
0*
0&
#1928500
b10100 ?
1*
#1930500
b111 ;
1&
#1932000
b100010001 @
b10000 )
b10000 1
0*
#1935500
1*
#1936000
b10011001 A
0&
#1939000
b101 2
b110 3
b100010010 @
b10001 )
b10001 1
1+
0*
#1941500
1&
#1942500
b100 2
b101 =
b111 3
b110 <
1*
#1946000
b100010011 @
b10010 )
b10010 1
0*
#1947000
b10101 0
b11001 4
b10011010 A
1'
0&
#1949500
b1100 2
b100 =
b1000 3
b111 <
1*
#1952500
b10111 0
b11110000 !
b11110000 /
b100 :
b10101 9
b11010 4
b11001 8
b11101111 C
b1011001 -
1&
#1953000
b100 2
b111 3
b100010100 @
b10011 )
b10011 1
0+
0*
#1956500
b10101 >
1*
#1958000
b10101 0
b11001 4
b10011011 A
0'
0&
#1960000
b1100 2
b1000 3
b100010101 @
b10100 )
b10100 1
1+
0*
#1963500
b1100 2
1"
b1100 =
b1000 3
b1000 <
b10101 ?
b100 ;
1*
1&
#1967000
b100010110 @
b10101 )
b10101 1
0*
#1969000
b10111 0
b11010 4
b10011100 A
1'
0&
#1970500
b1101 2
b1001 3
0"
1*
#1974000
b100010111 @
b10110 )
b10110 1
0*
#1974500
b10110 0
b11110001 !
b11110001 /
b1100 :
b10111 9
b11011 4
b11010 8
b11110000 C
b1011010 -
1&
#1977500
b1101 2
1"
b1101 =
b1001 3
b1001 <
b10111 >
1*
#1980000
b10111 0
b11010 4
b10011101 A
0'
0&
#1981000
b100011000 @
b10111 )
b10111 1
0*
#1984500
b10111 ?
1*
#1985500
b1100 ;
b1101 :
1&
#1988000
b100011001 @
b11000 )
b11000 1
0*
#1991000
b10110 0
b11011 4
b10011110 A
1'
0&
#1991500
b1111 2
b1010 3
0"
1*
#1995000
b100011010 @
b11001 )
b11001 1
0*
#1996500
b10010 0
b11110010 !
b11110010 /
b1101 ;
b10110 9
b11100 4
b11011 8
b11110001 C
b1011011 -
1&
#1998500
b1111 2
b10110 >
1"
b1111 =
b1010 3
b1010 <
1*
#2002000
b10110 0
b11011 4
b100011011 @
b11010 )
b11010 1
b10011111 A
0'
0*
0&
#2005500
b10110 ?
1*
#2007500
b1111 :
1&
#2009000
b100011100 @
b11011 )
b11011 1
0*
#2012500
b1110 2
b1011 3
0"
1*
#2013000
b10100000 A
0&
#2016000
b1111 2
b1010 3
b100011101 @
b11100 )
b11100 1
0+
0*
#2018500
b1111 ;
1&
#2019500
1*
#2023000
b100011110 @
b11101 )
b11101 1
0*
#2024000
b10100001 A
0&
#2026500
1*
#2029500
1&
#2030000
b1110 2
b1011 3
b100011111 @
b11110 )
b11110 1
1+
0*
#2033500
b1110 2
1"
b1110 =
b1011 3
b1011 <
1*
#2035000
b10010 0
b11100 4
b10100010 A
1'
0&
#2037000
b100100000 @
b11111 )
b11111 1
0*
#2040500
b10011 0
b11110110 !
b11110110 /
b1110 :
b10010 9
b11101 4
b11100 8
b11110010 C
b1011100 -
1*
1&
#2044000
b100100001 @
b100000 )
b100000 1
0*
#2046000
b10010 0
b11100 4
b10100011 A
0'
0&
#2047500
b10010 >
1*
#2051000
b100100010 @
b100001 )
b100001 1
0+
0*
#2051500
b1110 ;
1&
#2054500
b10010 ?
1*
#2057000
b10100100 A
0&
#2058000
b100100011 @
b100010 )
b100010 1
0*
#2061500
0"
1*
#2062500
1&
#2065000
b1010 2
b1100 3
b100100100 @
b100011 )
b100011 1
1+
0*
#2068000
b10011 0
b11101 4
b10100101 A
1'
0&
#2068500
b1010 2
1"
b1010 =
b1100 3
b1100 <
1*
#2072000
b100100101 @
b100100 )
b100100 1
0+
0*
#2073500
b10001 0
b11111001 !
b11111001 /
b10011 9
b11110 4
b11101 8
b1010 :
b11110110 C
b1011101 -
1&
#2075500
b10011 >
1*
#2079000
b10011 0
b11101 4
b100100110 @
b100101 )
b100101 1
1+
b10100110 A
0'
0*
0&
#2082500
b10011 ?
1*
#2084500
b1010 ;
1&
#2086000
b100100111 @
b100110 )
b100110 1
0+
0*
#2089500
0"
1*
#2090000
b10001 0
b11110 4
b10100111 A
1'
0&
#2093000
b100101000 @
b100111 )
b100111 1
0*
#2095500
b10000 0
b11111100 !
b11111100 /
b10001 9
b11111 4
b11110 8
b11111001 C
b1011110 -
1&
#2096500
b10001 >
1*
#2100000
b1011 2
b1101 3
b100101001 @
b101000 )
b101000 1
1+
0*
#2101000
b10101000 A
0&
#2103500
b1011 2
1"
b1011 =
b1101 3
b1101 <
b10001 ?
1*
#2106500
b0 0
b11111110 !
b11111110 /
b1011 :
b10000 9
b0 4
b11111 8
b11111100 C
b1011111 -
1&
#2107000
b100101010 @
b101001 )
b101001 1
0*
#2110500
b1001 2
b1110 3
b10000 >
0"
1*
#2112000
b10000 0
b11111 4
b10101001 A
0'
0&
#2114000
b1011 2
b1101 3
b100101011 @
b101010 )
b101010 1
0+
0*
#2117500
b10000 ?
b1011 ;
1*
1&
#2121000
b100101100 @
b101011 )
b101011 1
0*
#2123000
b0 0
b0 4
b10101010 A
1'
0&
#2124500
1*
#2128000
b100101101 @
b101100 )
b101100 1
0*
#2128500
b1 0
b0 !
b0 /
b0 9
b1 4
b0 8
b11111110 C
b1100000 -
1&
#2131500
b0 >
1*
#2134000
b0 0
b0 4
b10101011 A
0'
0&
#2135000
b100101110 @
b101101 )
b101101 1
0*
#2138500
b0 ?
1*
#2139500
1&
#2142000
b1001 2
b1110 3
b100101111 @
b101110 )
b101110 1
1+
0*
#2145000
b10101100 A
0&
#2145500
b1000 2
b1001 =
b1111 3
b1110 <
1*
#2149000
b100110000 @
b101111 )
b101111 1
0*
#2150500
b1001 :
1&
#2152500
b11000 2
b1000 =
b10000 3
b1111 <
1*
#2156000
b100110001 @
b110000 )
b110000 1
b10101101 A
0*
0&
#2159500
b11000 2
1"
b11000 =
b10000 3
b10000 <
1*
#2161500
b1001 ;
b11000 :
1&
#2163000
b100110010 @
b110001 )
b110001 1
0*
#2166500
1*
#2167000
b1 0
b1 4
b10101110 A
1'
0&
#2170000
b100110011 @
b110010 )
b110010 1
0*
#2172500
b11 0
b10 !
b10 /
b11000 ;
b1 9
b10 4
b1 8
b0 C
b1100001 -
1&
#2173500
b1 >
1*
#2177000
b100110100 @
b110011 )
b110011 1
0+
0*
#2178000
b10101111 A
0&
#2180500
b1 ?
1*
#2183500
b10 0
b11 !
b11 /
b11 9
b11 4
b10 8
b10 C
b1100010 -
1&
#2184000
b100110101 @
b110100 )
b110100 1
0*
#2187500
0"
b11 >
1*
#2189000
b10110000 A
0&
#2191000
b11001 2
b10001 3
b100110110 @
b110101 )
b110101 1
1+
0*
#2194500
b11001 2
b110 0
b1100 !
b1100 /
b11 ?
1"
b11001 =
b10001 3
b10001 <
b10 9
b100 4
b11 8
b11 C
b1100011 -
1*
1&
#2198000
b100110111 @
b110110 )
b110110 1
0+
0*
#2200000
b10110001 A
0&
#2201500
0"
b10 >
1*
#2205000
b11011 2
b10010 3
b100111000 @
b110111 )
b110111 1
1+
0*
#2205500
b111 0
b1101 !
b1101 /
b110 9
b101 4
b100 8
b11001 :
b1100 C
b1100100 -
1&
#2208500
b11011 2
b10 ?
b110 >
1"
b11011 =
b10010 3
b10010 <
1*
#2211000
b110 0
b100 4
b10110010 A
0'
0&
#2212000
b100111001 @
b111000 )
b111000 1
0*
#2215500
b11010 2
b10011 3
0"
b110 ?
1*
#2216500
b11001 ;
b11011 :
1&
#2219000
b100111010 @
b111001 )
b111001 1
0*
#2222000
b10110011 A
0&
#2222500
b11110 2
b11010 =
b10100 3
b10011 <
1*
#2226000
b100111011 @
b111010 )
b111010 1
0*
#2227500
b11011 ;
b11010 :
1&
#2229500
b11110 2
1"
b11110 =
b10100 3
b10100 <
1*
#2233000
b111 0
b101 4
b100111100 @
b111011 )
b111011 1
b10110100 A
1'
0*
0&
#2236500
1*
#2238500
b101 0
b10001 !
b10001 /
b11010 ;
b11110 :
b111 9
b110 4
b101 8
b1101 C
b1100101 -
1&
#2240000
b100111101 @
b111100 )
b111100 1
0+
0*
#2243500
b111 >
1*
#2244000
b111 0
b101 4
b10110101 A
0'
0&
#2247000
b100111110 @
b111101 )
b111101 1
0*
#2249500
b11110 ;
1&
#2250500
b111 ?
1*
#2254000
b100111111 @
b111110 )
b111110 1
0*
#2255000
b10110110 A
0&
#2257500
0"
1*
#2260500
1&
#2261000
b11111 2
b10101 3
b101000000 @
b111111 )
b111111 1
1+
0*
#2264500
b11111 2
1"
b11111 =
b10101 3
b10101 <
1*
#2266000
b101 0
b110 4
b10110111 A
1'
0&
#2268000
b101000001 @
b1000000 )
b1000000 1
0*
#2271500
b100 0
b10010 !
b10010 /
b101 9
b111 4
b110 8
b11111 :
b10001 C
b1100110 -
1*
1&
#2275000
b101000010 @
b1000001 )
b1000001 1
0*
#2277000
b101 0
b110 4
b10111000 A
0'
0&
#2278500
b101 >
1*
#2282000
b101000011 @
b1000010 )
b1000010 1
0*
#2282500
b11111 ;
1&
#2285500
b101 ?
1*
#2288000
b10111001 A
0&
#2289000
b101000100 @
b1000011 )
b1000011 1
0*
#2292500
b11101 2
b10110 3
0"
1*
#2293500
1&
#2296000
b11111 2
b10101 3
b101000101 @
b1000100 )
b1000100 1
0+
0*
#2299000
b100 0
b111 4
b10111010 A
1'
0&
#2299500
1*
#2303000
b11101 2
b10110 3
b101000110 @
b1000101 )
b1000101 1
1+
0*
#2304500
b1100 0
b10100 !
b10100 /
b100 9
b1000 4
b111 8
b10010 C
b1100111 -
1&
#2306500
b11101 2
b100 >
1"
b11101 =
b10110 3
b10110 <
1*
#2310000
b100 0
b111 4
b101000111 @
b1000110 )
b1000110 1
0+
b10111011 A
0'
0*
0&
#2313500
b100 ?
1*
#2315500
b11101 :
1&
#2317000
b101001000 @
b1000111 )
b1000111 1
1+
0*
#2320500
b11100 2
b10111 3
0"
1*
#2321000
b1100 0
b1000 4
b10111100 A
1'
0&
#2324000
b101001001 @
b1001000 )
b1001000 1
0*
#2326500
b1101 0
b10110 !
b10110 /
b11101 ;
b1100 9
b1001 4
b1000 8
b10100 C
b1101000 -
1&
#2327500
b11100 2
1"
b11100 =
b10111 3
b10111 <
b1100 >
1*
#2331000
b101001010 @
b1001001 )
b1001001 1
0*
#2332000
b10111101 A
0&
#2334500
b1100 ?
1*
#2337500
b1111 0
b11001 !
b11001 /
b1101 9
b1010 4
b1001 8
b11100 :
b10110 C
b1101001 -
1&
#2338000
b101001011 @
b1001010 )
b1001010 1
0*
#2341500
b10100 2
b11000 3
0"
b1101 >
1*
#2343000
b10111110 A
0&
#2345000
b101001100 @
b1001011 )
b1001011 1
0*
#2348500
b10100 2
b1110 0
b11110 !
b11110 /
b1101 ?
1"
b10100 =
b11000 3
b11000 <
b11100 ;
b1111 9
b1011 4
b1010 8
b11001 C
b1101010 -
1*
1&
#2352000
b101001101 @
b1001100 )
b1001100 1
0*
#2354000
b10111111 A
0&
#2355500
b10101 2
b11001 3
0"
b1111 >
1*
#2359000
b101001110 @
b1001101 )
b1001101 1
0*
#2359500
b1010 0
b100011 !
b100011 /
b1110 9
b1100 4
b1011 8
b10100 :
b11110 C
b1101011 -
1&
#2362500
b10101 2
b1111 ?
b1110 >
1"
b10101 =
b11001 3
b11001 <
1*
#2365000
b11000000 A
0&
#2366000
b101001111 @
b1001110 )
b1001110 1
0*
#2369500
b10111 2
b11010 3
0"
b1110 ?
1*
#2370500
b1011 0
b101000 !
b101000 /
b10100 ;
b10101 :
b1010 9
b1101 4
b1100 8
b100011 C
b1101100 -
1&
#2373000
b10101 2
b11001 3
b101010000 @
b1001111 )
b1001111 1
0+
0*
#2376000
b1010 0
b1100 4
b11000001 A
0'
0&
#2376500
b1010 >
1*
#2380000
b10111 2
b11010 3
b101010001 @
b1010000 )
b1010000 1
1+
0*
#2381500
b10101 ;
1&
#2383500
b10110 2
b10111 =
b11011 3
b11010 <
b1010 ?
1*
#2387000
b10111 2
b1011 0
b11010 3
b1101 4
b101010010 @
b1010001 )
b1010001 1
0+
b11000010 A
1'
0*
0&
#2390500
1*
#2392500
b1001 0
b101110 !
b101110 /
b10111 :
b1011 9
b1110 4
b1101 8
b101000 C
b1101101 -
1&
#2394000
b10110 2
b11011 3
b101010011 @
b1010010 )
b1010010 1
1+
0*
#2397500
b10010 2
b10110 =
b11100 3
b11011 <
b1011 >
1*
#2398000
b11000011 A
0&
#2401000
b10110 2
b11011 3
b101010100 @
b1010011 )
b1010011 1
0+
0*
#2403500
b1000 0
b101111 !
b101111 /
b1001 9
b1111 4
b1110 8
b10111 ;
b10110 :
b101110 C
b1101110 -
1&
#2404500
b1011 ?
b1001 >
1*
#2408000
b10010 2
b11100 3
b101010101 @
b1010100 )
b1010100 1
1+
0*
#2409000
b11000100 A
0&
#2411500
b10011 2
b10010 =
b11101 3
b11100 <
b1001 ?
1*
#2414500
b11000 0
b110000 !
b110000 /
b10110 ;
b10010 :
b1000 9
b10000 4
b1111 8
b101111 C
b1101111 -
1&
#2415000
b10010 2
b11100 3
b101010110 @
b1010101 )
b1010101 1
0+
0*
#2418500
b1000 >
1*
#2420000
b11000101 A
0&
#2422000
b101010111 @
b1010110 )
b1010110 1
0*
#2425500
b11001 0
b110101 !
b110101 /
b1000 ?
b11000 9
b10001 4
b10000 8
b10010 ;
b110000 C
b1110000 -
1*
1&
#2429000
b10011 2
b11101 3
b101011000 @
b1010111 )
b1010111 1
1+
0*
#2431000
b11000110 A
0&
#2432500
b10001 2
b11000 >
b10011 =
b11110 3
b11101 <
1*
#2436000
b101011001 @
b1011000 )
b1011000 1
0*
#2436500
b11011 0
b110111 !
b110111 /
b10011 :
b11001 9
b10010 4
b10001 8
b110101 C
b1110001 -
1&
#2439500
b10000 2
b10001 =
b11111 3
b11110 <
b11000 ?
b11001 >
1*
#2442000
b11000111 A
0&
#2443000
b10001 2
b11110 3
b101011010 @
b1011001 )
b1011001 1
0+
0*
#2446500
b11001 ?
1*
#2447500
b11010 0
b111001 !
b111001 /
b11011 9
b10011 4
b10010 8
b10011 ;
b10001 :
b110111 C
b1110010 -
1&
#2450000
b10000 2
b11111 3
b101011011 @
b1011010 )
b1011010 1
1+
0*
#2453000
b11001000 A
0&
#2453500
b0 2
b10000 =
b0 3
b11111 <
b11011 >
1*
#2457000
b10000 2
b11111 3
b101011100 @
b1011011 )
b1011011 1
0+
0*
#2458500
b11110 0
b111010 !
b111010 /
b10001 ;
b10000 :
b11010 9
b10100 4
b10011 8
b111001 C
b1110011 -
1&
#2460500
b11011 ?
b11010 >
1*
#2464000
b0 2
b11010 0
b0 3
b10011 4
b101011101 @
b1011100 )
b1011100 1
1+
b11001001 A
0'
0*
0&
#2467500
b1 2
b0 =
b1 3
b0 <
b11010 ?
1*
#2469500
b10000 ;
b0 :
1&
#2471000
b101011110 @
b1011101 )
b1011101 1
0*
#2474500
b11 2
b1 =
b10 3
b1 <
1*
#2475000
b11110 0
b10100 4
b11001010 A
1'
0&
#2478000
b101011111 @
b1011110 )
b1011110 1
0*
#2480500
b11111 0
b111111 !
b111111 /
b0 ;
b1 :
b11110 9
b10101 4
b10100 8
b111010 C
b1110100 -
1&
#2481500
b10 2
b11 =
b11 3
b10 <
b11110 >
1*
#2485000
b101100000 @
b1011111 )
b1011111 1
0*
#2486000
b11110 0
b10100 4
b11001011 A
0'
0&
#2488500
b10 2
b11110 ?
1"
b10 =
b11 3
b11 <
1*
#2491500
b1 ;
b10 :
1&
#2492000
b101100001 @
b1100000 )
b1100000 1
0*
#2495500
b110 2
b100 3
0"
1*
#2497000
b11001100 A
0&
#2499000
b101100010 @
b1100001 )
b1100001 1
0*
#2502500
b110 2
1"
b110 =
b100 3
b100 <
b10 ;
1*
1&
#2506000
b101100011 @
b1100010 )
b1100010 1
0+
0*
#2508000
b11111 0
b10101 4
b11001101 A
1'
0&
#2509500
1*
#2513000
b101100100 @
b1100011 )
b1100011 1
1+
0*
#2513500
b11101 0
b1000101 !
b1000101 /
b11111 9
b10110 4
b10101 8
b110 :
b111111 C
b1110101 -
1&
#2516500
b11111 >
1*
#2519000
b11001110 A
0&
#2520000
b101100101 @
b1100100 )
b1100100 1
0*
#2523500
b11111 ?
1*
#2524500
b11100 0
b1001000 !
b1001000 /
b110 ;
b11101 9
b10111 4
b10110 8
b1000101 C
b1110110 -
1&
#2527000
b101100110 @
b1100101 )
b1100101 1
0*
#2530000
b11001111 A
0&
#2530500
b111 2
b101 3
b11101 >
0"
1*
#2534000
b101100111 @
b1100110 )
b1100110 1
0*
#2535500
b10100 0
b1001011 !
b1001011 /
b11100 9
b11000 4
b10111 8
b1001000 C
b1110111 -
1&
#2537500
b111 2
1"
b111 =
b101 3
b101 <
b11101 ?
b11100 >
1*
#2541000
b101101000 @
b1100111 )
b1100111 1
0+
b11010000 A
0*
0&
#2544500
b11100 ?
0"
1*
#2546500
b10101 0
b1001101 !
b1001101 /
b111 :
b10100 9
b11001 4
b11000 8
b1001011 C
b1111000 -
1&
#2548000
b101 2
b110 3
b101101001 @
b1101000 )
b1101000 1
1+
0*
#2551500
b100 2
b101 =
b111 3
b110 <
b10100 >
1*
#2552000
b10100 0
b11000 4
b11010001 A
0'
0&
#2555000
b101101010 @
b1101001 )
b1101001 1
0*
#2557500
b111 ;
b101 :
1&
#2558500
b100 2
b10100 ?
1"
b100 =
b111 3
b111 <
1*
#2562000
b101101011 @
b1101010 )
b1101010 1
0+
0*
#2563000
b11010010 A
0&
#2565500
0"
1*
#2568500
b101 ;
b100 :
1&
#2569000
b101101100 @
b1101011 )
b1101011 1
0*
#2572500
1*
#2574000
b10101 0
b11001 4
b11010011 A
1'
0&
#2576000
b101101101 @
b1101100 )
b1101100 1
0*
#2579500
b10111 0
b1010000 !
b1010000 /
b10101 9
b11010 4
b11001 8
b100 ;
b1001101 C
b1111001 -
1*
1&
#2583000
b1100 2
b1000 3
b101101110 @
b1101101 )
b1101101 1
1+
0*
#2585000
b11010100 A
0&
#2586500
b1100 2
b10101 >
1"
b1100 =
b1000 3
b1000 <
1*
#2590000
b101101111 @
b1101110 )
b1101110 1
0*
#2590500
b10110 0
b1010010 !
b1010010 /
b1100 :
b10111 9
b11011 4
b11010 8
b1010000 C
b1111010 -
1&
#2593500
b10101 ?
b10111 >
1*
#2596000
b11010101 A
0&
#2597000
b101110000 @
b1101111 )
b1101111 1
0*
#2600500
b1101 2
b1001 3
b10111 ?
0"
1*
#2601500
b10010 0
b1010100 !
b1010100 /
b10110 9
b11100 4
b11011 8
b1100 ;
b1010010 C
b1111011 -
1&
#2604000
b101110001 @
b1110000 )
b1110000 1
0*
#2607000
b10110 0
b11011 4
b11010110 A
0'
0&
#2607500
b1111 2
b1101 =
b1010 3
b1001 <
b10110 >
1*
#2611000
b101110010 @
b1110001 )
b1110001 1
0*
#2612500
b1101 :
1&
#2614500
b1111 2
b10110 ?
1"
b1111 =
b1010 3
b1010 <
1*
#2618000
b101110011 @
b1110010 )
b1110010 1
b11010111 A
0*
0&
#2621500
b1110 2
b1011 3
0"
1*
#2623500
b1101 ;
b1111 :
1&
#2625000
b101110100 @
b1110011 )
b1110011 1
0*
#2628500
b1110 2
1"
b1110 =
b1011 3
b1011 <
1*
#2629000
b11011000 A
0&
#2632000
b101110101 @
b1110100 )
b1110100 1
0*
#2634500
b1111 ;
b1110 :
1&
#2635500
1*
#2639000
b101110110 @
b1110101 )
b1110101 1
0+
0*
#2640000
b10010 0
b11100 4
b11011001 A
1'
0&
#2642500
1*
#2645500
b10011 0
b1010111 !
b1010111 /
b10010 9
b11101 4
b11100 8
b1110 ;
b1010100 C
b1111100 -
1&
#2646000
b101110111 @
b1110110 )
b1110110 1
1+
0*
#2649500
b10010 >
1*
#2651000
b11011010 A
0&
#2653000
b101111000 @
b1110111 )
b1110111 1
0+
0*
#2656500
b10001 0
b1011000 !
b1011000 /
b10010 ?
b10011 9
b11110 4
b11101 8
b1010111 C
b1111101 -
1*
1&
#2660000
b101111001 @
b1111000 )
b1111000 1
1+
0*
#2662000
b11011011 A
0&
#2663500
b1010 2
b1100 3
0"
b10011 >
1*
#2667000
b101111010 @
b1111001 )
b1111001 1
0*
#2667500
b10000 0
b1011010 !
b1011010 /
b10001 9
b11111 4
b11110 8
b1011000 C
b1111110 -
1&
#2670500
b1010 2
b10011 ?
b10001 >
1"
b1010 =
b1100 3
b1100 <
1*
#2673000
b10001 0
b11110 4
b11011100 A
0'
0&
#2674000
b101111011 @
b1111010 )
b1111010 1
0*
#2677500
b1011 2
b1101 3
0"
b10001 ?
1*
#2678500
b1010 :
1&
#2681000
b101111100 @
b1111011 )
b1111011 1
0*
#2684000
b10000 0
b11111 4
b11011101 A
1'
0&
#2684500
b1001 2
b1011 =
b1110 3
b1101 <
1*
#2688000
b1011 2
b1101 3
b101111101 @
b1111100 )
b1111100 1
0+
0*
#2689500
b0 0
b1011100 !
b1011100 /
b10000 9
b0 4
b11111 8
b1010 ;
b1011 :
b1011010 C
b1111111 -
1&
#2691500
b10000 >
1*
#2695000
b1001 2
b10000 0
b1110 3
b11111 4
b101111110 @
b1111101 )
b1111101 1
1+
b11011110 A
0'
0*
0&
#2698500
b1001 2
b10000 ?
1"
b1001 =
b1110 3
b1110 <
1*
#2700500
b1011 ;
b1001 :
1&
#2702000
b101111111 @
b1111110 )
b1111110 1
0*
#2705500
b1000 2
b1111 3
0"
1*
#2706000
b0 0
b0 4
b11011111 A
1'
0&
#2709000
b110000000 @
b1111111 )
b1111111 1
0*
#2711500
b1 0
b1011101 !
b1011101 /
b0 9
b1 4
b0 8
b1001 ;
b1011100 C
b10000000 -
1&
#2712500
b1000 2
b0 >
1"
b1000 =
b1111 3
b1111 <
1*
#2716000
b110000001 @
b10000000 )
b10000000 1
0*
#2717000
b11100000 A
0&
#2719500
b0 ?
1*
#2722500
b11 0
b1011110 !
b1011110 /
b1000 :
b1 9
b10 4
b1 8
b1011101 C
b10000001 -
1&
#2723000
b110000010 @
b10000001 )
b10000001 1
0*
#2726500
b11000 2
b10000 3
b1 >
0"
1*
#2728000
b11100001 A
0&
#2730000
b1000 2
b1111 3
b110000011 @
b10000010 )
b10000010 1
0+
0*
#2733500
b10 0
b1011111 !
b1011111 /
b1 ?
b11 9
b11 4
b10 8
b1000 ;
b1011110 C
b10000010 -
1*
1&
#2737000
b110000100 @
b10000011 )
b10000011 1
0*
#2739000
b11 0
b10 4
b11100010 A
0'
0&
#2740500
b11 >
1*
#2744000
b110000101 @
b10000100 )
b10000100 1
0*
#2744500
1&
#2747500
b11 ?
1*
#2750000
b11100011 A
0&
#2751000
b11000 2
b10000 3
b110000110 @
b10000101 )
b10000101 1
1+
0*
#2754500
b11001 2
b11000 =
b10001 3
b10000 <
1*
#2755500
b11000 :
1&
#2758000
b11000 2
b10000 3
b110000111 @
b10000110 )
b10000110 1
0+
0*
#2761000
b11100100 A
0&
#2761500
1*
#2765000
b110001000 @
b10000111 )
b10000111 1
0*
#2766500
b11000 ;
1&
#2768500
1*
#2772000
b11001 2
b10001 3
b110001001 @
b10001000 )
b10001000 1
1+
b11100101 A
0*
0&
#2775500
b11011 2
b11001 =
b10010 3
b10001 <
1*
#2777500
b11001 :
1&
#2779000
b110001010 @
b10001001 )
b10001001 1
0*
#2782500
b11011 2
1"
b11011 =
b10010 3
b10010 <
1*
#2783000
b11100110 A
0&
#2786000
b110001011 @
b10001010 )
b10001010 1
0*
#2788500
b11001 ;
b11011 :
1&
#2789500
1*
#2793000
b110001100 @
b10001011 )
b10001011 1
0*
#2794000
b10 0
b11 4
b11100111 A
1'
0&
#2796500
1*
#2799500
b110 0
b1100001 !
b1100001 /
b10 9
b100 4
b11 8
b11011 ;
b1011111 C
b10000011 -
1&
#2800000
b110001101 @
b10001100 )
b10001100 1
0+
0*
#2803500
b10 >
1*
#2805000
b10 0
b11 4
b11101000 A
0'
0&
#2807000
b110001110 @
b10001101 )
b10001101 1
1+
0*
#2810500
b10 ?
1*
1&
#2814000
b110001111 @
b10001110 )
b10001110 1
0*
#2816000
b110 0
b100 4
b11101001 A
1'
0&
#2817500
b11010 2
b10011 3
0"
1*
#2821000
b110010000 @
b10001111 )
b10001111 1
0*
#2821500
b111 0
b1100110 !
b1100110 /
b110 9
b101 4
b100 8
b1100001 C
b10000100 -
1&
#2824500
b11010 2
b110 >
1"
b11010 =
b10011 3
b10011 <
1*
#2827000
b110 0
b100 4
b11101010 A
0'
0&
#2828000
0+
0*
#2831500
b110 ?
1*
#2832500
b11010 :
1&
#2835000
0*
#2838000
b111 0
b101 4
b11101011 A
1'
0&
#2838500
0"
1*
#2842000
0*
#2843500
b101 0
b1101000 !
b1101000 /
b111 9
b110 4
b101 8
b11010 ;
b1100110 C
b10000101 -
1&
#2845500
b111 >
1*
#2849000
b111 0
b101 4
b11101100 A
0'
0*
0&
#2852500
b111 ?
1*
#2854500
1&
#2856000
0*
#2859500
1*
#2860000
b11101101 A
0&
#2863000
0*
#2865500
1&
#2866500
1*
#2870000
0*
#2871000
b101 0
b110 4
b11101110 A
1'
0&
#2873500
1*
#2876500
b100 0
b1101001 !
b1101001 /
b101 9
b111 4
b110 8
b1101000 C
b10000110 -
1&
#2877000
0*
#2880500
b101 >
1*
#2882000
b11101111 A
0&
#2884000
0*
#2887500
b1100 0
b1101101 !
b1101101 /
b101 ?
b100 9
b1000 4
b111 8
b1101001 C
b10000111 -
1*
1&
#2891000
0*
#2893000
b100 0
b111 4
b11110000 A
0'
0&
#2894500
b100 >
1*
#2898000
0*
#2898500
1&
#2901500
b100 ?
1*
#2904000
b11110001 A
0&
#2905000
0*
#2908500
1*
#2909500
1&
#2912000
0*
#2915000
b11110010 A
0&
#2915500
1*
#2919000
0*
#2920500
1&
#2922500
1*
#2926000
b11110011 A
0*
0&
#2929500
1*
#2931500
1&
#2933000
0*
#2936500
1*
#2937000
b11110100 A
0&
#2940000
0*
#2942500
1&
#2943500
1*
#2947000
0*
#2948000
b11110101 A
0&
#2950500
1*
#2953500
1&
#2954000
0*
#2957500
1*
#2959000
b1100 0
b1000 4
b11110110 A
1'
0&
#2961000
0*
#2964500
b1101 0
b1110000 !
b1110000 /
b1100 9
b1001 4
b1000 8
b1101101 C
b10001000 -
1*
1&
#2968000
0*
#2970000
b11110111 A
0&
#2971500
b1100 >
1*
#2975000
0*
#2975500
b1111 0
b1110001 !
b1110001 /
b1101 9
b1010 4
b1001 8
b1110000 C
b10001001 -
1&
#2978500
b1100 ?
b1101 >
1*
#2981000
b1101 0
b1001 4
b11111000 A
0'
0&
#2982000
0*
#2985500
b1101 ?
1*
#2986500
1&
#2989000
0*
#2992000
b1111 0
b1010 4
b11111001 A
1'
0&
#2992500
1*
#2996000
0*
#2997500
b1110 0
b1110011 !
b1110011 /
b1111 9
b1011 4
b1010 8
b1110001 C
b10001010 -
1&
#2999500
b1111 >
1*
#3003000
b1111 0
b1010 4
b11111010 A
0'
0*
0&
#3006500
b1111 ?
1*
#3008500
1&
#3010000
0*
#3013500
1*
#3014000
b11111011 A
0&
#3017000
0*
#3019500
1&
#3020500
1*
#3024000
0*
#3025000
b1110 0
b1011 4
b11111100 A
1'
0&
#3027500
1*
#3030500
b1010 0
b1111001 !
b1111001 /
b1110 9
b1100 4
b1011 8
b1110011 C
b10001011 -
1&
#3031000
0*
#3034500
b1110 >
1*
#3036000
b11111101 A
0&
#3038000
0*
#3041500
b1011 0
b1111011 !
b1111011 /
b1110 ?
b1010 9
b1101 4
b1100 8
b1111001 C
b10001100 -
1*
1&
#3045000
0*
#3047000
b1010 0
b1100 4
b11111110 A
0'
0&
#3048500
b1010 >
1*
#3052000
0*
#3052500
1&
#3055500
b1010 ?
1*
#3058000
b11111111 A
0&
#3059000
0*
#3062500
1*
#3063500
1&
#3066000
0*
#3069000
b1011 0
b1101 4
b100000000 A
1'
0&
#3069500
1*
#3073000
0*
#3074500
b1001 0
b1111101 !
b1111101 /
b1011 9
b1110 4
b1101 8
b1111011 C
b10001101 -
1&
#3076500
b1011 >
1*
#3080000
b1011 0
b1101 4
b100000001 A
0'
0*
0&
#3083500
b1011 ?
1*
#3085500
1&
#3087000
0*
#3090500
1*
#3091000
b100000010 A
0&
#3094000
0*
#3096500
1&
#3097500
1*
#3101000
0*
#3102000
b1001 0
b1110 4
b100000011 A
1'
0&
#3104500
1*
#3107500
b1000 0
b1111111 !
b1111111 /
b1001 9
b1111 4
b1110 8
b1111101 C
b10001110 -
1&
#3108000
0*
#3111500
b1001 >
1*
#3113000
b100000100 A
0&
#3115000
0*
#3118500
b11000 0
b10000101 !
b10000101 /
b1001 ?
b1000 9
b10000 4
b1111 8
b1111111 C
b10001111 -
1*
1&
#3122000
0*
#3124000
b100000101 A
0&
#3125500
b1000 >
1*
#3129000
0*
#3129500
b11001 0
b10001000 !
b10001000 /
b11000 9
b10001 4
b10000 8
b10000101 C
b10010000 -
1&
#3132500
b1000 ?
b11000 >
1*
#3135000
b100000110 A
0&
#3136000
0*
#3139500
b11000 ?
1*
#3140500
b11011 0
b10001001 !
b10001001 /
b11001 9
b10010 4
b10001 8
b10001000 C
b10010001 -
1&
#3143000
0*
#3146000
b100000111 A
0&
#3146500
b11001 >
1*
#3150000
0*
#3151500
b11010 0
b10001111 !
b10001111 /
b11011 9
b10011 4
b10010 8
b10001001 C
b10010010 -
1&
#3153500
b11001 ?
b11011 >
1*
#3157000
b11011 0
b10010 4
b100001000 A
0'
0*
0&
#3160500
b11011 ?
1*
#3162500
1&
#3164000
0*
#3167500
1*
#3168000
b11010 0
b10011 4
b100001001 A
1'
0&
#3171000
0*
#3173500
b11010 0
b1100001 !
b1100001 /
1#
b11010 9
b10011 4
b10011 8
b10001111 C
b10010011 -
1&
#3174500
b11010 >
1*
#3178000
0*
#3179000
b100001010 A
0'
0&
#3181500
b11010 ?
1*
#3184500
1&
#3185000
0*
#3188500
1*
#3190000
b100001011 A
1'
0&
#3192000
0*
#3195500
1*
1&
#3199000
0*
#3201000
b100001100 A
0'
0&
#3202500
1*
#3206000
0*
#3206500
1&
#3209500
1*
#3212000
b100001101 A
0&
#3213000
0*
#3216500
1*
#3217500
1&
#3220000
0*
#3223000
b100001110 A
1'
0&
#3223500
1*
#3227000
0*
#3228500
1&
#3230500
1*
#3234000
b100001111 A
0*
0&
#3237500
1*
#3239500
1&
#3241000
0*
#3244500
1*
#3245000
b100010000 A
0&
#3248000
0*
#3250500
1&
#3251500
1*
#3255000
0*
#3256000
b100010001 A
0'
0&
#3258500
1*
#3261500
1&
#3262000
0*
#3265500
1*
#3267000
b100010010 A
0&
#3269000
0*
#3272500
1*
1&
#3276000
0*
#3278000
b100010011 A
1'
0&
#3279500
1*
#3283000
0*
#3283500
1&
#3286500
1*
#3289000
b100010100 A
0&
#3290000
0*
#3293500
1*
#3294500
1&
#3297000
0*
#3300000
b100010101 A
0&
#3300500
1*
#3304000
0*
#3305500
1&
#3307500
1*
#3311000
b100010110 A
0*
0&
#3314500
1*
#3316500
1&
#3318000
0*
#3321500
1*
#3322000
b100010111 A
0&
#3325000
0*
#3327500
1&
#3328500
1*
#3332000
0*
#3333000
b100011000 A
0&
#3335500
1*
#3338500
1&
#3339000
0*
#3342500
1*
#3344000
b100011001 A
0&
#3346000
0*
#3349500
1*
1&
#3353000
0*
#3355000
b100011010 A
0&
#3356500
1*
#3360000
0*
#3360500
1&
#3363500
1*
#3366000
b100011011 A
0'
0&
#3367000
0*
#3370500
1*
#3371500
1&
#3374000
0*
#3377000
b100011100 A
1'
0&
#3377500
1*
#3381000
0*
#3382500
1&
#3384500
1*
#3388000
b100011101 A
0*
0&
#3391500
1*
#3393500
1&
#3395000
0*
#3398500
1*
#3399000
b100011110 A
0&
#3402000
0*
#3404500
1&
#3405500
1*
#3409000
0*
#3410000
b100011111 A
0'
0&
#3412500
1*
#3415500
1&
#3416000
0*
#3419500
1*
#3421000
b100100000 A
1'
0&
#3423000
0*
#3426500
1*
1&
#3430000
0*
#3432000
b100100001 A
0&
#3433500
1*
#3437000
0*
#3437500
1&
#3440500
1*
#3443000
b100100010 A
0'
0&
#3444000
0*
#3447500
1*
#3448500
1&
#3451000
0*
#3454000
b100100011 A
1'
0&
#3454500
1*
#3458000
0*
#3459500
1&
#3461500
1*
#3465000
b100100100 A
0*
0&
#3468500
1*
#3470500
1&
#3472000
0*
#3475500
1*
#3476000
b100100101 A
0&
#3479000
0*
#3481500
1&
#3482500
1*
#3486000
0*
#3487000
b100100110 A
0'
0&
#3489500
1*
#3492500
1&
#3493000
0*
#3496500
1*
#3498000
b100100111 A
1'
0&
#3500000
0*
#3503500
1*
1&
#3507000
0*
#3509000
b100101000 A
0&
#3510500
1*
#3514000
0*
#3514500
1&
#3517500
1*
#3520000
b100101001 A
0&
#3521000
0*
#3524500
1*
#3525500
1&
#3528000
0*
#3531000
b100101010 A
0&
#3531500
1*
#3535000
0*
#3536500
1&
#3538500
1*
#3542000
b100101011 A
0*
0&
#3545500
1*
#3547500
1&
#3549000
0*
#3552500
1*
#3553000
b100101100 A
0&
#3556000
0*
#3558500
1&
#3559500
1*
#3563000
0*
#3564000
b100101101 A
0'
0&
#3566500
1*
#3569500
1&
#3570000
0*
#3573500
1*
#3575000
b100101110 A
1'
0&
#3577000
0*
#3580500
1*
1&
#3584000
0*
#3586000
b100101111 A
0&
#3587500
1*
#3591000
0*
#3591500
1&
#3594500
1*
#3597000
b100110000 A
0&
#3598000
0*
#3601500
1*
#3602500
1&
#3605000
0*
#3608000
b100110001 A
0&
#3608500
1*
#3612000
0*
#3613500
1&
#3615500
1*
#3619000
b100110010 A
0*
0&
#3622500
1*
#3624500
1&
#3626000
0*
#3629500
1*
#3630000
b100110011 A
0'
0&
#3633000
0*
#3635500
1&
#3636500
1*
#3640000
0*
#3641000
b100110100 A
0&
#3643500
1*
#3646500
1&
#3647000
0*
#3650500
1*
#3652000
b100110101 A
0&
#3654000
0*
#3657500
1*
1&
#3661000
0*
#3663000
b100110110 A
1'
0&
#3664500
1*
#3668000
0*
#3668500
1&
#3671500
1*
#3674000
b100110111 A
0&
#3675000
0*
#3678500
1*
#3679500
1&
#3682000
0*
#3685000
b100111000 A
0&
#3685500
1*
#3689000
0*
#3690500
1&
#3692500
1*
#3696000
b100111001 A
0*
0&
#3699500
1*
#3701500
1&
#3703000
0*
#3706500
1*
#3707000
b100111010 A
0&
#3710000
0*
#3712500
1&
#3713500
1*
#3717000
0*
#3718000
b100111011 A
0&
#3720500
1*
#3723500
1&
#3724000
0*
#3727500
1*
#3729000
b100111100 A
0&
#3731000
0*
#3734500
1*
1&
#3738000
0*
#3740000
b100111101 A
0&
#3741500
1*
#3745000
0*
#3745500
1&
#3748500
1*
#3751000
b100111110 A
0&
#3752000
0*
#3755500
1*
#3756500
1&
#3759000
0*
#3762000
b100111111 A
0&
#3762500
1*
#3766000
0*
#3767500
1&
#3769500
1*
#3773000
b101000000 A
0*
0&
#3776500
1*
#3778500
1&
#3780000
0*
#3783500
1*
#3784000
b101000001 A
0'
0&
#3787000
0*
#3789500
1&
#3790500
1*
#3794000
0*
#3795000
b101000010 A
1'
0&
#3797500
1*
#3800500
1&
#3801000
0*
#3804500
1*
#3806000
b101000011 A
0'
0&
#3808000
0*
#3811500
1*
1&
#3815000
0*
#3817000
b101000100 A
1'
0&
#3818500
1*
#3822000
0*
#3822500
1&
#3825500
1*
#3828000
b101000101 A
0&
#3829000
0*
#3832500
1*
#3833500
1&
#3836000
0*
#3839000
b101000110 A
0&
#3839500
1*
#3843000
0*
#3844500
1&
#3846500
1*
#3850000
b101000111 A
0*
0&
#3853500
1*
#3855500
1&
#3857000
0*
#3860500
1*
#3861000
b101001000 A
0'
0&
#3864000
0*
#3866500
1&
#3867500
1*
#3871000
0*
#3872000
b101001001 A
0&
#3874500
1*
#3877500
1&
#3878000
0*
#3881500
1*
#3883000
b101001010 A
0&
#3885000
0*
#3888500
1*
1&
#3892000
0*
#3894000
b101001011 A
0&
#3895500
1*
#3899000
0*
#3899500
1&
#3902500
1*
#3905000
b101001100 A
1'
0&
#3906000
0*
#3909500
1*
#3910500
1&
#3913000
0*
#3916000
b101001101 A
0'
0&
#3916500
1*
#3920000
0*
#3921500
1&
#3923500
1*
#3927000
b101001110 A
1'
0*
0&
#3930500
1*
#3932500
1&
#3934000
0*
#3937500
1*
#3938000
b101001111 A
0'
0&
#3941000
0*
#3943500
1&
#3944500
1*
#3948000
0*
#3949000
b101010000 A
1'
0&
#3951500
1*
#3954500
1&
#3955000
0*
#3958500
1*
#3960000
b101010001 A
0'
0&
#3962000
0*
#3965500
1*
1&
#3969000
0*
#3971000
b101010010 A
0&
#3972500
1*
#3976000
0*
#3976500
1&
#3979500
1*
#3982000
b101010011 A
1'
0&
#3983000
0*
#3986500
1*
#3987500
1&
#3990000
0*
#3993000
b101010100 A
0'
0&
#3993500
1*
#3997000
0*
#3998500
1&
#4000500
1*
#4004000
b101010101 A
0*
0&
#4007500
1*
#4009500
1&
#4011000
0*
#4014500
1*
#4015000
b101010110 A
0&
#4018000
0*
#4020500
1&
#4021500
1*
#4025000
0*
#4026000
b101010111 A
1'
0&
#4028500
1*
#4031500
1&
#4032000
0*
#4035500
1*
#4037000
b101011000 A
0&
#4039000
0*
#4042500
1*
1&
#4046000
0*
#4048000
b101011001 A
0&
#4049500
1*
#4053000
0*
#4053500
1&
#4056500
1*
#4059000
b101011010 A
0&
#4060000
0*
#4063500
1*
#4064500
1&
#4067000
0*
#4070000
b101011011 A
0&
#4070500
1*
#4074000
0*
#4075500
1&
#4077500
1*
#4081000
b101011100 A
0*
0&
#4084500
1*
#4086500
1&
#4088000
0*
#4091500
1*
#4092000
b101011101 A
0&
#4095000
0*
#4097500
1&
#4098500
1*
#4102000
0*
#4103000
b101011110 A
0&
#4105500
1*
#4108500
1&
#4109000
0*
#4112500
1*
#4114000
b101011111 A
0&
#4116000
0*
#4119500
1*
1&
#4123000
0*
#4125000
b101100000 A
0&
#4126500
1*
#4130000
0*
#4130500
1&
#4133500
1*
#4136000
b101100001 A
0'
0&
#4137000
0*
#4140500
1*
#4141500
1&
#4144000
0*
#4147000
b101100010 A
0&
#4147500
1*
#4151000
0*
#4152500
1&
#4154500
1*
#4158000
b101100011 A
0*
0&
#4161500
1*
#4163500
1&
#4165000
0*
#4168500
1*
#4169000
b101100100 A
1'
0&
#4172000
0*
#4174500
1&
#4175500
1*
#4179000
0*
#4180000
b101100101 A
0&
#4182500
1*
#4185500
1&
#4186000
0*
#4189500
1*
#4191000
b101100110 A
0&
#4193000
0*
#4196500
1*
1&
#4200000
0*
#4202000
b101100111 A
0&
#4203500
1*
#4207000
0*
#4207500
1&
#4210500
1*
#4213000
b101101000 A
0&
#4214000
0*
#4217500
1*
#4218500
1&
#4221000
0*
#4224000
b101101001 A
0&
#4224500
1*
#4228000
0*
#4229500
1&
#4231500
1*
#4235000
b101101010 A
0*
0&
#4238500
1*
#4240500
1&
#4242000
0*
#4245500
1*
#4246000
b101101011 A
0&
#4249000
0*
#4251500
1&
#4252500
1*
#4256000
0*
#4257000
b101101100 A
0&
#4259500
1*
#4262500
1&
#4263000
0*
#4266500
1*
#4268000
b101101101 A
0'
0&
#4270000
0*
#4273500
1*
1&
#4277000
0*
#4279000
b101101110 A
0&
#4280500
1*
#4284000
0*
#4284500
1&
#4287500
1*
#4290000
b101101111 A
1'
0&
#4291000
0*
#4294500
1*
#4295500
1&
#4298000
0*
#4301000
b101110000 A
0'
0&
#4301500
1*
#4305000
0*
#4306500
1&
#4308500
1*
#4312000
b101110001 A
1'
0*
0&
#4315500
1*
#4317500
1&
#4319000
0*
#4322500
1*
#4323000
b101110010 A
0&
#4326000
0*
#4328500
1&
#4329500
1*
#4333000
0*
#4334000
b101110011 A
0'
0&
#4336500
1*
#4339500
1&
#4340000
0*
#4343500
1*
#4345000
b101110100 A
1'
0&
#4347000
0*
#4350500
1*
1&
#4354000
0*
#4356000
b101110101 A
0&
#4357500
1*
#4361000
0*
#4361500
1&
#4364500
1*
#4367000
b101110110 A
0'
0&
#4368000
0*
#4371500
1*
#4372500
1&
#4375000
0*
#4378000
b101110111 A
1'
0&
#4378500
1*
#4382000
0*
#4383500
1&
#4385500
1*
#4389000
b101111000 A
0'
0*
0&
#4392500
1*
#4394500
1&
#4396000
0*
#4399500
1*
#4400000
b101111001 A
0&
#4403000
0*
#4405500
1&
#4406500
1*
#4410000
0*
#4411000
b101111010 A
1'
0&
#4413500
1*
#4416500
1&
#4417000
0*
#4420500
1*
#4422000
b101111011 A
0'
0&
#4424000
0*
#4427500
1*
1&
#4431000
0*
#4433000
b101111100 A
1'
0&
#4434500
1*
#4438000
0*
#4438500
1&
#4441500
1*
#4444000
b101111101 A
0&
#4445000
0*
#4448500
1*
#4449500
1&
#4452000
0*
#4455000
b101111110 A
0&
#4455500
1*
#4459000
0*
#4460500
1&
#4462500
1*
#4466000
b101111111 A
0*
0&
#4469500
1*
#4471500
1&
#4473000
0*
#4476500
1*
#4477000
b110000000 A
0'
0&
#4480000
0*
#4482500
1&
#4483500
1*
#4487000
0*
#4488000
b110000001 A
0&
#4490500
1*
#4493500
1&
#4494000
0*
#4497500
1*
#4499000
b110000010 A
0&
#4501000
0*
#4504500
1*
1&
#4508000
0*
#4510000
b110000011 A
1'
0&
#4511500
1*
#4515000
0*
#4515500
1&
#4518500
1*
#4521000
b110000100 A
0&
#4522000
0*
#4525500
1*
#4526500
1&
#4529000
0*
#4532000
b110000101 A
0&
#4532500
1*
#4536000
0*
#4537500
1&
#4539500
1*
#4543000
b110000110 A
0*
0&
#4546500
1*
#4548500
1&
#4550000
0*
#4553500
1*
#4554000
b110000111 A
0'
0&
#4557000
0*
#4559500
1&
#4560500
1*
#4564000
0*
#4565000
b110001000 A
1'
0&
#4567500
1*
#4570500
1&
#4571000
0*
#4574500
1*
#4576000
b110001001 A
0'
0&
#4578000
0*
#4581500
1*
1&
#4585000
0*
#4587000
b110001010 A
1'
0&
#4588500
1*
#4592000
0*
#4592500
1&
#4595500
1*
#4598000
b110001011 A
0'
0&
#4599000
0*
#4602500
1*
#4603500
1&
#4606000
0*
#4609000
b110001100 A
0&
#4609500
1*
#4613000
0*
#4614500
1&
#4616500
1*
#4620000
b110001101 A
0*
0&
#4623500
1*
#4625500
1&
#4627000
0*
#4630500
1*
#4631000
b110001110 A
0&
#4634000
0*
#4636500
1&
#4637500
1*
#4641000
0*
#4642000
b110001111 A
0&
#4644500
1*
#4647500
1&
#4648000
0*
#4651500
1*
#4653000
b110010000 A
1'
0&
#4655000
0*
#4658500
1*
1&
#4662000
0*
#4664000
b110010001 A
0'
0&
#4665500
1*
#4669000
0*
#4669500
1&
#4672500
1*
#4675000
b110010010 A
1'
0&
#4676000
0*
#4679500
1*
#4680500
1&
#4683000
0*
#4686000
b110010011 A
0&
#4686500
1*
#4690000
0*
#4691500
1&
#4693500
1*
#4697000
b110010100 A
0*
0&
#4700500
1*
#4702500
1&
#4704000
0*
#4707500
1*
#4708000
b110010101 A
0&
#4711000
0*
#4713500
1&
#4714500
1*
#4718000
0*
#4719000
b110010110 A
0'
0&
#4721500
1*
#4724500
1&
#4725000
0*
#4728500
1*
#4730000
b110010111 A
1'
0&
#4732000
0*
#4735500
1*
1&
#4739000
0*
#4741000
b110011000 A
0'
0&
#4742500
1*
#4746000
0*
#4746500
1&
#4749500
1*
#4752000
b110011001 A
1'
0&
#4753000
0*
#4756500
1*
#4757500
1&
#4760000
0*
#4763000
b110011010 A
0&
#4763500
1*
#4767000
0*
#4768500
1&
#4770500
1*
#4774000
b110011011 A
0*
0&
#4777500
1*
#4779500
1&
#4781000
0*
#4784500
1*
#4785000
b110011100 A
0&
#4788000
0*
#4790500
1&
#4791500
1*
#4795000
0*
#4796000
b110011101 A
0&
#4798500
1*
#4801500
1&
#4802000
0*
#4805500
1*
#4807000
b110011110 A
0'
0&
#4809000
0*
#4812500
1*
1&
#4816000
0*
#4818000
b110011111 A
0&
#4819500
1*
#4823000
0*
#4823500
1&
#4826500
1*
#4829000
b110100000 A
0&
#4830000
0*
#4833500
1*
#4834500
1&
#4837000
0*
#4840000
b110100001 A
0&
#4840500
1*
#4844000
0*
#4845500
1&
#4847500
1*
#4851000
b110100010 A
0*
0&
#4854500
1*
#4856500
1&
#4858000
0*
#4861500
1*
#4862000
b110100011 A
0&
#4865000
0*
#4867500
1&
#4868500
1*
#4872000
0*
#4873000
b110100100 A
0&
#4875500
1*
#4878500
1&
#4879000
0*
#4882500
1*
#4884000
b110100101 A
0&
#4886000
0*
#4889500
1*
1&
#4893000
0*
#4895000
b110100110 A
1'
0&
#4896500
1*
#4900000
0*
#4900500
1&
#4903500
1*
#4906000
b110100111 A
0&
#4907000
0*
#4910500
1*
#4911500
1&
#4914000
0*
#4917000
b110101000 A
0'
0&
#4917500
1*
#4921000
0*
#4922500
1&
#4924500
1*
#4928000
b110101001 A
1'
0*
0&
#4931500
1*
#4933500
1&
#4935000
0*
#4938500
1*
#4939000
b110101010 A
0'
0&
#4942000
0*
#4944500
1&
#4945500
1*
#4949000
0*
#4950000
b110101011 A
0&
#4952500
1*
#4955500
1&
#4956000
0*
#4959500
1*
#4961000
b110101100 A
1'
0&
#4963000
0*
#4966500
1*
1&
#4970000
0*
#4972000
b110101101 A
0'
0&
#4973500
1*
#4977000
0*
#4977500
1&
#4980500
1*
#4983000
b110101110 A
1'
0&
#4984000
0*
#4987500
1*
#4988500
1&
#4991000
0*
#4994000
b110101111 A
0&
#4994500
1*
#4998000
0*
#4999500
1&
#5001500
1*
#5005000
b110110000 A
0'
0*
0&
#5008500
1*
#5010500
1&
#5012000
0*
#5015500
1*
#5016000
b110110001 A
0&
#5019000
0*
#5021500
1&
#5022500
1*
#5026000
0*
#5027000
b110110010 A
1'
0&
#5029500
1*
#5032500
1&
#5033000
0*
#5036500
1*
#5038000
b110110011 A
0&
#5040000
0*
#5043500
1*
1&
#5047000
0*
#5049000
b110110100 A
0&
#5050500
1*
#5054000
0*
#5054500
1&
#5057500
1*
#5060000
b110110101 A
0&
#5061000
0*
#5064500
1*
#5065500
1&
#5068000
0*
#5071000
b110110110 A
0&
#5071500
1*
#5075000
0*
#5076500
1&
#5078500
1*
#5082000
b110110111 A
0*
0&
#5085500
1*
#5087500
1&
#5089000
0*
#5092500
1*
#5093000
b110111000 A
0&
#5096000
0*
#5098500
1&
#5099500
1*
#5103000
0*
#5104000
b110111001 A
0&
#5106500
1*
#5109500
1&
#5110000
0*
#5113500
1*
#5115000
b110111010 A
0&
#5117000
0*
#5120500
1*
1&
#5124000
0*
#5126000
b110111011 A
0&
#5127500
1*
#5131000
0*
#5131500
1&
#5134500
1*
#5137000
b110111100 A
0'
0&
#5138000
0*
#5141500
1*
#5142500
1&
#5145000
0*
#5148000
b110111101 A
1'
0&
#5148500
1*
#5152000
0*
#5153500
1&
#5155500
1*
#5159000
b110111110 A
0'
0*
0&
#5162500
1*
#5164500
1&
#5166000
0*
#5169500
1*
#5170000
b110111111 A
0&
#5173000
0*
#5175500
1&
#5176500
1*
#5180000
0*
#5181000
b111000000 A
0&
#5183500
1*
#5186500
1&
#5187000
0*
#5190500
1*
#5192000
b111000001 A
1'
0&
#5194000
0*
#5197500
1*
1&
#5201000
0*
#5203000
b111000010 A
0&
#5204500
1*
#5208000
0*
#5208500
1&
#5211500
1*
#5214000
b111000011 A
0&
#5215000
0*
#5218500
1*
#5219500
1&
#5222000
0*
#5225000
b111000100 A
0'
0&
#5225500
1*
#5229000
0*
#5230500
1&
#5232500
1*
#5236000
b111000101 A
1'
0*
0&
#5239500
1*
#5241500
1&
#5243000
0*
#5246500
1*
#5247000
b111000110 A
0'
0&
#5250000
0*
#5252500
1&
#5253500
1*
#5257000
0*
#5258000
b111000111 A
0&
#5260500
1*
#5263500
1&
#5264000
0*
#5267500
1*
#5269000
b111001000 A
0&
#5271000
0*
#5274500
1*
1&
#5278000
0*
#5280000
b111001001 A
1'
0&
#5281500
1*
#5285000
0*
#5285500
1&
#5288500
1*
#5291000
b111001010 A
0&
#5292000
0*
#5295500
1*
#5296500
1&
#5299000
0*
#5302000
b111001011 A
0&
#5302500
1*
#5306000
0*
#5307500
1&
#5309500
1*
#5313000
b111001100 A
0*
0&
#5316500
1*
#5318500
1&
#5320000
0*
#5323500
1*
#5324000
b111001101 A
0'
0&
#5327000
0*
#5329500
1&
#5330500
1*
#5334000
0*
#5335000
b111001110 A
1'
0&
#5337500
1*
#5340500
1&
#5341000
0*
#5344500
1*
#5346000
b111001111 A
0'
0&
#5348000
0*
#5351500
1*
1&
#5355000
0*
#5357000
b111010000 A
1'
0&
#5358500
1*
#5362000
0*
#5362500
1&
#5365500
1*
#5368000
b111010001 A
0&
#5369000
0*
#5372500
1*
#5373500
1&
#5376000
0*
#5379000
b111010010 A
0'
0&
#5379500
1*
#5383000
0*
#5384500
1&
#5386500
1*
#5390000
b111010011 A
1'
0*
0&
#5393500
1*
#5395500
1&
#5397000
0*
#5400500
1*
#5401000
b111010100 A
0'
0&
#5404000
0*
#5406500
1&
#5407500
1*
#5411000
0*
#5412000
b111010101 A
1'
0&
#5414500
1*
#5417500
1&
#5418000
0*
#5421500
1*
#5423000
b111010110 A
0'
0&
#5425000
0*
#5428500
1*
1&
#5432000
0*
#5434000
b111010111 A
0&
#5435500
1*
#5439000
0*
#5439500
1&
#5442500
1*
#5445000
b111011000 A
1'
0&
#5446000
0*
#5449500
1*
#5450500
1&
#5453000
0*
#5456000
b111011001 A
0&
#5456500
1*
#5460000
0*
#5461500
1&
#5463500
1*
#5467000
b111011010 A
0'
0*
0&
#5470500
1*
#5472500
1&
#5474000
0*
#5477500
1*
#5478000
b111011011 A
1'
0&
#5481000
0*
#5483500
1&
#5484500
1*
#5488000
0*
#5489000
b111011100 A
0&
#5491500
1*
#5494500
1&
#5495000
0*
#5498500
1*
#5500000
b111011101 A
0&
#5502000
0*
#5505500
1*
1&
#5509000
0*
#5511000
b111011110 A
0'
0&
#5512500
1*
#5516000
0*
#5516500
1&
#5519500
1*
#5522000
b111011111 A
1'
0&
#5523000
0*
#5526500
1*
#5527500
1&
#5530000
0*
#5533000
b111100000 A
0&
#5533500
1*
#5537000
0*
#5538500
1&
#5540500
1*
#5544000
b111100001 A
0'
0*
0&
#5547500
1*
#5549500
1&
#5551000
0*
#5554500
1*
#5555000
b111100010 A
1'
0&
#5558000
0*
#5560500
1&
#5561500
1*
#5565000
0*
#5566000
b111100011 A
0'
0&
#5568500
1*
#5571500
1&
#5572000
0*
#5575500
1*
#5577000
b111100100 A
0&
#5579000
0*
#5582500
1*
1&
#5586000
0*
#5588000
b111100101 A
1'
0&
#5589500
1*
#5593000
0*
#5593500
1&
#5596500
1*
#5599000
b111100110 A
0&
#5600000
0*
#5603500
1*
#5604500
1&
#5607000
0*
#5610000
b111100111 A
0'
0&
#5610500
1*
#5614000
0*
#5615500
1&
#5617500
1*
#5621000
b111101000 A
0*
0&
#5624500
1*
#5626500
1&
#5628000
0*
#5631500
1*
#5632000
b111101001 A
0&
#5635000
0*
#5637500
1&
#5638500
1*
#5642000
0*
#5643000
b111101010 A
1'
0&
#5645500
1*
#5648500
1&
#5649000
0*
#5652500
1*
#5654000
b111101011 A
0&
#5656000
0*
#5659500
1*
1&
#5663000
0*
#5665000
b111101100 A
0&
#5666500
1*
#5670000
0*
#5670500
1&
#5673500
1*
#5676000
b111101101 A
0'
0&
#5677000
0*
#5680500
1*
#5681500
1&
#5684000
0*
#5687000
b111101110 A
1'
0&
#5687500
1*
#5691000
0*
#5692500
1&
#5694500
1*
#5698000
b111101111 A
0'
0*
0&
#5701500
1*
#5703500
1&
#5705000
0*
#5708500
1*
#5709000
b111110000 A
0&
#5712000
0*
#5714500
1&
#5715500
1*
#5719000
0*
#5720000
b111110001 A
0&
#5722500
1*
#5725500
1&
#5726000
0*
#5729500
1*
#5731000
b111110010 A
0&
#5733000
0*
#5736500
1*
1&
#5740000
0*
#5742000
b111110011 A
1'
0&
#5743500
1*
#5747000
0*
#5747500
1&
#5750500
1*
#5753000
b111110100 A
0'
0&
#5754000
0*
#5757500
1*
#5758500
1&
#5761000
0*
#5764000
b111110101 A
1'
0&
#5764500
1*
#5768000
0*
#5769500
1&
#5771500
1*
#5775000
b111110110 A
0'
0*
0&
#5778500
1*
#5780500
1&
#5782000
0*
#5785500
1*
#5786000
b111110111 A
0&
#5789000
0*
#5791500
1&
#5792500
1*
#5796000
0*
#5797000
b111111000 A
0&
#5799500
1*
#5802500
1&
#5803000
0*
#5806500
1*
#5808000
b111111001 A
1'
0&
#5810000
0*
#5813500
1*
1&
#5817000
0*
#5819000
b111111010 A
0&
#5820500
1*
#5824000
0*
#5824500
1&
#5827500
1*
#5830000
b111111011 A
0'
0&
#5831000
0*
#5834500
1*
#5835500
1&
#5838000
0*
#5841000
b111111100 A
1'
0&
#5841500
1*
#5845000
0*
#5846500
1&
#5848500
1*
#5852000
b111111101 A
0*
0&
#5855500
1*
#5857500
1&
#5859000
0*
#5862500
1*
#5863000
b111111110 A
0&
#5866000
0*
#5868500
1&
#5869500
1*
#5873000
0*
#5874000
b111111111 A
0&
#5876500
1*
#5879500
1&
#5880000
0*
#5883500
1*
#5885000
b1000000000 A
0&
#5887000
0*
#5890500
1*
1&
#5894000
0*
#5896000
b1000000001 A
0&
#5897500
1*
#5901000
0*
#5901500
1&
#5904500
1*
#5907000
b1000000010 A
0&
#5908000
0*
#5911500
1*
#5912500
1&
#5915000
0*
#5918000
b1000000011 A
0&
#5918500
1*
#5922000
0*
#5923500
1&
#5925500
1*
#5929000
b1000000100 A
0*
0&
#5932500
1*
#5934500
1&
#5936000
0*
#5939500
1*
#5940000
b1000000101 A
0&
#5943000
0*
#5945500
1&
#5946500
1*
#5950000
0*
#5951000
b1000000110 A
0'
0&
#5953500
1*
#5956500
1&
#5957000
0*
#5960500
1*
#5962000
b1000000111 A
1'
0&
#5964000
0*
#5967500
1*
1&
#5971000
0*
#5973000
b1000001000 A
0&
#5974500
1*
#5978000
0*
#5978500
1&
#5981500
1*
#5984000
b1000001001 A
0&
#5985000
0*
#5988500
1*
#5989500
1&
#5992000
0*
#5995000
b1000001010 A
0&
#5995500
1*
#5999000
0*
#6000500
1&
#6002500
1*
#6006000
b1000001011 A
0'
0*
0&
#6009500
1*
#6011500
1&
#6013000
0*
#6016500
1*
#6017000
b1000001100 A
0&
#6020000
0*
#6022500
1&
#6023500
1*
#6027000
0*
#6028000
b1000001101 A
1'
0&
#6030500
1*
#6033500
1&
#6034000
0*
#6037500
1*
#6039000
b1000001110 A
0&
#6041000
0*
#6044500
1*
1&
#6048000
0*
#6050000
b1000001111 A
0&
#6051500
1*
#6055000
0*
#6055500
1&
#6058500
1*
#6061000
b1000010000 A
0&
#6062000
0*
#6065500
1*
#6066500
1&
#6069000
0*
#6072000
b1000010001 A
0'
0&
#6072500
1*
#6076000
0*
#6077500
1&
#6079500
1*
#6083000
b1000010010 A
1'
0*
0&
#6086500
1*
#6088500
1&
#6090000
0*
#6093500
1*
#6094000
b1000010011 A
0'
0&
#6097000
0*
#6099500
1&
#6100500
1*
#6104000
0*
#6105000
b1000010100 A
1'
0&
#6107500
1*
#6110500
1&
#6111000
0*
#6114500
1*
#6116000
b1000010101 A
0&
#6118000
0*
#6121500
1*
1&
#6125000
0*
#6127000
b1000010110 A
0&
#6128500
1*
#6132000
0*
#6132500
1&
#6135500
1*
#6138000
b1000010111 A
0&
#6139000
0*
#6142500
1*
#6143500
1&
#6146000
0*
#6149000
b1000011000 A
0&
#6149500
1*
#6153000
0*
#6154500
1&
#6156500
1*
#6160000
b1000011001 A
0*
0&
#6163500
1*
#6165500
1&
#6167000
0*
#6170500
1*
#6171000
b1000011010 A
0'
0&
#6174000
0*
#6176500
1&
#6177500
1*
#6181000
0*
#6182000
b1000011011 A
0&
#6184500
1*
#6187500
1&
#6188000
0*
#6191500
1*
#6193000
b1000011100 A
1'
0&
#6195000
0*
#6198500
1*
1&
#6202000
0*
#6204000
b1000011101 A
0&
#6205500
1*
#6209000
0*
#6209500
1&
#6212500
1*
#6215000
b1000011110 A
0'
0&
#6216000
0*
#6219500
1*
#6220500
1&
#6223000
0*
#6226000
b1000011111 A
1'
0&
#6226500
1*
#6230000
0*
#6231500
1&
#6233500
1*
#6237000
b1000100000 A
0*
0&
#6240500
1*
#6242500
1&
#6244000
0*
#6247500
1*
#6248000
b1000100001 A
0'
0&
#6251000
0*
#6253500
1&
#6254500
1*
#6258000
0*
#6259000
b1000100010 A
1'
0&
#6261500
1*
#6264500
1&
#6265000
0*
#6268500
1*
#6270000
b1000100011 A
0'
0&
#6272000
0*
#6275500
1*
1&
#6279000
0*
#6281000
b1000100100 A
0&
#6282500
1*
#6286000
0*
#6286500
1&
#6289500
1*
#6292000
b1000100101 A
1'
0&
#6293000
0*
#6296500
1*
#6297500
1&
#6300000
0*
#6303000
b1000100110 A
0&
#6303500
1*
#6307000
0*
#6308500
1&
#6310500
1*
#6314000
b1000100111 A
0'
0*
0&
#6317500
1*
#6319500
1&
#6321000
0*
#6324500
1*
#6325000
b1000101000 A
1'
0&
#6328000
0*
#6330500
1&
#6331500
1*
#6335000
0*
#6336000
b1000101001 A
0&
#6338500
1*
#6341500
1&
#6342000
0*
#6345500
1*
#6347000
b1000101010 A
0&
#6349000
0*
#6352500
1*
1&
#6356000
0*
#6358000
b1000101011 A
0'
0&
#6359500
1*
#6363000
0*
#6363500
1&
#6366500
1*
#6369000
b1000101100 A
1'
0&
#6370000
0*
#6373500
1*
#6374500
1&
#6377000
0*
#6380000
b1000101101 A
0'
0&
#6380500
1*
#6384000
0*
#6385500
1&
#6387500
1*
#6391000
b1000101110 A
0*
0&
#6394500
1*
#6396500
1&
#6398000
0*
#6401500
1*
#6402000
b1000101111 A
1'
0&
#6405000
0*
#6407500
1&
#6408500
1*
#6412000
0*
#6413000
b1000110000 A
0&
#6415500
1*
#6418500
1&
#6419000
0*
#6422500
1*
#6424000
b1000110001 A
0'
0&
#6426000
0*
#6429500
1*
1&
#6433000
0*
#6435000
b1000110010 A
0&
#6436500
1*
#6440000
0*
#6440500
1&
#6443500
1*
#6446000
b1000110011 A
0&
#6447000
0*
#6450500
1*
#6451500
1&
#6454000
0*
#6457000
b1000110100 A
1'
0&
#6457500
1*
#6461000
0*
#6462500
1&
#6464500
1*
#6468000
b1000110101 A
0'
0*
0&
#6471500
1*
#6473500
1&
#6475000
0*
#6478500
1*
#6479000
b1000110110 A
1'
0&
#6482000
0*
#6484500
1&
#6485500
1*
#6489000
0*
#6490000
b1000110111 A
0&
#6492500
1*
#6495500
1&
#6496000
0*
#6499500
1*
#6501000
b1000111000 A
0'
0&
#6503000
0*
#6506500
1*
1&
#6510000
0*
#6512000
b1000111001 A
1'
0&
#6513500
1*
#6517000
0*
#6517500
1&
#6520500
1*
#6523000
b1000111010 A
0&
#6524000
0*
#6527500
1*
#6528500
1&
#6531000
0*
#6534000
b1000111011 A
0'
0&
#6534500
1*
#6538000
0*
#6539500
1&
#6541500
1*
#6545000
b1000111100 A
1'
0*
0&
#6548500
1*
#6550500
1&
#6552000
0*
#6555500
1*
#6556000
b1000111101 A
0&
#6559000
0*
#6561500
1&
#6562500
1*
#6566000
0*
#6567000
b1000111110 A
0'
0&
#6569500
1*
#6572500
1&
#6573000
0*
#6576500
1*
#6578000
b1000111111 A
1'
0&
#6580000
0*
#6583500
1*
1&
#6587000
0*
#6589000
b1001000000 A
0&
#6590500
1*
#6594000
0*
#6594500
1&
#6597500
1*
#6600000
b1001000001 A
0&
#6601000
0*
#6604500
1*
#6605500
1&
#6608000
0*
#6611000
b1001000010 A
0'
0&
#6611500
1*
#6615000
0*
#6616500
1&
#6618500
1*
#6622000
b1001000011 A
1'
0*
0&
#6625500
1*
#6627500
1&
#6629000
0*
#6632500
1*
#6633000
b1001000100 A
0'
0&
#6636000
0*
#6638500
1&
#6639500
1*
#6643000
0*
#6644000
b1001000101 A
1'
0&
#6646500
1*
#6649500
1&
#6650000
0*
#6653500
1*
#6655000
b1001000110 A
0'
0&
#6657000
0*
#6660500
1*
1&
#6664000
0*
#6666000
b1001000111 A
0&
#6667500
1*
#6671000
0*
#6671500
1&
#6674500
1*
#6677000
b1001001000 A
1'
0&
#6678000
0*
#6681500
1*
#6682500
1&
#6685000
0*
#6688000
b1001001001 A
0&
#6688500
1*
#6692000
0*
#6693500
1&
#6695500
1*
#6699000
b1001001010 A
0*
0&
#6702500
1*
#6704500
1&
#6706000
0*
#6709500
1*
#6710000
b1001001011 A
0&
#6713000
0*
#6715500
1&
#6716500
1*
#6720000
0*
#6721000
b1001001100 A
0'
0&
#6723500
1*
#6726500
1&
#6727000
0*
#6730500
1*
#6732000
b1001001101 A
0&
#6734000
0*
#6737500
1*
1&
#6741000
0*
#6743000
b1001001110 A
1'
0&
#6744500
1*
#6748000
0*
#6748500
1&
#6751500
1*
#6754000
b1001001111 A
0'
0&
#6755000
0*
#6758500
1*
#6759500
1&
#6762000
0*
#6765000
b1001010000 A
1'
0&
#6765500
1*
#6769000
0*
#6770500
1&
#6772500
1*
#6776000
b1001010001 A
0'
0*
0&
#6779500
1*
#6781500
1&
#6783000
0*
#6786500
1*
#6787000
b1001010010 A
0&
#6790000
0*
#6792500
1&
#6793500
1*
#6797000
0*
#6798000
b1001010011 A
1'
0&
#6800500
1*
#6803500
1&
#6804000
0*
#6807500
1*
#6809000
b1001010100 A
0&
#6811000
0*
#6814500
1*
1&
#6818000
0*
#6820000
b1001010101 A
0&
#6821500
1*
#6825000
0*
#6825500
1&
#6828500
1*
#6831000
b1001010110 A
0&
#6832000
0*
#6835500
1*
#6836500
1&
#6839000
0*
#6842000
b1001010111 A
0&
#6842500
1*
#6846000
0*
#6847500
1&
#6849500
1*
#6853000
b1001011000 A
0*
0&
#6856500
1*
#6858500
1&
#6860000
0*
#6863500
1*
#6864000
0'
0&
#6867000
0*
#6869500
1&
#6870500
1*
#6874000
0*
#6875000
b1 B
0&
#6877500
1*
#6880500
1&
#6881000
0*
#6884500
1*
#6886000
b10 B
0&
#6888000
0*
#6891500
1*
1&
#6895000
0*
#6897000
b11 B
0&
#6898500
1*
#6902000
0*
#6902500
1&
#6905500
1*
#6908000
b100 B
0&
#6909000
0*
#6912500
1*
#6913500
1&
#6916000
0*
#6919000
b101 B
0&
#6919500
1*
#6923000
0*
#6924500
1&
#6926500
1*
#6930000
b110 B
0*
0&
#6933500
1*
#6935500
1&
#6937000
0*
#6940500
1*
#6941000
b111 B
0&
#6944000
0*
#6946500
1&
#6947500
1*
#6951000
0*
#6952000
b1000 B
0&
#6954500
1*
#6957500
1&
#6958000
0*
#6961500
1*
#6963000
b1001 B
0&
#6965000
0*
#6968500
1*
1&
#6972000
0*
#6974000
b1010 B
0&
#6975500
1*
#6979000
0*
#6979500
1&
#6982500
1*
#6985000
b1011 B
0&
#6986000
0*
#6989500
1*
#6990500
1&
#6993000
0*
#6996000
b1100 B
0&
#6996500
1*
#7000000
0*
#7001500
1&
#7003500
1*
#7007000
b1101 B
0*
0&
#7010500
1*
#7012500
1&
#7014000
0*
#7017500
1*
#7018000
b1110 B
0&
#7021000
0*
#7023500
1&
#7024500
1*
#7028000
0*
#7029000
b1111 B
0&
#7031500
1*
#7034500
1&
#7035000
0*
#7038500
1*
#7040000
b10000 B
0&
#7042000
0*
#7045500
1*
1&
#7049000
0*
#7051000
b10001 B
0&
#7052500
1*
#7056000
0*
#7056500
1&
#7059500
1*
#7062000
b10010 B
0&
#7063000
0*
#7066500
1*
#7067500
1&
#7070000
0*
#7073000
b10011 B
0&
#7073500
1*
#7077000
0*
#7078500
1&
#7080500
1*
#7084000
b10100 B
0*
0&
#7087500
1*
#7089500
1&
#7091000
0*
#7094500
1*
#7095000
b10101 B
0&
#7098000
0*
#7100500
1&
#7101500
1*
#7105000
0*
#7106000
b10110 B
0&
#7108500
1*
#7111500
1&
#7112000
0*
#7115500
1*
#7117000
b10111 B
0&
#7119000
0*
#7122500
1*
1&
#7126000
0*
#7128000
b11000 B
0&
#7129500
1*
#7133000
0*
#7133500
1&
#7136500
1*
#7139000
b11001 B
0&
#7140000
0*
#7143500
1*
#7144500
1&
#7147000
0*
#7150000
b11010 B
0&
#7150500
1*
#7154000
0*
#7155500
1&
#7157500
1*
#7161000
b11011 B
0*
0&
#7164500
1*
#7166500
1&
#7168000
0*
#7171500
1*
#7172000
b11100 B
0&
#7175000
0*
#7177500
1&
#7178500
1*
#7182000
0*
#7183000
b11101 B
0&
#7185500
1*
#7188500
1&
#7189000
0*
#7192500
1*
#7194000
b11110 B
0&
#7196000
0*
#7199500
1*
1&
#7203000
0*
#7205000
b11111 B
0&
#7206500
1*
#7210000
0*
#7210500
1&
#7213500
1*
#7216000
b100000 B
0&
#7217000
0*
#7220500
1*
#7221500
1&
#7224000
0*
#7227000
b100001 B
0&
#7227500
1*
#7231000
0*
#7232500
1&
#7234500
1*
#7238000
b100010 B
0*
0&
#7241500
1*
#7243500
1&
#7245000
0*
#7248500
1*
#7249000
b100011 B
0&
#7252000
0*
#7254500
1&
#7255500
1*
#7259000
0*
#7260000
b100100 B
0&
#7262500
1*
#7265500
1&
#7266000
0*
#7269500
1*
#7271000
b100101 B
0&
#7273000
0*
#7276500
1*
1&
#7280000
0*
#7282000
b100110 B
0&
#7283500
1*
#7287000
0*
#7287500
1&
#7290500
1*
#7293000
b100111 B
0&
#7294000
0*
#7297500
1*
#7298500
1&
#7301000
0*
#7304000
b101000 B
0&
#7304500
1*
#7308000
0*
#7309500
1&
#7311500
1*
#7315000
b101001 B
0*
0&
#7318500
1*
#7320500
1&
#7322000
0*
#7325500
1*
#7326000
b101010 B
0&
#7329000
0*
#7331500
1&
#7332500
1*
#7336000
0*
#7337000
b101011 B
0&
#7339500
1*
#7342500
1&
#7343000
0*
#7346500
1*
#7348000
b101100 B
0&
#7350000
0*
#7353500
1*
1&
#7357000
0*
#7359000
b101101 B
0&
#7360500
1*
#7364000
0*
#7364500
1&
#7367500
1*
#7370000
b101110 B
0&
#7371000
0*
#7374500
1*
#7375500
1&
#7378000
0*
#7381000
b101111 B
0&
#7381500
1*
#7385000
0*
#7386500
1&
#7388500
1*
#7392000
b110000 B
0*
0&
#7395500
1*
#7397500
1&
#7399000
0*
#7402500
1*
#7403000
b110001 B
0&
#7406000
0*
#7408500
1&
#7409500
1*
#7413000
0*
#7414000
b110010 B
0&
#7416500
1*
#7419500
1&
#7420000
0*
#7423500
1*
#7425000
b110011 B
0&
#7427000
0*
#7430500
1*
1&
#7434000
0*
#7436000
b110100 B
0&
#7437500
1*
#7441000
0*
#7441500
1&
#7444500
1*
#7447000
b110101 B
0&
#7448000
0*
#7451500
1*
#7452500
1&
#7455000
0*
#7458000
b110110 B
0&
#7458500
1*
#7462000
0*
#7463500
1&
#7465500
1*
#7469000
b110111 B
0*
0&
#7472500
1*
#7474500
1&
#7476000
0*
#7479500
1*
#7480000
b111000 B
0&
#7483000
0*
#7485500
1&
#7486500
1*
#7490000
0*
#7491000
b111001 B
0&
#7493500
1*
#7496500
1&
#7497000
0*
#7500500
1*
#7502000
b111010 B
0&
#7504000
0*
#7507500
1*
1&
#7511000
0*
#7513000
b111011 B
0&
#7514500
1*
#7518000
0*
#7518500
1&
#7521500
1*
#7524000
b111100 B
0&
#7525000
0*
#7528500
1*
#7529500
1&
#7532000
0*
#7535000
b111101 B
0&
#7535500
1*
#7539000
0*
#7540500
1&
#7542500
1*
#7546000
b111110 B
0*
0&
#7549500
1*
#7551500
1&
#7553000
0*
#7556500
1*
#7557000
b111111 B
0&
#7560000
0*
#7562500
1&
#7563500
1*
#7567000
0*
#7568000
b1000000 B
0&
#7570500
1*
#7573500
1&
#7574000
0*
#7577500
1*
#7579000
b1000001 B
0&
#7581000
0*
#7584500
1*
1&
#7588000
0*
#7590000
b1000010 B
0&
#7591500
1*
#7595000
0*
#7595500
1&
#7598500
1*
#7601000
b1000011 B
0&
#7602000
0*
#7605500
1*
#7606500
1&
#7609000
0*
#7612000
b1000100 B
0&
#7612500
1*
#7616000
0*
#7617500
1&
#7619500
1*
#7623000
b1000101 B
0*
0&
#7626500
1*
#7628500
1&
#7630000
0*
#7633500
1*
#7634000
b1000110 B
0&
#7637000
0*
#7639500
1&
#7640500
1*
#7644000
0*
#7645000
b1000111 B
0&
#7647500
1*
#7650500
1&
#7651000
0*
#7654500
1*
#7656000
b1001000 B
0&
#7658000
0*
#7661500
1*
1&
#7665000
0*
#7667000
b1001001 B
0&
#7668500
1*
#7672000
0*
#7672500
1&
#7675500
1*
#7678000
b1001010 B
0&
#7679000
0*
#7682500
1*
#7683500
1&
#7686000
0*
#7689000
b1001011 B
0&
#7689500
1*
#7693000
0*
#7694500
1&
#7696500
1*
#7700000
b1001100 B
0*
0&
#7703500
1*
#7705500
1&
#7707000
0*
#7710500
1*
#7711000
b1001101 B
0&
#7714000
0*
#7716500
1&
#7717500
1*
#7721000
0*
#7722000
b1001110 B
0&
#7724500
1*
#7727500
1&
#7728000
0*
#7731500
1*
#7733000
b1001111 B
0&
#7735000
0*
#7738500
1*
1&
#7742000
0*
#7744000
b1010000 B
0&
#7745500
1*
#7749000
0*
#7749500
1&
#7752500
1*
#7755000
b1010001 B
0&
#7756000
0*
#7759500
1*
#7760500
1&
#7763000
0*
#7766000
b1010010 B
0&
#7766500
1*
#7770000
0*
#7771500
1&
#7773500
1*
#7777000
b1010011 B
0*
0&
#7780500
1*
#7782500
1&
#7784000
0*
#7787500
1*
#7788000
b1010100 B
0&
#7791000
0*
#7793500
1&
#7794500
1*
#7798000
0*
#7799000
b1010101 B
0&
#7801500
1*
#7804500
1&
#7805000
0*
#7808500
1*
#7810000
b1010110 B
0&
#7812000
0*
#7815500
1*
1&
#7819000
0*
#7821000
b1010111 B
0&
#7822500
1*
#7826000
0*
#7826500
1&
#7829500
1*
#7832000
b1011000 B
0&
#7833000
0*
#7836500
1*
#7837500
1&
#7840000
0*
#7843000
b1011001 B
0&
#7843500
1*
#7847000
0*
#7848500
1&
#7850500
1*
#7854000
b1011010 B
0*
0&
#7857500
1*
#7859500
1&
#7861000
0*
#7864500
1*
#7865000
b1011011 B
0&
#7868000
0*
#7870500
1&
#7871500
1*
#7875000
0*
#7876000
b1011100 B
0&
#7878500
1*
#7881500
1&
#7882000
0*
#7885500
1*
#7887000
b1011101 B
0&
#7889000
0*
#7892500
1*
1&
#7896000
0*
#7898000
b1011110 B
0&
#7899500
1*
#7903000
0*
#7903500
1&
#7906500
1*
#7909000
b1011111 B
0&
#7910000
0*
#7913500
1*
#7914500
1&
#7917000
0*
#7920000
b1100000 B
0&
#7920500
1*
#7924000
0*
#7925500
1&
#7927500
1*
#7931000
b1100001 B
0*
0&
#7934500
1*
#7936500
1&
#7938000
0*
#7941500
1*
#7942000
b1100010 B
0&
#7945000
0*
#7947500
1&
#7948500
1*
#7952000
0*
#7953000
b1100011 B
0&
#7955500
1*
#7958500
1&
#7959000
0*
#7962500
1*
#7964000
b1100100 B
0&
#7966000
0*
#7969500
1*
1&
#7973000
0*
#7975000
b1100101 B
0&
#7976500
1*
#7980000
0*
#7980500
1&
#7983500
1*
#7986000
b1100110 B
0&
#7987000
0*
#7990500
1*
#7991500
1&
#7994000
0*
#7997000
b1100111 B
0&
#7997500
1*
#8001000
0*
#8002500
1&
#8004500
1*
#8008000
b1101000 B
0*
0&
#8011500
1*
#8013500
1&
#8015000
0*
#8018500
1*
#8019000
b1101001 B
0&
#8022000
0*
#8024500
1&
#8025500
1*
#8029000
0*
#8030000
b1101010 B
0&
#8032500
1*
#8035500
1&
#8036000
0*
#8039500
1*
#8041000
b1101011 B
0&
#8043000
0*
#8046500
1*
1&
#8050000
0*
#8052000
b1101100 B
0&
#8053500
1*
#8057000
0*
#8057500
1&
#8060500
1*
#8063000
b1101101 B
0&
#8064000
0*
#8067500
1*
#8068500
1&
#8071000
0*
#8074000
b1101110 B
0&
#8074500
1*
#8078000
0*
#8079500
1&
#8081500
1*
#8085000
b1101111 B
0*
0&
#8088500
1*
#8090500
1&
#8092000
0*
#8095500
1*
#8096000
b1110000 B
0&
#8099000
0*
#8101500
1&
#8102500
1*
#8106000
0*
#8107000
b1110001 B
0&
#8109500
1*
#8112500
1&
#8113000
0*
#8116500
1*
#8118000
b1110010 B
0&
#8120000
0*
#8123500
1*
1&
#8127000
0*
#8129000
b1110011 B
0&
#8130500
1*
#8134000
0*
#8134500
1&
#8137500
1*
#8140000
b1110100 B
0&
#8141000
0*
#8144500
1*
#8145500
1&
#8148000
0*
#8151000
b1110101 B
0&
#8151500
1*
#8155000
0*
#8156500
1&
#8158500
1*
#8162000
b1110110 B
0*
0&
#8165500
1*
#8167500
1&
#8169000
0*
#8172500
1*
#8173000
b1110111 B
0&
#8176000
0*
#8178500
1&
#8179500
1*
#8183000
0*
#8184000
b1111000 B
0&
#8186500
1*
#8189500
1&
#8190000
0*
#8193500
1*
#8195000
b1111001 B
0&
#8197000
0*
#8200500
1*
1&
#8204000
0*
#8206000
b1111010 B
0&
#8207500
1*
#8211000
0*
#8211500
1&
#8214500
1*
#8217000
b1111011 B
0&
#8218000
0*
#8221500
1*
#8222500
1&
#8225000
0*
#8228000
b1111100 B
0&
#8228500
1*
#8232000
0*
#8233500
1&
#8235500
1*
#8239000
b1111101 B
0*
0&
#8242500
1*
#8244500
1&
#8246000
0*
#8249500
1*
#8250000
b1111110 B
0&
#8253000
0*
#8255500
1&
#8256500
1*
#8260000
0*
#8261000
b1111111 B
0&
#8263500
1*
#8266500
1&
#8267000
0*
#8270500
1*
#8272000
b10000000 B
0&
#8274000
0*
#8277500
1*
1&
#8281000
0*
#8283000
b10000001 B
0&
#8284500
1*
#8288000
0*
#8288500
1&
#8291500
1*
#8294000
b10000010 B
0&
#8295000
0*
#8298500
1*
#8299500
1&
#8302000
0*
#8305000
b10000011 B
0&
#8305500
1*
#8309000
0*
#8310500
1&
#8312500
1*
#8316000
b10000100 B
0*
0&
#8319500
1*
#8321500
1&
#8323000
0*
#8326500
1*
#8327000
b10000101 B
0&
#8330000
0*
#8332500
1&
#8333500
1*
#8337000
0*
#8338000
b10000110 B
0&
#8340500
1*
#8343500
1&
#8344000
0*
#8347500
1*
#8349000
b10000111 B
0&
#8351000
0*
#8354500
1*
1&
#8358000
0*
#8360000
b10001000 B
0&
#8361500
1*
#8365000
0*
#8365500
1&
#8368500
1*
#8371000
b10001001 B
0&
#8372000
0*
#8375500
1*
#8376500
1&
#8379000
0*
#8382000
b10001010 B
0&
#8382500
1*
#8386000
0*
#8387500
1&
#8389500
1*
#8393000
b10001011 B
0*
0&
#8396500
1*
#8398500
1&
#8400000
0*
#8403500
1*
#8404000
b10001100 B
0&
#8407000
0*
#8409500
1&
#8410500
1*
#8414000
0*
#8415000
b10001101 B
0&
#8417500
1*
#8420500
1&
#8421000
0*
#8424500
1*
#8426000
b10001110 B
0&
#8428000
0*
#8431500
1*
1&
#8435000
0*
#8437000
b10001111 B
0&
#8438500
1*
#8442000
0*
#8442500
1&
#8445500
1*
#8448000
b10010000 B
0&
#8449000
0*
#8452500
1*
#8453500
1&
#8456000
0*
#8459000
b10010001 B
0&
#8459500
1*
#8463000
0*
#8464500
1&
#8466500
1*
#8470000
b10010010 B
0*
0&
#8473500
1*
#8475500
1&
#8477000
0*
#8480500
1*
#8481000
b10010011 B
0&
#8484000
0*
#8486500
1&
#8487500
1*
#8491000
0*
#8492000
b10010100 B
0&
#8494500
1*
#8497500
1&
#8498000
0*
#8501500
1*
#8503000
b10010101 B
0&
#8505000
0*
#8508500
1*
1&
#8512000
0*
#8514000
b10010110 B
0&
#8515500
1*
#8519000
0*
#8519500
1&
#8522500
1*
#8525000
b10010111 B
0&
#8526000
0*
#8529500
1*
#8530500
1&
#8533000
0*
#8536000
b10011000 B
0&
#8536500
1*
#8540000
0*
#8541500
1&
#8543500
1*
#8547000
b10011001 B
0*
0&
#8550500
1*
#8552500
1&
#8554000
0*
#8557500
1*
#8558000
b10011010 B
0&
#8561000
0*
#8563500
1&
#8564500
1*
#8568000
0*
#8569000
b10011011 B
0&
#8571500
1*
#8574500
1&
#8575000
0*
#8578500
1*
#8580000
b10011100 B
0&
#8582000
0*
#8585500
1*
1&
#8589000
0*
#8591000
b10011101 B
0&
#8592500
1*
#8596000
0*
#8596500
1&
#8599500
1*
#8602000
b10011110 B
0&
#8603000
0*
#8606500
1*
#8607500
1&
#8610000
0*
#8613000
b10011111 B
0&
#8613500
1*
#8617000
0*
#8618500
1&
#8620500
1*
#8624000
b10100000 B
0*
0&
#8627500
1*
#8629500
1&
#8631000
0*
#8634500
1*
#8635000
b10100001 B
0&
#8638000
0*
#8640500
1&
#8641500
1*
#8645000
0*
#8646000
b10100010 B
0&
#8648500
1*
#8651500
1&
#8652000
0*
#8655500
1*
#8657000
b10100011 B
0&
#8659000
0*
#8662500
1*
1&
#8666000
0*
#8668000
b10100100 B
0&
#8669500
1*
#8673000
0*
#8673500
1&
#8676500
1*
#8679000
b10100101 B
0&
#8680000
0*
#8683500
1*
#8684500
1&
#8687000
0*
#8690000
b10100110 B
0&
#8690500
1*
#8694000
0*
#8695500
1&
#8697500
1*
#8701000
b10100111 B
0*
0&
#8704500
1*
#8706500
1&
#8708000
0*
#8711500
1*
#8712000
b10101000 B
0&
#8715000
0*
#8717500
1&
#8718500
1*
#8722000
0*
#8723000
b10101001 B
0&
#8725500
1*
#8728500
1&
#8729000
0*
#8732500
1*
#8734000
b10101010 B
0&
#8736000
0*
#8739500
1*
1&
#8743000
0*
#8745000
b10101011 B
0&
#8746500
1*
#8750000
0*
#8750500
1&
#8753500
1*
#8756000
b10101100 B
0&
#8757000
0*
#8760500
1*
#8761500
1&
#8764000
0*
#8767000
b10101101 B
0&
#8767500
1*
#8771000
0*
#8772500
1&
#8774500
1*
#8778000
b10101110 B
0*
0&
#8781500
1*
#8783500
1&
#8785000
0*
#8788500
1*
#8789000
b10101111 B
0&
#8792000
0*
#8794500
1&
#8795500
1*
#8799000
0*
#8800000
b10110000 B
0&
#8802500
1*
#8805500
1&
#8806000
0*
#8809500
1*
#8811000
b10110001 B
0&
#8813000
0*
#8816500
1*
1&
#8820000
0*
#8822000
b10110010 B
0&
#8823500
1*
#8827000
0*
#8827500
1&
#8830500
1*
#8833000
b10110011 B
0&
#8834000
0*
#8837500
1*
#8838500
1&
#8841000
0*
#8844000
b10110100 B
0&
#8844500
1*
#8848000
0*
#8849500
1&
#8851500
1*
#8855000
b10110101 B
0*
0&
#8858500
1*
#8860500
1&
#8862000
0*
#8865500
1*
#8866000
b10110110 B
0&
#8869000
0*
#8871500
1&
#8872500
1*
#8876000
0*
#8877000
b10110111 B
0&
#8879500
1*
#8882500
1&
#8883000
0*
#8886500
1*
#8888000
b10111000 B
0&
#8890000
0*
#8893500
1*
1&
#8897000
0*
#8899000
b10111001 B
0&
#8900500
1*
#8904000
0*
#8904500
1&
#8907500
1*
#8910000
b10111010 B
0&
#8911000
0*
#8914500
1*
#8915500
1&
#8918000
0*
#8921000
b10111011 B
0&
#8921500
1*
#8925000
0*
#8926500
1&
#8928500
1*
#8932000
b10111100 B
0*
0&
#8935500
1*
#8937500
1&
#8939000
0*
#8942500
1*
#8943000
b10111101 B
0&
#8946000
0*
#8948500
1&
#8949500
1*
#8953000
0*
#8954000
b10111110 B
0&
#8956500
1*
#8959500
1&
#8960000
0*
#8963500
1*
#8965000
b10111111 B
0&
#8967000
0*
#8970500
1*
1&
#8974000
0*
#8976000
b11000000 B
0&
#8977500
1*
#8981000
0*
#8981500
1&
#8984500
1*
#8987000
b11000001 B
0&
#8988000
0*
#8991500
1*
#8992500
1&
#8995000
0*
#8998000
b11000010 B
0&
#8998500
1*
#9002000
0*
#9003500
1&
#9005500
1*
#9009000
b11000011 B
0*
0&
#9012500
1*
#9014500
1&
#9016000
0*
#9019500
1*
#9020000
b11000100 B
0&
#9023000
0*
#9025500
1&
#9026500
1*
#9030000
0*
#9031000
b11000101 B
0&
#9033500
1*
#9036500
1&
#9037000
0*
#9040500
1*
#9042000
b11000110 B
0&
#9044000
0*
#9047500
1*
1&
#9051000
0*
#9053000
b11000111 B
0&
#9054500
1*
#9058000
0*
#9058500
1&
#9061500
1*
#9064000
b11001000 B
0&
#9065000
0*
#9068500
1*
#9069500
1&
#9072000
0*
#9075000
b11001001 B
0&
#9075500
1*
#9079000
0*
#9080500
1&
#9082500
1*
#9086000
b11001010 B
0*
0&
#9089500
1*
#9091500
1&
#9093000
0*
#9096500
1*
#9097000
b11001011 B
0&
#9100000
0*
#9102500
1&
#9103500
1*
#9107000
0*
#9108000
b11001100 B
0&
#9110500
1*
#9113500
1&
#9114000
0*
#9117500
1*
#9119000
b11001101 B
0&
#9121000
0*
#9124500
1*
1&
#9128000
0*
#9130000
b11001110 B
0&
#9131500
1*
#9135000
0*
#9135500
1&
#9138500
1*
#9141000
b11001111 B
0&
#9142000
0*
#9145500
1*
#9146500
1&
#9149000
0*
#9152000
b11010000 B
0&
#9152500
1*
#9156000
0*
#9157500
1&
#9159500
1*
#9163000
b11010001 B
0*
0&
#9166500
1*
#9168500
1&
#9170000
0*
#9173500
1*
#9174000
b11010010 B
0&
#9177000
0*
#9179500
1&
#9180500
1*
#9184000
0*
#9185000
b11010011 B
0&
#9187500
1*
#9190500
1&
#9191000
0*
#9194500
1*
#9196000
b11010100 B
0&
#9198000
0*
#9201500
1*
1&
#9205000
0*
#9207000
b11010101 B
0&
#9208500
1*
#9212000
0*
#9212500
1&
#9215500
1*
#9218000
b11010110 B
0&
#9219000
0*
#9222500
1*
#9223500
1&
#9226000
0*
#9229000
b11010111 B
0&
#9229500
1*
#9233000
0*
#9234500
1&
#9236500
1*
#9240000
b11011000 B
0*
0&
#9243500
1*
#9245500
1&
#9247000
0*
#9250500
1*
#9251000
b11011001 B
0&
#9254000
0*
#9256500
1&
#9257500
1*
#9261000
0*
#9262000
b11011010 B
0&
#9264500
1*
#9267500
1&
#9268000
0*
#9271500
1*
#9273000
b11011011 B
0&
#9275000
0*
#9278500
1*
1&
#9282000
0*
#9284000
b11011100 B
0&
#9285500
1*
#9289000
0*
#9289500
1&
#9292500
1*
#9295000
b11011101 B
0&
#9296000
0*
#9299500
1*
#9300500
1&
#9303000
0*
#9306000
b11011110 B
0&
#9306500
1*
#9310000
0*
#9311500
1&
#9313500
1*
#9317000
b11011111 B
0*
0&
#9320500
1*
#9322500
1&
#9324000
0*
#9327500
1*
#9328000
b11100000 B
0&
#9331000
0*
#9333500
1&
#9334500
1*
#9338000
0*
#9339000
b11100001 B
0&
#9341500
1*
#9344500
1&
#9345000
0*
#9348500
1*
#9350000
b11100010 B
0&
#9352000
0*
#9355500
1*
1&
#9359000
0*
#9361000
b11100011 B
0&
#9362500
1*
#9366000
0*
#9366500
1&
#9369500
1*
#9372000
b11100100 B
0&
#9373000
0*
#9376500
1*
#9377500
1&
#9380000
0*
#9383000
b11100101 B
0&
#9383500
1*
#9387000
0*
#9388500
1&
#9390500
1*
#9394000
b11100110 B
0*
0&
#9397500
1*
#9399500
1&
#9401000
0*
#9404500
1*
#9405000
b11100111 B
0&
#9408000
0*
#9410500
1&
#9411500
1*
#9415000
0*
#9416000
b11101000 B
0&
#9418500
1*
#9421500
1&
#9422000
0*
#9425500
1*
#9427000
b11101001 B
0&
#9429000
0*
#9432500
1*
1&
#9436000
0*
#9438000
b11101010 B
0&
#9439500
1*
#9443000
0*
#9443500
1&
#9446500
1*
#9449000
b11101011 B
0&
#9450000
0*
#9453500
1*
#9454500
1&
#9457000
0*
#9460000
b11101100 B
0&
#9460500
1*
#9464000
0*
#9465500
1&
#9467500
1*
#9471000
b11101101 B
0*
0&
#9474500
1*
#9476500
1&
#9478000
0*
#9481500
1*
#9482000
b11101110 B
0&
#9485000
0*
#9487500
1&
#9488500
1*
#9492000
0*
#9493000
b11101111 B
0&
#9495500
1*
#9498500
1&
#9499000
0*
#9502500
1*
#9504000
b11110000 B
0&
#9506000
0*
#9509500
1*
1&
#9513000
0*
#9515000
b11110001 B
0&
#9516500
1*
#9520000
0*
#9520500
1&
#9523500
1*
#9526000
b11110010 B
0&
#9527000
0*
#9530500
1*
#9531500
1&
#9534000
0*
#9537000
b11110011 B
0&
#9537500
1*
#9541000
0*
#9542500
1&
#9544500
1*
#9548000
b11110100 B
0*
0&
#9551500
1*
#9553500
1&
#9555000
0*
#9558500
1*
#9559000
b11110101 B
0&
#9562000
0*
#9564500
1&
#9565500
1*
#9569000
0*
#9570000
b11110110 B
0&
#9572500
1*
#9575500
1&
#9576000
0*
#9579500
1*
#9581000
b11110111 B
0&
#9583000
0*
#9586500
1*
1&
#9590000
0*
#9592000
b11111000 B
0&
#9593500
1*
#9597000
0*
#9597500
1&
#9600500
1*
#9603000
b11111001 B
0&
#9604000
0*
#9607500
1*
#9608500
1&
#9611000
0*
#9614000
b11111010 B
0&
#9614500
1*
#9618000
0*
#9619500
1&
#9621500
1*
#9625000
b11111011 B
0*
0&
#9628500
1*
#9630500
1&
#9632000
0*
#9635500
1*
#9636000
b11111100 B
0&
#9639000
0*
#9641500
1&
#9642500
1*
#9646000
0*
#9647000
b11111101 B
0&
#9649500
1*
#9652500
1&
#9653000
0*
#9656500
1*
#9658000
b11111110 B
0&
#9660000
0*
#9663500
1*
1&
#9667000
0*
#9669000
b11111111 B
0&
#9670500
1*
#9674000
0*
#9674500
1&
#9677500
1*
#9680000
b100000000 B
0&
#9681000
0*
#9684500
1*
#9685500
1&
#9688000
0*
#9691000
b100000001 B
0&
#9691500
1*
#9695000
0*
#9696500
1&
#9698500
1*
#9702000
b100000010 B
0*
0&
#9705500
1*
#9707500
1&
#9709000
0*
#9712500
1*
#9713000
b100000011 B
0&
#9716000
0*
#9718500
1&
#9719500
1*
#9723000
0*
#9724000
b100000100 B
0&
#9726500
1*
#9729500
1&
#9730000
0*
#9733500
1*
#9735000
b100000101 B
0&
#9737000
0*
#9740500
1*
1&
#9744000
0*
#9746000
b100000110 B
0&
#9747500
1*
#9751000
0*
#9751500
1&
#9754500
1*
#9757000
b100000111 B
0&
#9758000
0*
#9761500
1*
#9762500
1&
#9765000
0*
#9768000
b100001000 B
0&
#9768500
1*
#9772000
0*
#9773500
1&
#9775500
1*
#9779000
b100001001 B
0*
0&
#9782500
1*
#9784500
1&
#9786000
0*
#9789500
1*
#9790000
b100001010 B
0&
#9793000
0*
#9795500
1&
#9796500
1*
#9800000
0*
#9801000
b100001011 B
0&
#9803500
1*
#9806500
1&
#9807000
0*
#9810500
1*
#9812000
b100001100 B
0&
#9814000
0*
#9817500
1*
1&
#9821000
0*
#9823000
b100001101 B
0&
#9824500
1*
#9828000
0*
#9828500
1&
#9831500
1*
#9834000
b100001110 B
0&
#9835000
0*
#9838500
1*
#9839500
1&
#9842000
0*
#9845000
b100001111 B
0&
#9845500
1*
#9849000
0*
#9850500
1&
#9852500
1*
#9856000
b100010000 B
0*
0&
#9859500
1*
#9861500
1&
#9863000
0*
#9866500
1*
#9867000
b100010001 B
0&
#9870000
0*
#9872500
1&
#9873500
1*
#9877000
0*
#9878000
b100010010 B
0&
#9880500
1*
#9883500
1&
#9884000
0*
#9887500
1*
#9889000
b100010011 B
0&
#9891000
0*
#9894500
1*
1&
#9898000
0*
#9900000
b100010100 B
0&
#9901500
1*
#9905000
0*
#9905500
1&
#9908500
1*
#9911000
b100010101 B
0&
#9912000
0*
#9915500
1*
#9916500
1&
#9919000
0*
#9922000
b100010110 B
0&
#9922500
1*
#9926000
0*
#9927500
1&
#9929500
1*
#9933000
b100010111 B
0*
0&
#9936500
1*
#9938500
1&
#9940000
0*
#9943500
1*
#9944000
b100011000 B
0&
#9947000
0*
#9949500
1&
#9950500
1*
#9954000
0*
#9955000
b100011001 B
0&
#9957500
1*
#9960500
1&
#9961000
0*
#9964500
1*
#9966000
b100011010 B
0&
#9968000
0*
#9971500
1*
1&
#9975000
0*
#9977000
b100011011 B
0&
#9978500
1*
#9982000
0*
#9982500
1&
#9985500
1*
#9988000
b100011100 B
0&
#9989000
0*
#9992500
1*
#9993500
1&
#9996000
0*
#9999000
b100011101 B
0&
#9999500
1*
#10003000
0*
#10004500
1&
#10006500
1*
#10010000
b100011110 B
0*
0&
#10013500
1*
#10015500
1&
#10017000
0*
#10020500
1*
#10021000
b100011111 B
0&
#10024000
0*
#10026500
1&
#10027500
1*
#10031000
0*
#10032000
b100100000 B
0&
#10034500
1*
#10037500
1&
#10038000
0*
#10041500
1*
#10043000
b100100001 B
0&
#10045000
0*
#10048500
1*
1&
#10052000
0*
#10054000
b100100010 B
0&
#10055500
1*
#10059000
0*
#10059500
1&
#10062500
1*
#10065000
b100100011 B
0&
#10066000
0*
#10069500
1*
#10070500
1&
#10073000
0*
#10076000
b100100100 B
0&
#10076500
1*
#10080000
0*
#10081500
1&
#10083500
1*
#10087000
b100100101 B
0*
0&
#10090500
1*
#10092500
1&
#10094000
0*
#10097500
1*
#10098000
b100100110 B
0&
#10101000
0*
#10103500
1&
#10104500
1*
#10108000
0*
#10109000
b100100111 B
0&
#10111500
1*
#10114500
1&
#10115000
0*
#10118500
1*
#10120000
b100101000 B
0&
#10122000
0*
#10125500
1*
1&
#10129000
0*
#10131000
b100101001 B
0&
#10132500
1*
#10136000
0*
#10136500
1&
#10139500
1*
#10142000
b100101010 B
0&
#10143000
0*
#10146500
1*
#10147500
1&
#10150000
0*
#10153000
b100101011 B
0&
#10153500
1*
#10157000
0*
#10158500
1&
#10160500
1*
#10164000
b100101100 B
0*
0&
#10167500
1*
#10169500
1&
#10171000
0*
#10174500
1*
#10175000
0&
#10178000
0*
#10180500
1&
#10181500
1*
#10185000
0*
#10186000
0&
#10188500
1*
#10191500
1&
#10192000
0*
#10195500
1*
#10197000
0&
#10199000
0*
#10202500
1*
1&
#10206000
0*
#10208000
0&
#10209500
1*
#10213000
0*
#10213500
1&
#10216500
1*
#10219000
0&
#10220000
0*
#10223500
1*
#10224500
1&
#10227000
0*
#10230000
0&
#10230500
1*
#10234000
0*
#10235500
1&
#10237500
1*
#10241000
0*
0&
#10244500
1*
#10246500
1&
#10248000
0*
#10251500
1*
#10252000
0&
#10255000
0*
#10257500
1&
#10258500
1*
#10262000
0*
#10263000
0&
#10265500
1*
#10268500
1&
#10269000
0*
#10272500
1*
#10274000
0&
#10276000
0*
#10279500
1*
1&
#10283000
0*
#10285000
0&
#10286500
1*
#10290000
0*
#10290500
1&
#10293500
1*
#10296000
0&
#10297000
0*
#10300500
1*
#10301500
1&
#10304000
0*
#10307000
0&
#10307500
1*
#10311000
0*
#10312500
1&
#10314500
1*
#10318000
0*
0&
#10321500
1*
#10323500
1&
#10324500
